duration_s,n_turns_total,n_turns_caller,n_turns_agent,ratio_caller_agent_turns,caller_dur_mean,caller_dur_std,caller_dur_min,caller_dur_max,caller_dur_median,caller_dur_cv,agent_dur_mean,agent_dur_std,agent_dur_min,agent_dur_max,agent_dur_median,caller_total_speech_s,agent_total_speech_s,caller_speech_ratio,agent_speech_ratio,caller_latency_mean,caller_latency_std,caller_latency_min,caller_latency_max,caller_latency_median,n_caller_responses,agent_latency_mean,agent_latency_std,n_overlaps,overlap_total_s,overlap_mean,n_silences,silence_total_s,silence_mean,silence_std,silence_ratio,caller_consecutive_segments,agent_consecutive_segments,caller_turns_per_min,first_speaker,last_speaker,time_to_first_caller_s,wavlm,xlsr,anon_id,y,split
170.22,66,33,33,1.0,1.1227272727272732,1.3543893290134312,0.09000000000000341,6.75,0.5999999999999943,1.2063386736152013,1.991818181818182,1.4320078878655271,0.12000000000000455,4.97999999999999,1.89,37.05000000000002,65.73,0.21765949947127258,0.38614733873810364,3.353333333333332,0.573301840220316,2.6400000000000006,4.5,3.4199999999999875,9,1.9600000000000029,0.7823042886243222,0,0.0,0.0,65,66.17999999999996,1.0181538461538457,1.1448975012906353,0.3887909763835035,24,23,11.63200563976031,1,1,10.5,0.1872468560934067,0.6679280895429353,call_0181ce113ebe,1,train
128.22,66,28,38,0.7368421052631579,1.2621428571428575,0.7877363590875898,0.29999999999999716,3.1499999999999986,1.1399999999999988,0.6241261475510047,1.298684210526316,1.0312631222493716,0.029999999999986926,3.6599999999999966,0.9749999999999943,35.34000000000001,49.350000000000016,0.2756200280767432,0.38488535329901746,1.0860000000000003,1.5480826851302236,-0.7800000000000011,4.080000000000005,0.6300000000000026,10,0.9390000000000001,1.2118622033878261,6,3.3299999999999983,0.5549999999999997,59,45.56999999999998,0.7723728813559319,0.8569640458056711,0.35540477304632645,18,27,13.102480112306973,1,1,10.56,0.23582514896988868,0.9973950982093811,call_018c9d3823ac,1,train
215.9,86,33,53,0.6226415094339622,1.9172727272727268,1.7407492509104956,0.18000000000000682,6.870000000000001,1.3800000000000026,0.9079299080140093,1.4467924528301888,1.1281209250255064,0.18000000000000682,4.109999999999999,1.0200000000000102,63.26999999999998,76.68,0.2930523390458545,0.3551644279759148,3.722999999999998,1.9873827009411162,-0.8100000000000023,6.719999999999999,4.095000000000006,10,1.600000000000001,0.5230678732248893,1,0.8100000000000023,0.8100000000000023,84,75.63000000000001,0.900357142857143,1.2963725539454563,0.350301065308013,23,43,9.170912459471976,1,0,11.61,0.2642778245615773,0.9868125319480896,call_01bf49059daf,1,train
149.12,62,18,44,0.4090909090909091,1.1783333333333323,1.1509906219273487,0.21000000000000085,4.41,0.7049999999999947,0.9767954358647947,1.4979545454545458,1.2643346987423771,0.14999999999999858,5.040000000000006,1.0499999999999972,21.209999999999983,65.91000000000001,0.14223444206008573,0.441993025751073,2.98,0.577451296647604,2.5799999999999983,4.439999999999998,2.729999999999997,9,2.186666666666664,1.2932613811600489,0,0.0,0.0,61,60.779999999999994,0.9963934426229506,1.1801116229505364,0.4075912017167381,9,34,7.242489270386265,1,1,11.16,0.08290961529128253,0.7112202743689219,call_01c3806808d6,1,train
108.78,46,18,28,0.6428571428571429,0.8566666666666649,0.8336242629414675,0.12000000000000455,2.790000000000001,0.4499999999999922,0.973102252460859,1.8610714285714292,1.0859552520816926,0.269999999999996,4.199999999999999,1.724999999999997,15.419999999999968,52.110000000000014,0.14175399889685575,0.4790402647545506,0.7569230769230787,1.598522154029489,-1.1400000000000006,2.730000000000004,0.6599999999999966,13,1.4515384615384634,0.7084001476783941,6,5.309999999999983,0.8849999999999971,39,45.09000000000001,1.1561538461538463,0.8458680231280821,0.41450634307777173,5,14,9.928295642581357,1,1,5.55,0.4748529698699713,0.9971469243367513,call_0294f969f98b,1,val
145.94,69,17,52,0.3269230769230769,1.4982352941176487,1.3785102252709147,0.17999999999999972,5.100000000000001,1.1700000000000017,0.9200892748176492,1.1982692307692298,1.176556492904391,0.030000000000001137,5.280000000000015,0.5850000000000009,25.470000000000027,62.309999999999945,0.1745237768946144,0.4269562834041383,1.9950000000000006,1.2270837849896863,-0.29999999999999716,3.2399999999999993,2.5050000000000026,14,0.6576923076923061,1.2088090133553906,6,3.690000000000005,0.6150000000000008,61,60.600000000000044,0.9934426229508203,1.0150482504884542,0.41523913937234513,3,38,6.989173632999863,1,0,10.77,0.02652841322124004,0.668483970221132,call_02c249d2f89d,1,train
146.66,51,22,29,0.7586206896551724,1.45909090909091,1.2386125459404327,0.060000000000002274,4.260000000000005,1.1550000000000011,0.8488933336663396,2.018275862068965,1.4917895987358802,0.09000000000000341,5.52000000000001,1.710000000000008,32.10000000000002,58.52999999999999,0.21887358516296213,0.3990863221055502,3.093333333333335,1.2947393560095415,0.17999999999999972,5.010000000000001,3.1799999999999997,9,1.3462500000000017,0.9173243311781439,1,0.29999999999999716,0.29999999999999716,49,55.10999999999999,1.1246938775510205,1.266562115269811,0.37576708032183276,13,20,9.000409109504977,1,0,12.57,0.5536194100044668,0.6802254257102808,call_02d28871d7b3,1,train
173.84,93,58,35,1.6571428571428573,0.9527586206896548,1.2632828205012143,0.060000000000002274,6.5699999999999985,0.375,1.3259211652021436,1.660285714285711,1.1152564614428007,0.11999999999999034,3.8100000000000023,1.4699999999999989,55.25999999999998,58.109999999999886,0.31787850897376885,0.33427289461573795,2.0127272727272714,1.9461402360009474,-2.7900000000000063,5.759999999999998,2.1899999999999977,11,1.1370000000000018,1.7018489944762991,3,6.749999999999993,2.249999999999998,89,66.06000000000012,0.7422471910112373,0.8755254952014249,0.38000460193281244,47,24,20.018407731247123,1,0,9.27,0.27012971602380276,0.6528019932253907,call_03680846967f,1,train
185.46,61,10,51,0.19607843137254902,3.0870000000000024,2.014569432906196,0.12000000000000455,5.490000000000002,3.764999999999997,0.6525978078737268,2.176470588235294,1.2601901817256176,0.30000000000001137,6.8700000000000045,2.1299999999999955,30.870000000000026,111.0,0.16645098673568437,0.5985118084762212,1.070999999999999,0.5824173761144152,-0.45000000000000284,1.6799999999999997,1.1399999999999988,10,1.3529999999999964,0.5137022483890824,1,0.45000000000000284,0.45000000000000284,59,42.35999999999997,0.7179661016949148,0.5926061076559122,0.22840504691038482,0,40,3.2351989647363313,1,1,9.45,0.02846387103199959,0.2970665841111213,call_04d682ac0cef,0,train
168.76,65,32,33,0.9696969696969697,1.8815624999999967,1.0546826747201454,0.480000000000004,4.859999999999999,1.8449999999999989,0.560535552085114,1.644545454545454,1.2853576615797702,0.060000000000002274,4.920000000000002,1.5300000000000011,60.20999999999989,54.26999999999998,0.3567788575491816,0.321580943351505,2.7433333333333367,0.8646964785403007,1.1700000000000017,4.259999999999991,2.490000000000002,9,0.9149999999999991,1.6248340574611695,2,3.3600000000000136,1.6800000000000068,62,56.430000000000135,0.9101612903225829,0.9458788816782332,0.334380184877934,23,24,11.37710357904717,1,0,10.53,0.34343257620930673,0.9953088363011678,call_05d6615469e1,1,train
146.14,88,45,43,1.0465116279069768,0.565999999999999,0.7600669826941701,0.030000000000001137,3.240000000000002,0.23999999999999488,1.3428745277282181,1.8669767441860459,1.2936300620894399,0.17999999999999972,4.890000000000001,1.6200000000000045,25.469999999999953,80.27999999999999,0.1742849322567398,0.5493362529081702,-0.4421052631578948,1.6332128491186677,-4.019999999999996,1.8900000000000006,-0.21000000000000085,19,1.493684210526317,0.9085471340204867,12,16.710000000000004,1.3925000000000003,75,55.800000000000054,0.7440000000000008,0.7604515017320209,0.3818256466402084,26,23,18.475434514848775,1,1,0.87,0.0,8.516096204402857e-05,call_0615c3630150,0,train
140.38,57,16,41,0.3902439024390244,1.4812499999999997,1.1535965499254948,0.17999999999999972,3.8999999999999986,1.2150000000000016,0.7787993585994902,1.6624390243902458,1.2797378256654863,0.15000000000000568,6.0,1.259999999999991,23.699999999999996,68.16000000000008,0.16882746830032766,0.48553925060549996,1.7969999999999977,2.017694228568839,-0.9900000000000091,4.439999999999998,2.3550000000000004,10,1.7130000000000005,0.4729587719875814,3,2.910000000000011,0.9700000000000036,53,50.18999999999993,0.9469811320754703,1.0214329770279758,0.35752956261575675,6,30,6.838580994443653,1,1,11.01,0.722124507650733,0.6914570132891337,call_064d8dd77899,1,train
133.1,54,23,31,0.7419354838709677,2.050434782608696,1.9178171262256132,0.09000000000000341,6.390000000000001,1.2600000000000193,0.9353221777605829,1.683870967741934,1.2413317510355693,0.09000000000000341,5.1299999999999955,1.3800000000000026,47.16000000000001,52.19999999999995,0.3543200601051842,0.39218632607062326,0.4124999999999985,1.4111963010155593,-1.3499999999999943,2.309999999999988,0.0449999999999946,12,1.3400000000000023,0.9908949123255827,8,5.73,0.71625,45,38.22000000000004,0.8493333333333343,0.7458107242213906,0.2871525169045833,11,18,10.368144252441773,1,1,9.3,0.24331097826361656,0.673845541353027,call_06b5a78ea12e,1,train
115.4,45,16,29,0.5517241379310345,1.507499999999999,1.2232988187683342,0.11999999999999744,4.710000000000001,1.1549999999999994,0.8114751699955788,1.6686206896551716,1.4688278225897673,0.02999999999999936,6.8700000000000045,1.4100000000000037,24.119999999999983,48.38999999999998,0.20901213171577107,0.41932409012131694,2.4100000000000015,0.5920726306797168,1.769999999999996,3.4800000000000004,2.1300000000000097,9,1.218750000000001,1.5392524855545027,1,2.4000000000000004,2.4000000000000004,43,44.07000000000004,1.0248837209302335,0.9371826373130603,0.38188908145580625,7,20,8.31889081455806,1,0,11.58,0.2667461737990379,0.7729558944702148,call_0847d7417bb1,1,val
134.76,81,32,49,0.6530612244897959,0.6440625000000002,0.9327892939648719,0.030000000000000027,4.5600000000000005,0.240000000000002,1.4482900245936872,1.6108163265306135,1.2662672123454923,0.240000000000002,4.980000000000004,1.1399999999999935,20.610000000000003,78.93000000000005,0.15293855743544083,0.5857079252003566,-0.1457142857142859,0.9583713864080635,-2.16,1.8299999999999983,-0.240000000000002,21,0.8757142857142851,0.8341197241917457,17,9.809999999999997,0.5770588235294116,62,43.769999999999946,0.7059677419354832,0.642526926596368,0.32479964381121956,11,27,14.247551202137133,1,1,0.99,0.0,0.0023165189743584356,call_092aef8d1243,0,train
147.9,54,17,37,0.4594594594594595,1.865294117647059,1.5325433013746244,0.21000000000000085,5.340000000000002,1.170000000000016,0.8216094646284646,1.6045945945945956,1.316408402085417,0.060000000000002274,4.800000000000004,1.1400000000000006,31.710000000000004,59.37000000000004,0.21440162271805277,0.4014198782961463,3.5933333333333315,0.7419737192111326,2.6399999999999864,4.71,3.3900000000000006,9,1.1362500000000009,0.9016324480787986,2,0.539999999999992,0.269999999999996,51,56.03999999999995,1.0988235294117636,1.279280496308489,0.37890466531440126,8,28,6.896551724137931,1,0,12.27,0.3049240276217461,0.998833417892456,call_098d8081babe,1,train
101.4,47,16,31,0.5161290322580645,1.5862499999999997,1.155519363749479,0.15000000000000568,3.7200000000000006,1.4700000000000024,0.7284598037821776,1.1409677419354827,1.0181301646931324,0.1799999999999926,3.8100000000000023,0.8700000000000001,25.379999999999995,35.36999999999996,0.2502958579881656,0.3488165680473369,2.137500000000002,1.0787790717817427,-0.44999999999998863,3.0600000000000005,2.4449999999999985,8,1.2112500000000028,0.953541331788281,2,0.539999999999992,0.269999999999996,44,39.87000000000003,0.9061363636363644,0.8711318910877908,0.39319526627218965,8,22,9.467455621301774,1,1,11.16,0.42792277559638026,0.624375540491504,call_099dffdf8486,1,train
117.38,43,10,33,0.30303030303030304,1.7009999999999987,1.4496930709636433,0.11999999999999744,5.009999999999998,1.3350000000000009,0.852259300978039,1.9963636363636366,1.3101426882734444,0.240000000000002,5.790000000000006,1.7099999999999937,17.009999999999987,65.88000000000001,0.14491395467711696,0.5612540466859772,1.1699999999999993,0.9207605551933669,-0.8699999999999974,1.919999999999999,1.4099999999999966,7,1.4914285714285749,0.2647910227222322,1,0.8699999999999974,0.8699999999999974,41,34.08,0.8312195121951219,0.7044011467975876,0.2903390696881922,3,25,5.1116033395808484,1,1,9.36,0.03548534605652094,3.504069892793874e-05,call_0a9c546208d1,0,train
128.52,57,20,37,0.5405405405405406,1.0694999999999975,0.8203303249943054,0.030000000000000027,3.389999999999999,0.9300000000000033,0.7670222767595206,1.6929729729729734,1.4151597178506123,0.23999999999999488,5.219999999999999,1.1099999999999994,21.38999999999995,62.640000000000015,0.16643323996265133,0.4873949579831934,0.9625000000000031,1.0515540447789227,-1.3800000000000001,2.009999999999998,1.4550000000000125,12,1.5225000000000002,0.9366295959449522,4,2.0700000000000047,0.5175000000000012,52,45.33000000000005,0.87173076923077,0.8075980391012486,0.35270774976657365,8,24,9.337068160597571,1,1,1.05,0.047467002831399444,0.00022908368070299426,call_0ab7d2a0c0f5,0,train
159.0,61,21,40,0.525,2.281428571428572,1.4452552913388201,1.0200000000000102,5.219999999999999,1.5300000000000011,0.6334869780445672,1.4722499999999998,1.2061646940740598,0.12000000000000455,4.470000000000013,0.975000000000005,47.91000000000001,58.88999999999999,0.3013207547169812,0.370377358490566,3.133333333333335,0.9478660242882432,2.1300000000000026,4.77,2.6700000000000017,9,0.412500000000001,2.435773564423192,3,5.850000000000005,1.9500000000000017,57,56.910000000000004,0.9984210526315791,1.1173418543797928,0.3579245283018868,12,31,7.9245283018867925,1,0,11.64,0.12669032737612723,0.6672198890397946,call_0cf2f4a71328,1,val
209.34,131,70,61,1.1475409836065573,0.7349999999999997,0.9495731306407014,0.030000000000001137,4.199999999999989,0.3300000000000125,1.2919362321642203,1.3760655737704905,1.1876044216384025,0.08999999999999986,5.819999999999993,1.1099999999999994,51.449999999999974,83.93999999999993,0.2457724276296932,0.4009744912582398,1.3153846153846136,1.1060637066086794,-1.170000000000016,2.430000000000007,1.799999999999983,13,0.8492307692307686,1.1540830526039663,6,3.660000000000018,0.610000000000003,123,76.38000000000011,0.6209756097560984,0.5588636225239276,0.3648609916881633,57,47,20.063055316709658,1,1,9.39,0.08839631844311951,0.7106620073318481,call_0e101713ee94,1,train
129.44,63,16,47,0.3404255319148936,1.291875000000001,1.496053558533252,0.03000000000000025,4.26,0.75,1.158048231085245,1.5408510638297879,1.0622532036384482,0.11999999999999034,4.5,1.3199999999999967,20.670000000000016,72.42000000000003,0.15968788627935734,0.5594870210135973,0.493636363636363,0.969177720825988,-1.2000000000000028,1.5600000000000023,1.0499999999999972,11,1.028181818181818,1.0649865556129618,5,3.7800000000000065,0.7560000000000013,57,38.84999999999997,0.6815789473684206,0.6407941208088268,0.300139060568603,5,35,7.416563658838072,1,1,4.02,0.0,0.00023454070439280864,call_0e1e2f29bfdc,0,val
136.16,54,14,40,0.35,1.433571428571428,1.2470864947046492,0.0899999999999892,3.5700000000000074,0.8999999999999986,0.8699158408502787,1.7475000000000012,1.030573029547529,0.23999999999999488,4.260000000000005,1.6500000000000021,20.069999999999993,69.90000000000005,0.14740011750881313,0.5133666274970626,1.1024999999999971,1.5373420096209764,-1.8600000000000136,3.0600000000000005,1.2449999999999974,12,1.5872727272727276,0.42414834454683004,3,3.3300000000000125,1.110000000000004,50,46.619999999999976,0.9323999999999996,0.8497359974169172,0.34239130434782594,2,28,6.169212690951821,1,0,10.23,0.0,1.555721432093075e-05,call_10aa0d1d33f0,0,val
161.3,52,16,36,0.4444444444444444,2.0943749999999985,1.3184180861926929,0.29999999999999716,4.409999999999997,2.009999999999998,0.6295043085372456,1.9250000000000007,1.4572626001219824,0.09000000000000341,5.8799999999999955,1.875000000000007,33.50999999999998,69.30000000000003,0.20774953502789817,0.4296342219466833,3.543750000000001,0.34146480680403163,3.0600000000000023,3.960000000000008,3.7049999999999983,8,1.9800000000000004,1.023523326553917,1,0.14999999999999147,0.14999999999999147,50,57.359999999999985,1.1471999999999998,1.2718763898352743,0.35561066336019825,8,27,5.951642901425914,1,1,11.34,0.25,0.6840446988741556,call_10ceaf16fbbf,1,train
123.16,49,18,31,0.5806451612903226,1.131666666666667,0.9304157830839735,0.09000000000000341,2.8500000000000014,0.9750000000000014,0.822164167673614,2.0651612903225804,1.4577056652327354,0.3299999999999983,6.359999999999999,1.6799999999999997,20.370000000000008,64.02,0.16539460863916863,0.5198116271516726,0.8133333333333331,1.2480184293511065,-1.7699999999999998,2.3100000000000005,1.2299999999999969,9,1.6466666666666674,0.9143166847433092,4,2.16,0.54,44,39.14999999999999,0.889772727272727,0.8034474806249757,0.31787918155245204,9,21,8.769080870412472,1,1,1.86,0.0,6.435303218192227e-05,call_11d3230256a1,0,train
157.28,64,23,41,0.5609756097560976,2.1456521739130436,1.6949787504352032,0.09000000000000341,6.540000000000006,1.6799999999999997,0.7899597013173185,1.5980487804878045,1.1546692589486274,0.14999999999999147,5.159999999999997,1.4099999999999966,49.35,65.51999999999998,0.31377161749745675,0.4165818921668361,1.2074999999999994,1.1248363517338056,-0.6899999999999977,2.6699999999999946,1.3650000000000002,12,0.7774999999999976,1.2355721898633176,6,3.720000000000004,0.6200000000000007,57,44.91000000000004,0.787894736842106,0.7115695349068263,0.28554170905391685,11,28,8.774160732451678,1,1,9.75,0.2178767394274473,0.6686994486177961,call_120d6007bcc1,1,val
131.16,137,99,38,2.6052631578947367,0.6009090909090907,0.8803826752705389,0.02999999999999936,4.710000000000008,0.240000000000002,1.4650846335818353,1.6902631578947358,1.2214623199863817,0.14999999999999147,5.130000000000003,1.365000000000009,59.48999999999998,64.22999999999996,0.45356816102470254,0.48970722781335746,-1.0093548387096767,1.6067522843381328,-4.440000000000005,3.6000000000000085,-0.75,31,0.041612903225807026,1.3361663987547698,38,50.96999999999998,1.3413157894736838,97,57.090000000000025,0.588556701030928,0.5732545785736649,0.43526989935956106,68,6,45.28819762122598,1,1,0.51,0.0,0.713019053141276,call_1612f093f8b5,0,train
102.54,47,24,23,1.0434782608695652,1.0024999999999997,1.1022319254092146,0.05999999999998806,4.02,0.6300000000000026,1.0994832173658005,1.9747826086956528,1.522243767258227,0.030000000000001137,4.710000000000001,1.8300000000000018,24.05999999999999,45.420000000000016,0.23464014043300166,0.4429490930368638,0.4324999999999985,1.232522358270374,-1.980000000000004,2.1899999999999995,0.5999999999999994,12,1.0172727272727273,1.0672121711177296,6,4.590000000000007,0.7650000000000011,39,37.35000000000001,0.957692307692308,0.8806709808539281,0.3642480983031013,12,11,14.043300175541251,1,0,3.63,0.0,0.19949919483125692,call_16581bcbc272,0,train
163.94,94,51,43,1.186046511627907,0.9570588235294125,1.315550522203761,0.03000000000000025,4.800000000000001,0.27000000000001023,1.3745764522104436,1.735116279069768,1.2573259078449806,0.18000000000000682,5.1299999999999955,1.4699999999999989,48.81000000000004,74.61000000000003,0.29773087715017715,0.45510552641210217,-0.9436363636363647,1.3361264035388887,-3.2399999999999807,1.5900000000000034,-0.8550000000000009,22,1.178571428571428,1.2100879543003737,19,26.190000000000033,1.3784210526315808,74,64.91999999999997,0.8772972972972969,0.8924037069381663,0.39599853604977414,29,21,18.66536537757716,1,0,1.56,0.0007859479635953903,0.3348231859563384,call_1761edbd6952,0,train
142.42,65,25,40,0.625,0.9827999999999983,0.9649202039547108,0.0899999999999963,4.77,0.6599999999999966,0.9818072893312092,1.6072499999999998,1.5089561470918067,0.060000000000002274,5.969999999999999,1.0349999999999966,24.569999999999958,64.28999999999998,0.172517904788653,0.45141131863502304,1.7400000000000018,2.1374868420647646,-2.3699999999999974,3.780000000000001,2.8800000000000097,13,1.135384615384616,0.8850293345855402,3,3.7199999999999918,1.2399999999999973,61,56.910000000000046,0.932950819672132,1.074509724265437,0.3995927538267101,12,26,10.532228619575903,1,1,10.77,0.09891239709686488,0.6821159049868584,call_181a5049ecae,1,val
135.2,56,15,41,0.36585365853658536,1.7060000000000017,1.160004926097915,0.21000000000000085,3.8999999999999986,1.5599999999999998,0.6799559941957292,1.7517073170731716,1.1141451934981916,0.12000000000000455,4.740000000000009,1.4099999999999966,25.590000000000025,71.82000000000004,0.18927514792899428,0.5312130177514796,0.48299999999999804,1.3482173415291756,-2.280000000000001,1.8299999999999983,1.0499999999999972,10,1.1129999999999993,0.684171031248766,4,4.650000000000002,1.1625000000000005,51,42.05999999999995,0.8247058823529403,0.6521360377748702,0.3110946745562127,5,30,6.656804733727812,1,1,0.72,0.04279185235500336,0.0002309613025014793,call_185e958a253b,0,val
117.22,63,18,45,0.4,0.9166666666666666,0.8765305940769783,0.14999999999999147,2.6700000000000017,0.5100000000000016,0.9562151935385218,1.2986666666666666,1.1858648550933009,0.030000000000001137,5.100000000000001,1.0799999999999983,16.5,58.44,0.14076096229312404,0.4985497355400102,0.7699999999999996,1.7498623322473617,-1.1099999999999994,3.569999999999993,0.6149999999999984,12,1.2724999999999993,0.6647504658277277,7,5.189999999999994,0.7414285714285705,55,46.26,0.8410909090909089,0.7781594445948208,0.39464255246544955,6,32,9.213444804640845,1,1,9.54,0.7790853224694729,0.9724044402440389,call_186e9d6ee732,1,train
195.84,124,86,38,2.263157894736842,0.8797674418604647,1.6321144544238504,0.029999999999972715,9.66,0.2699999999999889,1.8551657821894156,1.9602631578947367,1.3913798067796157,0.15000000000000568,5.820000000000007,1.6200000000000045,75.65999999999995,74.49,0.38633578431372523,0.3803615196078431,-1.3015384615384598,1.766856400068079,-5.250000000000014,2.0700000000000003,-1.3500000000000014,26,0.6540000000000006,1.064119354207976,27,41.579999999999934,1.5399999999999976,96,86.51999999999997,0.9012499999999998,0.9268920904659936,0.44178921568627433,60,12,26.348039215686274,1,0,4.2,0.3158925986848772,0.9999117056528727,call_189410107163,1,train
140.96,60,20,40,0.5,1.5450000000000004,1.0896716067358623,0.0899999999999892,3.9000000000000004,1.5749999999999993,0.7052890658484544,1.6125,1.2761917507237648,0.15000000000000213,4.650000000000006,1.1550000000000011,30.900000000000006,64.5,0.21921112372304202,0.45757661748013617,1.3259999999999976,2.0422928291506093,-2.5799999999999983,3.1799999999999997,2.1600000000000006,10,1.0599999999999996,1.513142425550218,5,7.500000000000007,1.5000000000000013,54,51.870000000000005,0.9605555555555556,1.0431527261445923,0.3679767309875142,10,30,8.51305334846765,1,0,9.6,0.22142857164144517,0.6901659915844599,call_18bd3c505fd5,1,train
127.68,54,18,36,0.5,1.456666666666667,1.2970690942637233,0.09000000000000008,4.26,0.9299999999999997,0.8904364491512973,1.775000000000001,1.2092748712702646,0.060000000000002274,4.410000000000011,1.5149999999999935,26.220000000000006,63.90000000000004,0.2053571428571429,0.5004699248120303,-0.009000000000001406,1.8546724778245913,-3.240000000000009,1.6200000000000045,1.0649999999999977,10,1.6230000000000018,0.7517246836442186,4,7.770000000000016,1.942500000000004,49,44.09999999999997,0.8999999999999996,0.8744712688247691,0.34539473684210503,8,25,8.458646616541353,1,1,1.14,0.0,0.0010429757300395674,call_198ef413fe4a,0,val
140.08,66,28,38,0.7368421052631579,0.948214285714287,0.6424089707610605,0.030000000000001137,2.4299999999999997,0.9750000000000014,0.6774934531566731,1.626315789473684,1.6688018376240676,0.1799999999999926,7.769999999999996,0.9600000000000053,26.550000000000036,61.79999999999999,0.1895345516847518,0.44117647058823517,2.8162499999999984,0.47689284510703983,2.4299999999999926,3.9000000000000004,2.655000000000001,8,1.607142857142858,0.7579295104804548,0,0.0,0.0,65,49.91999999999999,0.7679999999999998,0.9200699701653128,0.3563677898343802,20,30,11.993146773272416,1,0,12.0,0.2270420342683792,0.6671933070756495,call_1a2f3635b411,1,train
178.06,64,30,34,0.8823529411764706,2.1590000000000003,1.8878145547440415,0.14999999999999147,8.31,1.605000000000004,0.8743930313775087,1.9005882352941195,1.426200591902219,0.12000000000000455,6.029999999999994,1.605000000000004,64.77000000000001,64.62000000000008,0.36375379085701454,0.3629113781871284,1.4446153846153797,1.296891253373597,-1.1100000000000136,2.8799999999999955,2.009999999999991,13,0.853846153846155,1.5093516183091042,6,5.820000000000036,0.970000000000006,57,53.21999999999996,0.9336842105263151,0.8478283847128586,0.29888801527574954,17,20,10.10895203863866,1,1,9.87,0.26725902035832405,0.6998293424646059,call_1ad99899456c,1,train
162.4,62,25,37,0.6756756756756757,1.8864000000000007,1.7950832849759357,0.09000000000000341,5.909999999999997,1.3800000000000097,0.9515920721882607,1.7237837837837837,1.451457794677383,0.060000000000002274,6.1200000000000045,1.1399999999999864,47.16000000000002,63.78,0.2903940886699508,0.39273399014778326,2.370000000000002,1.307079623763275,-0.6899999999999977,3.3600000000000136,2.6999999999999993,8,1.5214285714285702,0.7226439550112416,1,0.6899999999999977,0.6899999999999977,60,50.69999999999998,0.8449999999999999,0.9360926725092038,0.31219211822660087,17,29,9.236453201970443,1,0,9.63,0.1359286665916443,0.39924929663538933,call_1ba56b3cce45,1,train
163.7,59,19,40,0.475,1.942105263157896,1.1055696316950452,0.030000000000001137,4.019999999999996,1.8900000000000006,0.5692634959947384,1.9972500000000004,1.5928188003565347,0.030000000000001137,7.680000000000007,1.5300000000000011,36.90000000000002,79.89,0.2254123396456935,0.48802687843616377,1.509999999999998,0.2853944638566044,0.9900000000000091,1.9199999999999875,1.5300000000000011,9,1.4099999999999973,1.2736757829212249,1,1.769999999999996,1.769999999999996,57,47.39999999999997,0.8315789473684206,0.7819293662694765,0.28955406230910186,10,30,6.963958460598657,1,1,9.15,0.10310160219669343,2.3900582467225224e-05,call_1bf0aa4d4324,0,train
144.78,72,23,49,0.46938775510204084,1.040869565217391,1.1447425794136112,0.029999999999999805,3.960000000000001,0.5099999999999909,1.0997944580832526,1.547755102040816,1.1743016813304463,0.12000000000000455,4.560000000000002,1.379999999999999,23.93999999999999,75.83999999999999,0.16535433070866135,0.5238292581848321,0.3229411764705901,1.3471022822427121,-2.2499999999999996,2.519999999999996,1.0499999999999972,17,1.2974999999999979,0.6892169469767888,8,7.799999999999997,0.9749999999999996,63,52.41000000000001,0.831904761904762,0.673912163183479,0.36199751346871123,6,32,9.531703273932864,1,0,3.93,0.03688369989395142,0.3012322007925074,call_1c1c0cce9fb5,0,val
117.46,69,59,10,5.9,1.4776271186440684,2.4841826096067474,0.02999999999999403,12.510000000000005,0.4199999999999946,1.6811972237531319,1.6650000000000005,1.4443164473203258,0.23999999999999844,4.050000000000011,1.0050000000000003,87.18000000000002,16.650000000000006,0.7422101140813896,0.1417503831091436,0.5699999999999994,2.2890609428322355,-2.25,4.949999999999999,0.22499999999999987,8,-2.027142857142858,2.576966655363851,7,19.050000000000015,2.7214285714285738,61,31.919999999999987,0.5232786885245899,0.7022077596444788,0.27175208581644805,51,2,30.13791929167376,1,0,2.46,0.7215753704309463,0.9998864134152731,call_1cc930924760,1,train
105.82,46,16,30,0.5333333333333333,1.7081250000000003,1.2365177920272707,0.21000000000000796,4.35,1.3500000000000014,0.7239035738176482,1.5380000000000023,1.3300930742646895,0.15000000000000568,4.530000000000001,1.230000000000004,27.330000000000005,46.140000000000065,0.25826875826875834,0.4360234360234367,1.3233333333333321,1.3179908952644568,-1.0800000000000054,2.4599999999999937,1.7999999999999972,9,1.106249999999997,0.9472507210720034,3,2.670000000000009,0.8900000000000029,42,33.749999999999936,0.803571428571427,0.7337269427251785,0.31893781893781836,7,21,9.072009072009072,1,0,9.24,0.2560982324182987,0.6517437573832771,call_1ee2936b46a7,1,train
142.98,72,29,43,0.6744186046511628,1.2982758620689647,1.0772255002204147,0.060000000000002274,4.079999999999998,1.1400000000000006,0.8297354450568937,1.4086046511627897,1.1615990239143623,0.12000000000000455,5.459999999999994,1.0800000000000054,37.64999999999998,60.56999999999995,0.26332354175409134,0.42362568191355404,0.0180000000000008,1.281289529006952,-2.0999999999999943,1.5,0.6000000000000014,15,1.4357142857142873,1.1975084023197373,9,10.079999999999984,1.1199999999999983,62,54.600000000000044,0.8806451612903233,0.7514071411009586,0.3818715904322286,14,28,12.169534200587496,1,0,9.27,0.0,0.001996853335488898,call_224586045e67,0,train
205.3,86,22,64,0.34375,1.219090909090909,1.1284962986664584,0.030000000000001137,4.5,0.7649999999999997,0.9256867476011218,1.4193750000000005,1.174768974248616,0.12000000000000455,5.25,1.0799999999999912,26.82,90.84000000000003,0.13063809059912324,0.44247442766682915,2.9374999999999996,2.5731555618451334,-2.8200000000000003,6.599999999999994,2.625,12,2.1575,0.9815305765625806,1,2.8200000000000003,2.8200000000000003,84,89.24999999999996,1.0624999999999996,1.3851778842749174,0.4347296639064781,10,51,6.429615197272284,1,1,12.72,0.0,3.7995826839202586e-05,call_22d0f235a47e,0,train
160.02,79,34,45,0.7555555555555555,0.7861764705882369,0.8476206080477078,0.030000000000000027,4.109999999999999,0.5400000000000134,1.0781556555788254,1.7253333333333343,1.2351050746614838,0.14999999999999147,5.280000000000001,1.3800000000000097,26.730000000000054,77.64000000000003,0.16704161979752563,0.48518935133108376,1.015999999999999,1.8598225721826263,-2.8499999999999996,4.68,1.3499999999999943,15,1.4357142857142835,0.8726503774815435,4,7.200000000000004,1.800000000000001,74,62.549999999999926,0.8452702702702692,0.8474138303839236,0.3908886389201345,19,30,12.74840644919385,1,0,0.72,0.022483719885349272,0.0028858339840856693,call_22eacbc23d18,0,train
201.32,71,17,54,0.3148148148148148,2.858823529411766,2.861085638251985,0.15000000000000568,10.739999999999998,1.5900000000000034,1.000791272639583,1.9433333333333334,1.2465953633797928,0.030000000000001137,5.1299999999999955,1.875000000000007,48.60000000000002,104.94,0.241406715676535,0.5212596860719253,0.673846153846154,0.9625447042565406,-1.2300000000000182,1.830000000000001,0.8700000000000045,13,1.5524999999999982,0.7951800825199025,4,3.210000000000008,0.802500000000002,66,50.60999999999999,0.7668181818181818,0.6698315726093643,0.25139082058414464,4,41,5.066560699384065,1,0,9.21,0.0,0.027602689049672335,call_23991b635849,0,train
155.72,140,96,44,2.1818181818181817,0.6643749999999993,0.7082726392985592,0.030000000000001137,3.779999999999987,0.5099999999999945,1.0660735869028184,1.4543181818181827,1.040991025422684,0.17999999999999972,4.590000000000003,1.1999999999999886,63.77999999999993,63.990000000000045,0.40958129976881535,0.41092987413305965,-0.7491428571428587,1.0113600959586442,-3.0,0.8999999999999986,-0.5099999999999909,35,0.21529411764705988,0.5500811802023722,35,32.91000000000004,0.9402857142857154,102,60.510000000000055,0.5932352941176476,0.5120994677605182,0.3885820703827386,61,9,36.989468276393524,1,0,3.93,0.6567646482959391,0.9999264280001322,call_24e1989c4d6d,1,train
138.18,64,16,48,0.3333333333333333,1.2562499999999996,0.9415014604343436,0.12000000000000455,3.4800000000000004,1.1400000000000006,0.749453898853209,1.2975000000000014,1.0715359824579522,0.14999999999999858,5.3700000000000045,1.1549999999999994,20.099999999999994,62.28000000000007,0.145462440295267,0.45071645679548467,2.2619999999999996,2.2727604361216787,-1.1700000000000017,5.490000000000002,2.864999999999995,10,1.1310000000000013,1.0252853261409745,5,2.5200000000000102,0.504000000000002,57,57.08999999999995,1.00157894736842,1.1714654885985525,0.4131567520625267,6,37,6.947459834997829,1,1,12.0,0.125,0.6646799716011932,call_253156878935,1,train
210.16,73,20,53,0.37735849056603776,2.166000000000003,1.488798173024135,0.09000000000000341,6.479999999999999,1.620000000000001,0.6873491103527853,1.8322641509433966,1.1935912866855514,0.35999999999999943,5.939999999999998,1.5,43.320000000000064,97.11000000000001,0.20612866387514306,0.46207651313285125,3.5789999999999935,0.7461970249203634,2.519999999999996,5.009999999999991,3.4949999999999974,10,0.8189999999999984,1.436178958208199,2,3.4799999999999898,1.7399999999999949,70,72.02999999999992,1.0289999999999988,1.2776644793290317,0.34273886562618916,10,42,5.709935287400076,1,1,11.37,0.375,0.6679232989748319,call_26be2ced1f65,1,train
190.68,68,29,39,0.7435897435897436,1.9944827586206904,1.3690940336245723,0.3900000000000148,6.270000000000001,1.5600000000000023,0.6864406461810613,1.5684615384615397,1.2925119127243716,0.08999999999999808,4.590000000000003,1.1700000000000017,57.84000000000002,61.170000000000044,0.3033354310887351,0.3207992448080556,4.416666666666668,2.451560727373478,-1.0199999999999818,7.769999999999996,5.250000000000001,9,0.5324999999999946,2.628762609507151,3,7.829999999999986,2.6099999999999954,64,77.87999999999992,1.2168749999999988,1.6802285133703854,0.40843297671491463,20,30,9.125235997482694,1,0,13.14,0.2109053745865822,0.8250250717004141,call_2741c273bfcc,1,train
134.12,55,13,42,0.30952380952380953,1.446923076923076,0.8801267391251556,0.29999999999999716,3.3599999999999994,1.2000000000000028,0.6082747266681037,1.5028571428571416,1.271253051346385,0.030000000000001137,4.469999999999999,1.1100000000000065,18.809999999999988,63.11999999999995,0.14024753951685048,0.47062332239785226,2.5049999999999994,0.2995711220108796,2.1899999999999977,3.120000000000001,2.3999999999999986,8,1.9424999999999981,1.6667654732616515,1,0.7800000000000011,0.7800000000000011,53,51.720000000000056,0.9758490566037745,1.072854628410118,0.3856248135997618,5,33,5.815687444079928,1,1,9.84,0.4928571432828903,0.666690644507374,call_290aacdf95ca,1,train
162.9,60,17,43,0.3953488372093023,2.2570588235294133,1.524162740268745,0.6299999999999955,6.780000000000001,2.009999999999998,0.6752871145313695,1.7400000000000009,1.0397458480664523,0.21000000000000796,4.050000000000011,1.5900000000000034,38.370000000000026,74.82000000000004,0.2355432780847147,0.4593001841620628,1.8681818181818175,0.6888369644817022,-0.12000000000000455,2.3400000000000034,2.0700000000000003,11,1.4429999999999965,0.7523895267745272,1,0.12000000000000455,0.12000000000000455,58,48.71999999999994,0.839999999999999,0.7639027218311579,0.29907918968692415,6,32,6.261510128913443,1,0,10.26,0.5018826799467206,0.9985818862915039,call_29a23dea3118,1,train
161.54,78,23,55,0.41818181818181815,1.1360869565217393,1.2995514580403724,0.030000000000001137,3.8999999999999915,0.39000000000000057,1.143883793912306,1.6080000000000005,1.204486059141687,0.18000000000000682,4.410000000000011,1.1699999999999875,26.130000000000003,88.44000000000003,0.1617556023275969,0.5474805001857127,0.1749999999999985,1.2593380614200356,-2.789999999999999,1.9799999999999995,-0.030000000000008242,18,1.0966666666666651,0.5090359978025354,10,7.8899999999999935,0.7889999999999994,67,53.609999999999964,0.8001492537313427,0.6540514587699744,0.3318682679212577,5,36,8.542775783087782,1,1,9.09,0.03807650879025459,0.00010360510982347175,call_29e423c5b8aa,0,train
140.12,52,19,33,0.5757575757575758,2.3447368421052643,1.8975316376254354,0.08999999999999986,7.170000000000002,1.5600000000000023,0.8092727522981651,1.656363636363637,1.236516827073681,0.21000000000000085,4.920000000000002,1.4099999999999966,44.55000000000002,54.66000000000002,0.3179417642021126,0.3900942049671711,2.0474999999999985,1.602264023187191,-0.870000000000001,3.269999999999996,2.7600000000000007,8,1.388571428571429,0.7659727708700144,3,1.11000000000001,0.3700000000000034,48,40.82999999999996,0.8506249999999994,0.9233044408132843,0.2913930916357405,11,25,8.135883528404225,1,0,10.17,0.21109070330858232,0.6676687706882755,call_29f2b21b3d8a,1,train
187.52,84,22,62,0.3548387096774194,1.8913636363636364,1.8666810257641915,0.030000000000001137,8.34,1.6800000000000033,0.9869498333768857,1.3717741935483858,1.0464624627192727,0.030000000000001137,3.8100000000000023,1.2450000000000045,41.61,85.04999999999993,0.22189633105802045,0.45355162116040915,0.8150000000000035,1.3062820244008262,-2.279999999999987,1.8900000000000006,1.425000000000015,12,1.4974999999999978,1.1809250996185492,4,4.769999999999982,1.1924999999999955,79,64.38000000000005,0.8149367088607602,0.7583600278497733,0.3433233788395907,10,49,7.03924914675768,1,1,9.45,0.015800334606319664,0.0001954913798082695,call_29fddbedd6a4,0,train
162.74,75,23,52,0.4423076923076923,1.0786956521739128,0.9921661533681383,0.3299999999999983,4.890000000000001,0.7800000000000011,0.9197832135214504,1.4411538461538458,1.0488979348955063,0.12000000000000455,4.470000000000013,1.125000000000007,24.809999999999995,74.93999999999998,0.15245176354921958,0.4604891237556838,2.463000000000002,1.4823258751030388,-0.2699999999999818,5.49,2.234999999999996,10,1.520999999999998,0.5679876759226358,1,0.2699999999999818,0.2699999999999818,73,61.91999999999999,0.8482191780821916,0.9963842164794229,0.38048420793904375,13,41,8.479783704067838,1,1,13.17,0.0,9.657283953856677e-06,call_2a34be1bd407,0,train
114.32,41,8,33,0.24242424242424243,2.12625,1.7465225653934644,0.3600000000000003,4.469999999999999,1.4399999999999977,0.8214097897206181,1.7618181818181822,1.2086936505620824,0.15000000000000568,4.680000000000007,1.7999999999999998,17.01,58.14000000000002,0.14879286214135762,0.5085724282715187,0.8250000000000002,1.6767557961730755,-1.8900000000000006,2.190000000000005,1.6799999999999997,6,1.3919999999999964,0.5884895920914848,2,2.520000000000003,1.2600000000000016,38,40.46999999999999,1.0649999999999997,1.9103823729323959,0.3540062981105668,2,27,4.198740377886634,1,0,5.01,0.2519056170247495,0.6671688555506989,call_2cd6a0b37e59,1,train
149.2,63,15,48,0.3125,2.309999999999999,1.7152176038542253,0.11999999999999034,6.390000000000001,2.25,0.7425184432269376,1.5537499999999997,1.145094300678685,0.0899999999999963,5.1299999999999955,1.4099999999999984,34.649999999999984,74.57999999999997,0.23223860589812323,0.49986595174262716,1.2487500000000025,1.0097303388246093,-1.1400000000000006,2.1000000000000085,1.545,8,1.335,0.6206448259673158,2,1.2899999999999991,0.6449999999999996,60,40.05000000000003,0.6675000000000005,0.5681269403390266,0.2684316353887402,7,39,6.032171581769438,1,1,9.0,0.0,0.665865621631383,call_2d2c74bdeb7b,0,train
172.18,141,115,26,4.423076923076923,0.7768695652173894,1.0452779074916685,0.029999999999997584,6.720000000000001,0.4199999999999875,1.345499880921672,2.1750000000000003,1.4150653695147823,0.5700000000000003,6.090000000000003,1.9349999999999992,89.33999999999976,56.550000000000004,0.5188755953072353,0.3284353583459171,-1.149999999999998,1.5294670853658139,-4.349999999999994,1.5,-0.8399999999999892,24,-0.21913043478260893,0.9794242884260599,32,41.219999999999985,1.2881249999999995,107,66.5400000000002,0.6218691588785065,0.5410770719716703,0.386456034382624,91,2,40.074340806133115,1,0,1.71,0.6182833760045469,0.9999547004699707,call_2d4374d86df7,1,val
128.02,46,15,31,0.4838709677419355,2.322,1.732327913531384,0.30000000000000426,6.389999999999999,1.8300000000000018,0.7460499196948251,1.7477419354838717,1.307072325663783,0.14999999999999858,5.340000000000003,1.5300000000000011,34.83,54.18000000000002,0.27206686455241363,0.4232151226370881,1.233333333333331,1.5199259850400635,-1.8300000000000054,2.280000000000001,1.9200000000000017,9,1.7799999999999996,1.3524145074643348,3,3.45000000000001,1.1500000000000032,42,40.98,0.9757142857142856,0.937750663353649,0.32010623340103106,6,21,7.030151538822058,1,1,10.14,0.4706503413617611,0.6667114534842161,call_30c4f6565eec,1,train
132.66,62,18,44,0.4090909090909091,1.3133333333333328,0.8035070188939023,0.33000000000000007,2.910000000000011,1.0649999999999977,0.6118073747923116,1.3390909090909089,1.1243433601633175,0.09000000000000341,4.409999999999997,1.0050000000000008,23.63999999999999,58.92,0.17819990954319306,0.4441429217548621,2.5799999999999996,1.6887495373796557,-0.21000000000000085,6.390000000000001,2.4299999999999997,9,0.941249999999999,1.9074323616542,4,2.7000000000000046,0.6750000000000012,57,51.60000000000001,0.905263157894737,1.1585999945487748,0.38896426956128455,9,35,8.14111261872456,1,0,10.86,0.08643009066581726,0.9988224109013876,call_312805f2b67f,1,train
140.2,62,23,39,0.5897435897435898,1.3291304347826078,1.3809611706853717,0.060000000000002274,4.109999999999999,0.7200000000000006,1.0389959740190897,1.715384615384613,1.2713561887624008,0.11999999999999744,5.88000000000001,1.4400000000000013,30.56999999999998,66.8999999999999,0.2180456490727531,0.4771754636233945,-0.1599999999999974,1.7473356340960455,-4.230000000000004,1.7700000000000102,-0.04499999999999815,12,0.5275000000000015,1.693072113590613,9,15.420000000000005,1.7133333333333338,52,56.91000000000012,1.0944230769230792,1.1701808364715462,0.40592011412268275,11,26,9.843081312410842,1,1,8.58,0.11097004599869251,0.0008874582878585594,call_3332ecee2806,0,train
147.0,66,29,37,0.7837837837837838,0.787241379310345,0.7695726854733086,0.030000000000001137,3.029999999999994,0.54,0.9775561926730594,2.0870270270270286,1.4420045169925864,0.0899999999999963,5.52,1.740000000000009,22.830000000000005,77.22000000000006,0.15530612244897962,0.52530612244898,0.7038461538461521,1.588849365953964,-1.7700000000000102,3.870000000000001,1.1700000000000017,13,1.4953846153846162,1.3417998819037504,6,6.930000000000011,1.1550000000000018,58,52.61999999999994,0.9072413793103438,0.8862334908831739,0.35795918367346896,16,23,11.83673469387755,1,1,1.05,0.0,0.0026322433065312603,call_349b9fddaff0,0,train
223.36,123,65,58,1.1206896551724137,0.8358461538461536,1.361759996644614,0.029999999999972715,5.519999999999996,0.20999999999997954,1.6291993333683035,2.1951724137931015,1.1942247597372577,0.27000000000001023,5.6699999999999875,2.114999999999995,54.329999999999984,127.31999999999987,0.24323961318051568,0.570021489971346,-1.0003124999999993,1.5889243356292428,-5.489999999999981,2.280000000000001,-0.9450000000000003,32,0.9222580645161287,0.9805294817169637,29,42.330000000000005,1.4596551724137934,93,83.73000000000015,0.9003225806451629,0.822957883138228,0.37486568767908374,33,26,17.460601719197705,1,0,0.66,0.0,0.2936092330564861,call_34f4c668dbe8,0,train
99.7,40,17,23,0.7391304347826086,1.4205882352941175,1.3727229809225698,0.030000000000001137,4.4399999999999995,1.019999999999996,0.9663060321194075,1.8573913043478256,1.440395202686039,0.23999999999999488,4.860000000000014,1.5600000000000023,24.15,42.71999999999999,0.24222668004012035,0.42848545636910723,0.9037500000000007,1.4397711871782182,-2.0400000000000063,2.039999999999999,1.5150000000000006,8,1.0874999999999984,2.3386672028559956,3,7.08,2.36,36,39.6,1.1,1.197296955646343,0.39719157472417255,9,14,10.230692076228687,1,1,8.73,0.041764531284570694,6.67921946160277e-05,call_35966c559fcc,0,train
158.96,85,37,48,0.7708333333333334,0.6421621621621598,0.899067835579147,0.029999999999986926,3.780000000000001,0.23999999999999488,1.4000635486712358,1.8268750000000014,1.3348617846213704,0.15000000000000568,6.030000000000001,1.5150000000000023,23.75999999999991,87.69000000000007,0.149471565173628,0.551648213387016,-0.1976470588235274,1.6452907395494138,-4.019999999999996,1.8899999999999997,0.1799999999999926,17,1.1775000000000002,1.2586421254669646,9,14.18999999999999,1.5766666666666656,74,61.38000000000001,0.8294594594594595,0.8039796424395572,0.3861348766985406,20,31,13.965777554101662,1,0,1.14,0.01916380785405636,0.0010565083211986348,call_36640e327eaf,0,train
142.92,56,20,36,0.5555555555555556,1.7624999999999988,1.2793949022055193,0.27000000000000135,5.459999999999994,1.3949999999999978,0.7258978168541959,1.6374999999999995,1.3765181229671992,0.20999999999999375,4.919999999999995,1.1849999999999987,35.24999999999998,58.94999999999998,0.24664147774978998,0.4124685138539042,2.6766666666666663,1.0940521011359559,0.060000000000002274,3.6000000000000085,2.9099999999999966,9,0.8400000000000012,1.030409072719598,2,1.5300000000000082,0.7650000000000041,53,48.96000000000006,0.9237735849056616,1.0267203694196056,0.34256926952141104,11,27,8.39630562552477,1,0,10.98,0.31077965050935746,0.6745917188624541,call_36d72e4b1aef,1,val
149.34,62,23,39,0.5897435897435898,1.8965217391304356,1.3643766765138632,0.269999999999996,4.319999999999993,1.5300000000000011,0.7194099853236781,1.5223076923076908,1.0077527410255624,0.060000000000002274,3.5699999999999967,1.4099999999999966,43.62000000000002,59.36999999999994,0.29208517476898366,0.39754921655283204,1.4592857142857132,1.8435353339365452,-1.7700000000000031,4.530000000000001,2.0700000000000003,14,1.0130769230769239,1.3464483194401036,5,7.680000000000009,1.5360000000000018,56,53.010000000000055,0.9466071428571438,0.9152690151697858,0.35496183206106907,9,25,9.240658899156289,1,0,9.42,0.3182054258882999,0.7575125396251678,call_373750027ccd,1,train
116.3,91,60,31,1.935483870967742,0.4884999999999998,0.9252573164773756,0.029999999999986926,4.6499999999999915,0.060000000000002274,1.8940784370058874,1.1825806451612897,0.958616947280249,0.060000000000002274,4.140000000000001,1.0199999999999996,29.309999999999988,36.65999999999998,0.2520206362854685,0.3152192605331039,-0.43499999999999783,1.3202105447060104,-2.879999999999999,2.219999999999999,-0.4049999999999976,18,0.39666666666666583,0.6832965078551627,16,14.54999999999998,0.9093749999999987,73,63.720000000000006,0.8728767123287672,0.9068925568054028,0.5478933791917455,42,12,30.954428202923474,1,1,4.2,0.7474940650165081,0.9999089439709982,call_374f870c8124,1,train
143.74,51,18,33,0.5454545454545454,2.1499999999999964,1.5753991090962263,0.029999999999986926,5.34,2.384999999999998,0.7327437716726646,1.7927272727272718,1.3637638008634232,0.09000000000000341,5.8799999999999955,1.740000000000009,38.69999999999993,59.15999999999997,0.2692361207736185,0.4115764574926949,1.0400000000000005,2.4681724007856496,-1.0799999999999983,5.219999999999999,-0.5100000000000051,9,1.2966666666666664,1.4400607626069126,7,5.1000000000000085,0.7285714285714298,43,49.74000000000012,1.1567441860465144,1.2724436949471005,0.34604146375400113,9,23,7.513566161124253,1,1,12.27,0.27554935961961746,0.6499864924699068,call_37e63dcc8185,1,train
165.2,60,15,45,0.3333333333333333,2.4799999999999995,1.7426826610553225,0.5700000000000003,6.6899999999999995,1.7700000000000102,0.7026946213932753,1.4733333333333323,1.1143261314681305,0.12000000000000455,4.530000000000001,1.079999999999984,37.199999999999996,66.29999999999994,0.22518159806295399,0.401331719128329,3.8774999999999977,1.2950979003259049,2.7299999999999898,6.539999999999992,3.3900000000000006,8,1.4957142857142856,1.3982948799979829,1,1.5600000000000023,1.5600000000000023,58,62.10000000000006,1.0706896551724148,1.3508734822899815,0.37590799031477035,7,37,5.447941888619855,1,0,11.97,0.08136446252465249,0.5526712254310647,call_387c5493a07f,1,train
191.22,72,27,45,0.6,2.272222222222222,1.8108058837760448,0.240000000000002,5.730000000000004,2.1599999999999966,0.7969316847914134,1.4926666666666664,1.3379791410250708,0.17999999999999972,5.8500000000000085,1.1699999999999875,61.349999999999994,67.16999999999997,0.3208346407279573,0.35127078757452135,3.943333333333328,1.0991132789662759,3.1500000000000057,6.509999999999991,3.480000000000004,9,0.8325000000000014,1.7273741426139955,2,3.390000000000015,1.6950000000000074,69,64.95000000000003,0.9413043478260874,1.2944155086182338,0.3396611233134611,18,36,8.471917163476624,1,0,12.27,0.7707892729900777,0.72367163002491,call_39880aff21ed,1,train
167.38,78,34,44,0.7727272727272727,1.454117647058824,1.1554983645978203,0.09000000000000341,4.260000000000005,1.0649999999999977,0.7946388429677564,1.4890909090909075,1.276832596668581,0.12000000000000455,5.099999999999994,1.0649999999999906,49.44000000000001,65.51999999999991,0.29537579161190114,0.39144461703907224,0.44400000000000395,1.264104426066135,-2.1299999999999955,1.589999999999999,0.9150000000000027,10,1.8933333333333364,0.7484149918327415,3,3.809999999999974,1.2699999999999914,74,54.60000000000003,0.7378378378378383,0.6767291809151665,0.3262038475325608,24,34,12.187836061656112,1,0,8.79,0.001037140842527151,0.015733926518199343,call_3adbf4ac0f30,0,train
122.96,39,11,28,0.39285714285714285,1.7645454545454562,1.268671459727564,0.30000000000000426,4.32,1.2899999999999991,0.7189791889233997,2.318571428571429,1.4470166353076754,0.29999999999999716,6.930000000000007,1.9650000000000034,19.410000000000018,64.92000000000002,0.15785621340273276,0.5279765777488615,1.2027272727272733,0.8672495708743929,-1.26,2.16,1.3500000000000085,11,1.4318181818181808,0.4480137984887999,1,1.26,1.26,37,38.66999999999997,1.0451351351351343,0.7144758048217417,0.31449251789199717,0,16,5.367599219258295,1,1,1.11,0.0,0.0007265684027212652,call_3b1bf9fab29d,0,train
156.28,77,20,57,0.3508771929824561,1.0365000000000006,0.9617980694073918,0.030000000000001137,2.8499999999999943,0.5550000000000104,0.9279286728484237,1.5110526315789479,1.0277171029077126,0.11999999999999744,5.25,1.2600000000000051,20.730000000000015,86.13000000000002,0.13264653186588185,0.5511261837727158,0.41499999999999937,1.7261390101474878,-1.9799999999999898,4.68,0.3599999999999923,18,1.4082352941176453,0.7836312533178272,10,10.680000000000037,1.0680000000000036,66,58.259999999999984,0.8827272727272725,0.8082983939773069,0.3727924238546198,2,39,7.678525723061172,1,0,1.41,0.0,0.001583436790194052,call_3b9afdd4a2df,0,val
211.9,111,48,63,0.7619047619047619,0.9162499999999998,0.6436056179752953,0.0899999999999892,3.0,0.7349999999999994,0.7024345080221505,1.8238095238095249,1.2491254083214727,0.030000000000001137,5.909999999999997,1.4699999999999989,43.97999999999999,114.90000000000006,0.20755073147711178,0.5422369042000946,0.0629999999999975,0.9672701685399833,-1.289999999999992,1.259999999999998,0.22499999999999964,20,1.0304999999999995,1.1232681406456242,14,11.670000000000027,0.8335714285714305,96,63.47999999999998,0.6612499999999998,0.5975621526801956,0.29957527135441236,28,42,13.591316658801322,1,1,8.4,0.0,0.2929228241373494,call_3ca96b2dd5c4,0,train
139.64,57,24,33,0.7272727272727273,1.5487499999999998,1.7878680831114742,0.18000000000000682,8.07,0.9899999999999975,1.1543942425255687,1.6790909090909099,1.32237325393675,0.08999999999999986,5.609999999999985,1.4699999999999989,37.169999999999995,55.410000000000025,0.2661844743626468,0.39680607275852214,2.27181818181818,2.0306295485972727,-1.7399999999999984,7.23,2.0999999999999943,11,0.5369999999999987,3.1631772002213228,4,11.610000000000007,2.9025000000000016,52,57.44999999999999,1.1048076923076922,1.2623188907326275,0.4114150673159553,13,22,10.31223145230593,1,0,9.9,0.4781183858402073,0.6770574947198232,call_3cd08cbaf55c,1,train
146.1,76,29,47,0.6170212765957447,1.0593103448275867,1.1049820006112667,0.12000000000000455,5.340000000000003,0.870000000000001,1.0431145188062083,1.4840425531914887,1.183051800796253,0.14999999999999147,3.930000000000007,0.9600000000000009,30.720000000000013,69.74999999999997,0.2102669404517455,0.47741273100616,0.5099999999999975,1.1628904874124182,-3.210000000000008,1.62,0.8700000000000045,15,1.103571428571429,1.2453087793972877,7,6.270000000000028,0.8957142857142897,68,51.63000000000003,0.7592647058823534,0.6911429343852532,0.3533880903490762,14,32,11.90965092402464,1,0,9.48,0.0,0.3528898109070724,call_3d69be34ef44,0,train
174.14,72,32,40,0.8,1.4615625000000008,1.3650289123134387,0.12000000000000455,5.91,0.9149999999999991,0.9339517894810779,1.849500000000002,1.152633439630245,0.18000000000000682,4.350000000000023,1.8600000000000065,46.770000000000024,73.98000000000006,0.2685770070058575,0.42483059607212625,1.1630769230769213,0.5799336832113475,0.12000000000000455,2.25,1.1700000000000017,13,1.2999999999999978,1.186239282928886,2,1.5600000000000023,0.7800000000000011,69,54.65999999999992,0.7921739130434771,0.7130977772351413,0.3138853795796481,19,27,11.025611576892157,1,0,9.39,0.0,0.0007496467630474513,call_3f3ac4984431,0,train
124.76,51,17,34,0.5,1.009411764705883,0.7901698439911122,0.18000000000000682,2.879999999999999,0.8700000000000045,0.7828022929981877,1.6614705882352936,1.1940994637850582,0.12000000000000455,5.579999999999998,1.4699999999999989,17.16000000000001,56.48999999999998,0.13754408464251372,0.4527893555626802,2.4700000000000024,0.8273149339882583,0.6300000000000097,3.5700000000000003,2.4000000000000057,9,1.4766666666666661,0.7102112361825904,0,0.0,0.0,50,49.83000000000001,0.9966000000000004,0.9434859591440891,0.3994068611734531,8,24,8.17569733889067,1,1,11.64,0.173445987701416,0.6646994611558815,call_415d987a1504,1,train
77.18,43,10,33,0.30303030303030304,1.127999999999999,0.9711024662722272,0.23999999999999488,3.42,0.884999999999998,0.8609064417306986,1.2199999999999998,0.9836920249752966,0.21000000000000085,3.8100000000000023,0.9599999999999937,11.27999999999999,40.26,0.14615185281160908,0.5216377299818605,0.6085714285714285,1.4575713655647478,-1.2899999999999991,2.0699999999999967,1.0800000000000054,7,1.2300000000000015,0.7105631569396199,4,2.9399999999999977,0.7349999999999994,38,27.330000000000016,0.7192105263157899,0.5783031169043941,0.3541072816791917,3,25,7.7740347240217655,1,1,10.11,0.580043064057827,0.9991902907689413,call_41fc5fd779c9,1,train
141.78,52,18,34,0.5294117647058824,2.3133333333333344,1.6122983230013406,0.3300000000000125,5.459999999999994,1.9500000000000028,0.6969589292512997,1.5688235294117636,1.4414297714756203,0.120000000000001,7.02000000000001,1.1399999999999935,41.64000000000002,53.33999999999997,0.2936944561997462,0.3762166737198474,2.3400000000000007,1.9002631396730298,-1.1400000000000006,4.050000000000001,3.0150000000000015,10,0.47999999999999926,2.1251352898109803,5,8.760000000000002,1.7520000000000002,46,53.73,1.1680434782608697,1.1791081744083205,0.378967414303851,8,24,7.617435463393991,1,0,11.1,0.5231589481234551,0.9898139437039694,call_450b4e13468b,1,train
133.3,64,32,32,1.0,0.9853124999999998,0.9639267284930048,0.0899999999999963,3.990000000000002,0.6600000000000037,0.9782954428092661,1.8665625000000003,1.3914337218924069,0.11999999999999034,6.0,1.9950000000000008,31.529999999999994,59.73000000000001,0.2365341335333833,0.4480870217554389,1.2275,1.3334720571773273,-0.9900000000000091,2.760000000000005,1.754999999999999,12,0.6800000000000007,1.3044330011715652,8,5.219999999999997,0.6524999999999996,55,46.07999999999998,0.8378181818181814,0.7515285433801919,0.34568642160540114,20,19,14.403600900225056,1,1,9.96,0.48713506218045954,0.999059796333313,call_4789ebd9b148,1,train
145.9,71,20,51,0.39215686274509803,1.369500000000001,1.5582158319524817,0.029999999999999805,4.859999999999996,0.5400000000000205,1.137799074079942,1.398823529411762,1.1984834534674615,0.11999999999999744,4.709999999999994,0.9900000000000091,27.390000000000025,71.33999999999986,0.18773132282385213,0.4889650445510614,0.01999999999999969,1.6060377152660992,-3.450000000000003,1.5900000000000034,0.269999999999996,15,1.618000000000001,0.7858680369047794,7,9.87000000000002,1.410000000000003,63,55.77000000000014,0.8852380952380974,0.8107679695577705,0.3822481151473621,5,35,8.224811514736121,1,1,3.81,0.0,0.08936881647616701,call_47bef2f628eb,0,val
140.26,103,66,37,1.7837837837837838,0.6136363636363636,1.0111678493605396,0.029999999999986926,4.589999999999999,0.10500000000000043,1.6478290878468052,1.685675675675675,1.4374776143967942,0.12000000000000455,5.160000000000011,1.1999999999999886,40.49999999999999,62.369999999999976,0.288749465278768,0.4446741765293026,-1.22,1.7963804187019115,-4.140000000000001,3.42,-0.9900000000000002,24,1.111304347826088,1.4390473627552935,20,38.46,1.923,81,75.51000000000002,0.9322222222222225,0.8491083558651396,0.5383573363753031,42,13,28.23328104947954,1,0,0.84,0.04260504124686122,0.34024977408504736,call_486215b37ca1,0,train
155.0,63,21,42,0.5,1.2057142857142853,1.210960657612671,0.029999999999986926,5.1299999999999955,0.960000000000008,1.004351256313827,1.7521428571428592,1.1586041553741182,0.09000000000000341,4.859999999999999,1.3649999999999984,25.319999999999993,73.59000000000009,0.16335483870967737,0.4747741935483877,1.2506249999999988,1.5454598830121744,-1.3200000000000003,4.890000000000001,1.3649999999999975,16,1.285999999999999,0.5187319704267873,3,2.31,0.77,59,57.71999999999992,0.9783050847457614,1.039081412200506,0.372387096774193,5,26,8.129032258064516,1,0,2.67,0.007507055252790451,0.05741348098187397,call_488e7b893457,0,train
151.84,58,25,33,0.7575757575757576,2.0232000000000006,1.4687004459725614,0.14999999999999147,5.010000000000005,1.8599999999999994,0.7259294414652833,1.660000000000002,1.1758188636010223,0.14999999999999858,4.289999999999992,1.6799999999999926,50.580000000000005,54.780000000000065,0.333113804004215,0.36077449947313,-0.03692307692308128,1.5353413551790591,-2.760000000000005,1.589999999999975,0.2699999999999818,13,1.1324999999999987,1.030067297007163,9,10.23000000000003,1.1366666666666698,48,56.249999999999964,1.1718749999999993,1.3615239525635439,0.3704557428872495,12,20,9.87881981032666,1,0,1.11,0.0,0.006234936895149683,call_4ac92327c83b,0,train
164.7,73,23,50,0.46,1.1804347826086947,0.8563796856581227,0.23999999999999488,2.8499999999999943,0.9900000000000002,0.7254781867453716,1.47,1.2133643563350993,0.14999999999997726,5.159999999999997,1.0500000000000043,27.149999999999977,73.5,0.16484517304189422,0.44626593806921677,2.43,1.3124785712536393,-0.9899999999999949,3.239999999999995,2.8500000000000014,9,2.1524999999999994,0.5259481234603184,1,0.9899999999999949,0.9899999999999949,71,63.72000000000002,0.8974647887323947,0.9774496235610287,0.3868852459016395,14,41,8.378870673952642,1,0,10.65,0.5835928797721863,0.6915298700332642,call_4affad158a4c,1,val
213.5,171,132,39,3.3846153846153846,0.727727272727273,1.2715642773024056,0.029999999999986926,12.480000000000004,0.36000000000000654,1.7473088132825054,1.572307692307694,1.1783048965143963,0.030000000000001137,4.200000000000017,1.3499999999999943,96.06000000000003,61.320000000000064,0.44992974238875894,0.28721311475409866,-0.6993750000000022,1.566823244863683,-3.6299999999999955,4.860000000000001,-0.7800000000000011,32,-0.0077419354838716625,1.1670210214542522,35,42.450000000000074,1.212857142857145,131,97.31999999999998,0.7429007633587785,0.694149716226891,0.45583138173302096,100,7,37.096018735363,1,0,4.26,0.47733336333185433,0.9993394017219543,call_4b1bec58d02d,1,train
150.9,67,29,38,0.7631578947368421,1.1472413793103438,1.3670272662964815,0.02999999999999936,5.280000000000001,0.7800000000000011,1.191577719344695,1.9665789473684185,1.4251036497454437,0.23999999999999488,4.980000000000004,1.619999999999994,33.26999999999997,74.72999999999989,0.22047713717693815,0.49522862823061553,0.39299999999999946,1.675914675632386,-3.5700000000000074,2.069999999999993,0.9600000000000044,10,1.2870000000000026,0.5606157329222904,4,4.740000000000009,1.1850000000000023,62,45.990000000000144,0.7417741935483894,0.7680708731675444,0.3047713717693846,19,27,11.530815109343935,1,1,9.45,0.0,0.002226349495079679,call_4baef170cf46,0,train
130.76,60,25,35,0.7142857142857143,1.395599999999999,1.3691453538613063,0.030000000000000027,6.030000000000001,0.9899999999999949,0.9810442489691225,1.7340000000000009,1.248960037979834,0.15000000000000568,4.260000000000005,1.5600000000000023,34.88999999999998,60.69000000000003,0.26682471703884963,0.4641327623126341,-0.04363636363636376,1.3971991463443763,-2.0700000000000003,1.3799999999999955,1.019999999999996,11,1.392,0.5157906552081004,5,7.3500000000000005,1.4700000000000002,54,40.739999999999995,0.7544444444444445,0.6014813997239118,0.3115631691648822,14,24,11.471397981033956,1,0,1.23,0.0,0.0026115253046251987,call_4c278007298d,0,train
154.62,57,16,41,0.3902439024390244,1.5562499999999986,0.913556238006178,0.29999999999999716,4.079999999999998,1.3949999999999996,0.5870240886786692,1.6821951219512201,0.9811052751746924,0.030000000000001137,4.289999999999992,1.5899999999999963,24.899999999999977,68.97000000000003,0.16103996895615041,0.4460613116026389,2.3759999999999994,0.8947401857522645,1.6799999999999997,4.109999999999999,2.069999999999998,10,1.563000000000001,0.6017391461422472,0,0.0,0.0,56,59.489999999999995,1.0623214285714284,0.9854818684212366,0.3847497089639115,6,30,6.208769887466046,1,1,9.42,0.0,0.19508098434016574,call_4c8c40f7c2fd,0,train
140.74,62,21,41,0.5121951219512195,1.8985714285714281,1.236463851935372,0.09000000000000341,5.219999999999999,1.6799999999999997,0.6512601176484278,1.5848780487804879,0.9981686279161935,0.14999999999999858,3.780000000000001,1.5300000000000011,39.86999999999999,64.98,0.2832883330964899,0.46170243001278954,0.6869999999999996,1.7048431012852765,-1.0200000000000031,2.819999999999993,0.5700000000000003,10,0.46333333333333354,2.0844123872209135,8,10.259999999999991,1.2824999999999989,53,44.910000000000004,0.8473584905660378,1.0012629542874576,0.31909904788972576,11,31,8.952678698308938,1,0,9.6,0.1533608851954341,0.672967417165637,call_4cd5b14fbe3c,1,train
150.96,61,17,44,0.38636363636363635,1.4241176470588248,0.8398069631136195,0.05999999999999872,2.790000000000001,1.2600000000000051,0.5897033611289351,1.5818181818181807,0.9163483462934574,0.2700000000000031,4.319999999999993,1.5449999999999946,24.210000000000022,69.59999999999995,0.1603736089030208,0.461049284578696,2.5440000000000014,1.9815549449863854,-0.75,4.920000000000002,2.745000000000001,10,1.3379999999999999,1.192577041536522,2,1.5600000000000023,0.7800000000000011,58,57.510000000000026,0.9915517241379315,1.2120242625736295,0.38096184419713847,7,33,6.756756756756757,1,1,12.63,0.40573432445526125,0.6700063686197003,call_4d8129939686,1,train
99.98,51,20,31,0.6451612903225806,1.3785,1.3825539867635503,0.02999999999999936,4.769999999999996,0.9450000000000012,1.00294086816362,1.3151612903225796,1.1221523098276867,0.05999999999999872,3.8699999999999974,0.9899999999999984,27.57,40.76999999999997,0.27575515103020604,0.4077815563112619,0.620000000000001,1.1427598172844553,-1.1099999999999994,1.6200000000000045,1.2300000000000004,9,0.7666666666666662,1.0228758477938562,6,4.080000000000002,0.6800000000000003,44,34.080000000000034,0.7745454545454553,0.6250561074181419,0.34086817363472727,11,21,12.002400480096018,1,1,8.73,0.013721142150461673,3.5561531224933183e-06,call_4e60206f7e8a,0,train
136.52,48,13,35,0.37142857142857144,2.476153846153847,2.449324867732394,0.29999999999999716,8.34,1.5600000000000023,0.9891650599726969,1.660285714285714,1.2846113756909607,0.12000000000000455,4.710000000000001,1.0200000000000031,32.19000000000001,58.109999999999985,0.23578962789334904,0.42565191913272765,2.4870000000000005,1.3874761259207316,-1.2000000000000028,4.109999999999999,2.820000000000003,10,1.0533333333333346,1.0682111214549326,3,2.670000000000009,0.8900000000000029,44,47.64000000000001,1.082727272727273,1.0546802968393918,0.3489598593612658,3,25,5.7134485789627885,1,0,11.07,0.504892098903656,0.9982897043228149,call_4e9cec0da4ea,1,train
151.94,78,31,47,0.6595744680851063,1.1361290322580648,1.6191060855079982,0.030000000000001137,7.829999999999998,0.30000000000001137,1.4251075710036323,1.6442553191489369,1.3066015404739586,0.15000000000000568,4.890000000000001,1.1399999999999864,35.22000000000001,77.28000000000003,0.23180202711596692,0.5086218244043703,-0.12600000000000006,1.2948050046242472,-2.37,2.069999999999993,0.14999999999999147,20,1.102499999999998,0.8322883799311538,9,11.69999999999999,1.299999999999999,68,49.88999999999996,0.7336764705882347,0.640067404127224,0.3283532973542185,11,26,12.241674345136238,1,1,0.78,0.0,0.01609575453524788,call_4f0dad5104b3,0,train
131.2,68,22,46,0.4782608695652174,0.9545454545454549,0.9269598402598395,0.06000000000000005,3.3299999999999983,0.5699999999999967,0.9711007850341171,1.4849999999999992,1.2472650079273464,0.11999999999999034,4.650000000000006,1.2899999999999991,21.000000000000007,68.30999999999995,0.16006097560975616,0.5206554878048777,0.36000000000000193,1.6498363555213593,-3.3299999999999983,1.6500000000000057,1.2300000000000004,11,1.5272727272727276,0.6860042406441966,4,5.820000000000005,1.4550000000000012,63,46.470000000000034,0.7376190476190482,0.6852847637101467,0.354192073170732,11,34,10.060975609756099,1,1,0.96,0.018282417207956314,0.05315619692820898,call_51851f91f064,0,train
164.14,67,25,42,0.5952380952380952,1.1136000000000004,0.8778234446629916,0.06000000000000005,2.879999999999999,0.8399999999999963,0.7882753633827149,2.102142857142857,1.2218509264272581,0.18000000000000682,5.549999999999997,2.0999999999999943,27.84000000000001,88.28999999999999,0.16961130742049477,0.5378944803216766,0.5953846153846142,1.2999526618600064,-2.25,2.489999999999995,1.259999999999998,13,1.2946153846153838,1.0451922900007082,5,6.059999999999988,1.2119999999999975,61,52.88999999999998,0.8670491803278684,0.729288110105316,0.32222492993785784,12,28,9.138540270500792,1,1,0.99,0.05164647996425629,0.00016777475044212528,call_5273f6be303c,0,train
145.34,54,18,36,0.5,2.038333333333334,1.781061316115958,0.02999999999999403,5.610000000000001,1.6799999999999997,0.8737831477265532,1.7491666666666665,1.1169125173569212,0.18000000000000682,3.780000000000001,1.4250000000000007,36.69000000000001,62.96999999999999,0.2524425485069493,0.433259942204486,1.6881818181818173,1.2019552253043215,-1.0799999999999983,3.180000000000007,1.9500000000000028,11,1.2954545454545432,1.4579393926797062,3,3.719999999999999,1.2399999999999995,50,48.14999999999998,0.9629999999999995,0.8600361881327774,0.33129214256226763,7,24,7.4308517957891835,1,1,9.51,0.5890085136517882,0.8312992552916209,call_52ba7c3bd761,1,train
164.46,67,31,36,0.8611111111111112,1.4748387096774196,1.192227246145471,0.20999999999999375,4.439999999999998,0.960000000000008,0.808378054035643,1.618333333333333,1.2658424636806693,0.12000000000000455,4.8300000000000125,1.379999999999999,45.720000000000006,58.259999999999984,0.27800072966070777,0.3542502736227653,2.7366666666666655,2.246986871345712,-1.1700000000000017,4.829999999999998,3.8100000000000023,9,1.6162499999999982,1.114154868691318,3,2.1300000000000026,0.7100000000000009,63,61.47000000000001,0.9757142857142859,1.2013765146505546,0.3737686975556367,22,27,11.309740970448741,1,0,12.24,0.24868725389242174,0.6650277091733491,call_52bfee0220ab,1,train
124.62,46,13,33,0.3939393939393939,1.797692307692307,1.2177106514969935,0.1799999999999926,4.050000000000001,1.4099999999999966,0.6773743461472367,1.6518181818181825,1.0820017749103232,0.18000000000000682,4.5,1.2600000000000016,23.36999999999999,54.510000000000026,0.18753009147809332,0.43740972556572,2.1599999999999984,1.1934571630351887,-1.1099999999999994,3.089999999999999,2.280000000000001,11,1.0139999999999991,1.439222012060685,3,4.3500000000000085,1.4500000000000028,42,49.85999999999999,1.187142857142857,0.9961371384534716,0.40009629272989883,2,22,6.259027443428021,1,0,10.62,0.2826565861701965,0.7653991083304087,call_54a09817b7e2,1,train
123.96,59,18,41,0.43902439024390244,1.2183333333333342,1.1496252586360993,0.029999999999999805,3.3900000000000006,1.1099999999999994,0.943604863449602,1.5782926829268287,1.3503812469799492,0.11999999999999034,6.029999999999998,1.3200000000000003,21.930000000000017,64.70999999999998,0.17691190706679588,0.5220232333010647,0.48500000000000004,1.4472450317130763,-2.4299999999999997,1.6199999999999992,1.1999999999999957,12,1.2674999999999994,0.7633672415387938,4,6.390000000000006,1.5975000000000015,54,42.42000000000001,0.7855555555555557,0.6369848393286848,0.34220716360116177,6,28,8.712487899322364,1,1,0.72,0.0,0.00034916343186826754,call_565b6523733e,0,train
153.6,76,30,46,0.6521739130434783,0.9180000000000005,0.8050076033052808,0.09000000000000341,3.0600000000000023,0.6449999999999996,0.8769146005504143,1.5006521739130438,1.2023225712001722,0.09000000000000341,4.679999999999993,1.124999999999993,27.540000000000013,69.03000000000002,0.1792968750000001,0.4494140625000001,0.6623076923076925,1.4500411134754867,-2.16,2.46,0.9300000000000068,13,1.4307692307692297,1.353738413545134,4,4.470000000000001,1.1175000000000002,71,59.789999999999964,0.8421126760563376,0.91130505397943,0.3892578124999998,17,32,11.71875,1,1,1.47,0.09248042404651642,0.00035080000490476476,call_568b5e814bc3,0,train
134.38,48,15,33,0.45454545454545453,2.0280000000000005,2.2997024652270635,0.030000000000001137,6.689999999999998,1.1400000000000006,1.1339755745695577,1.792727272727271,1.1880584811133907,0.2700000000000031,5.040000000000006,1.5899999999999892,30.42000000000001,59.15999999999994,0.22637297216847752,0.44024408394106224,1.8540000000000014,1.9262294775026167,-1.2300000000000004,5.25,2.0400000000000005,10,1.1969999999999998,0.6651992182797555,3,1.4100000000000001,0.47000000000000003,44,44.580000000000055,1.0131818181818195,1.1122484512626452,0.33174579550528394,5,22,6.6974252120851325,1,1,6.12,0.03913324773311615,0.001185853806873638,call_569ffb0869eb,0,val
159.18,55,16,39,0.41025641025641024,1.7306249999999999,1.8012235424843839,0.3299999999999983,7.529999999999999,1.0349999999999984,1.0407936684633494,1.9553846153846166,1.2070818359599542,0.29999999999999716,4.950000000000003,1.8000000000000003,27.689999999999998,76.26000000000005,0.17395401432340743,0.47908028646814954,2.2336363636363616,1.6273922251705153,-1.6199999999999903,5.429999999999993,2.25,11,1.4045454545454532,0.8525299248280236,2,2.519999999999996,1.259999999999998,52,56.42999999999995,1.0851923076923067,1.0362498191955465,0.3545043347154162,5,27,6.03090840557859,1,1,10.44,0.8341630712151527,0.8580834666887919,call_56f58de34ea0,1,train
147.56,61,15,46,0.32608695652173914,2.341999999999999,1.4462127881371516,0.35999999999999943,5.1899999999999995,1.980000000000004,0.6175118651311495,1.4628260869565206,1.1603996687798344,0.1799999999999926,4.259999999999998,1.1699999999999982,35.12999999999999,67.28999999999995,0.2380726484142043,0.45601789102737833,2.058750000000002,1.3539406771136104,-1.2000000000000028,3.030000000000001,2.4900000000000055,8,1.457142857142855,0.23549340300131924,1,1.2000000000000028,1.2000000000000028,59,45.15000000000006,0.7652542372881367,0.8386757951803494,0.30597722960151846,7,38,6.099213879100027,1,0,10.47,0.088542440533638,0.6694650386149684,call_578504f9f39e,1,train
173.08,72,21,51,0.4117647058823529,1.2914285714285714,1.0280626717972299,0.0899999999999892,3.75,0.8100000000000023,0.7960662281615718,1.745882352941176,1.35069341668728,0.0899999999999963,5.969999999999999,1.3799999999999955,27.119999999999997,89.03999999999998,0.156690547723596,0.5144441876588859,1.2325,1.692298732493763,-2.280000000000001,3.299999999999983,1.9200000000000017,12,1.7175000000000022,0.4373915449987177,3,3.5700000000000074,1.1900000000000024,68,59.25000000000002,0.871323529411765,0.8463316882891032,0.34232724751559984,9,38,7.279870580078576,1,1,9.57,0.10632578656077385,0.2778911335626617,call_57f113803718,0,train
145.54,56,19,37,0.5135135135135135,1.2742105263157915,0.7377918690967408,0.29999999999999716,3.3000000000000025,1.1700000000000017,0.5790188150697254,1.4708108108108113,1.063731321492569,0.14999999999999147,3.990000000000002,1.019999999999996,24.210000000000036,54.420000000000016,0.1663460217122443,0.37391782327882384,3.627,1.405521255620136,0.29999999999999716,5.400000000000001,3.8700000000000045,10,1.3033333333333286,1.669326211379906,3,0.960000000000008,0.32000000000000267,52,66.71999999999996,1.283076923076922,1.5076699832126863,0.45843067198021137,9,27,7.832898172323761,1,0,12.96,0.20777496434748174,0.7135902692874273,call_5823cd70919d,1,train
149.58,50,17,33,0.5151515151515151,2.4158823529411784,1.7404563296141957,0.39000000000000057,6.6,1.8599999999999994,0.7204226346102095,1.8181818181818175,1.4860212282834644,0.11999999999999744,5.490000000000009,1.1400000000000006,41.070000000000036,59.99999999999997,0.27456879261933437,0.4011231448054551,3.0300000000000007,0.9394360010133731,2.3100000000000023,5.699999999999999,2.8200000000000003,11,0.05699999999999985,2.5955904915837547,3,9.839999999999998,3.2799999999999994,46,57.24,1.2443478260869565,1.2464949118297244,0.38267148014440433,6,22,6.819093461692739,1,0,11.43,0.3939708644524217,0.9983934760093689,call_58a0f7394bc3,1,train
133.64,64,23,41,0.5609756097560976,1.013478260869566,1.31819990446908,0.03000000000000025,6.359999999999999,0.6000000000000014,1.3006691464087865,1.6895121951219507,1.4694555985457887,0.08999999999999986,7.409999999999997,1.3199999999999932,23.31000000000002,69.26999999999998,0.17442382520203548,0.5183328344806943,0.588461538461538,1.4812092253394753,-2.46,2.009999999999998,1.0500000000000007,13,1.0130769230769228,1.006391115284249,5,7.3500000000000005,1.4700000000000002,58,47.099999999999994,0.8120689655172413,0.6705346351343087,0.3524393894043699,10,27,10.326249625860521,1,1,0.72,0.0,0.0014201810079915351,call_58ed2170e352,0,val
144.06,70,22,48,0.4583333333333333,1.2627272727272716,1.0707104086636945,0.030000000000001137,3.809999999999988,1.1099999999999923,0.8479348088769366,1.4374999999999993,1.2001728598902004,0.029999999999997584,4.980000000000004,1.140000000000001,27.779999999999973,68.99999999999997,0.1928363182007495,0.4789670970428986,0.8236363636363632,1.6779289182040615,-3.0600000000000023,3.239999999999995,1.2900000000000063,11,1.0560000000000014,1.1150605364732455,4,6.359999999999999,1.5899999999999999,65,53.34000000000005,0.8206153846153855,0.8299188155383727,0.3702623906705543,11,37,9.162848812994584,1,0,9.42,0.0,0.0003397183196890789,call_5a6307557d57,0,train
145.16,61,30,31,0.967741935483871,1.3679999999999992,1.2593742288437768,0.17999999999999972,5.069999999999993,1.0200000000000031,0.9205951965232292,1.6964516129032259,0.9772462957620512,0.12000000000000455,4.260000000000019,1.7700000000000102,41.03999999999998,52.59,0.2827225130890051,0.362289887021218,2.5912499999999983,2.396351020674083,-1.1700000000000017,5.37,3.4649999999999963,8,1.278750000000001,1.3566917483348937,3,4.049999999999997,1.349999999999999,57,54.33000000000003,0.9531578947368426,1.1927596421365756,0.3742766602369801,22,22,12.400110223201985,1,1,12.99,0.3932393813505769,0.700000137090683,call_5a7a7e3c9588,1,train
65.64,39,17,22,0.7727272727272727,0.7235294117647058,1.0504757325640046,0.02999999999999936,3.8100000000000005,0.3000000000000007,1.4518770287469984,1.7277272727272726,1.1572624998272836,0.060000000000002274,4.019999999999996,1.3499999999999996,12.299999999999997,38.01,0.18738574040219375,0.5790676416819013,-0.7400000000000007,1.2749117616525463,-3.240000000000002,0.8399999999999963,-0.4499999999999993,9,1.1266666666666667,1.6191741722248405,8,10.439999999999996,1.3049999999999995,30,25.439999999999998,0.848,0.9095675364964797,0.3875685557586837,8,12,15.539305301645337,1,1,0.99,0.0,0.04284484311938286,call_5c9d19646f57,0,train
129.04,45,11,34,0.3235294117647059,1.9663636363636359,1.2979543345377957,0.5700000000000074,5.189999999999998,1.8300000000000125,0.6600784872822819,1.8582352941176463,1.5058964320865902,0.240000000000002,5.3999999999999915,1.4699999999999989,21.629999999999995,63.17999999999998,0.16762244265344076,0.4896156230626161,3.1114285714285708,0.32575187752995005,2.489999999999995,3.510000000000005,3.1799999999999997,7,1.4142857142857166,0.6644009116704888,0,0.0,0.0,44,43.02000000000002,0.9777272727272733,1.0755006700750698,0.33338499690018614,4,26,5.114693118412895,1,1,10.89,0.8967867851257324,0.9349480668703715,call_5d86f0ca06aa,1,train
96.24,55,48,7,6.857142857142857,1.4824999999999988,2.0450329030282326,0.030000000000001137,8.43,0.7950000000000017,1.3794488384676116,1.6200000000000006,1.419542179718518,0.08999999999999986,3.6300000000000026,0.9299999999999997,71.15999999999994,11.340000000000003,0.739401496259351,0.11783042394014967,0.8142857142857152,1.9835898193499009,-2.13,3.420000000000001,1.230000000000004,7,-1.855000000000001,2.1702603530452294,8,15.420000000000005,1.9275000000000007,46,28.890000000000054,0.6280434782608707,0.665474332304802,0.30018703241895317,41,0,29.925187032418954,1,0,2.58,0.756997761502862,0.9997599323590597,call_5e4539a471f6,1,val
111.84,55,26,29,0.896551724137931,0.9311538461538466,1.0432231857970828,0.030000000000001137,4.200000000000003,0.49500000000000455,1.1203553420373458,1.7751724137931026,1.21199546406994,0.0899999999999963,5.580000000000002,1.4699999999999989,24.21000000000001,51.479999999999976,0.21646995708154515,0.4603004291845491,-0.23769230769230912,1.777208268821983,-4.620000000000001,1.769999999999996,-0.12000000000000455,13,1.3915384615384623,1.4432535360187992,9,10.38000000000002,1.1533333333333355,43,44.67000000000003,1.0388372093023264,1.0744106009970698,0.39940987124463545,13,15,13.948497854077253,1,1,9.06,0.15728266648948191,0.3308215201857365,call_5f7a4b3e8ca9,0,train
153.18,70,19,51,0.37254901960784315,1.4321052631578952,1.067840910682072,0.14999999999999147,3.66,1.3200000000000074,0.7456441493186095,1.4511764705882342,1.0761759095219037,0.030000000000001137,3.8400000000000034,1.1999999999999957,27.210000000000008,74.00999999999995,0.17763415589502551,0.4831570701135915,1.6175000000000004,1.0528759315668332,-0.9600000000000009,2.610000000000003,1.9050000000000011,12,1.194999999999999,1.0923411055659726,3,2.5800000000000054,0.8600000000000018,66,53.25000000000004,0.8068181818181824,0.7420867854926377,0.347630238934587,7,38,7.442224833529181,1,1,10.14,0.296625248901546,0.9984846711158752,call_6058d9c5c82f,1,val
211.48,81,21,60,0.35,1.1128571428571414,0.9365049004524343,0.12000000000000455,2.759999999999991,0.5999999999999943,0.8415320029739471,2.1099999999999994,1.3636168257460113,0.2700000000000031,7.710000000000008,1.6949999999999896,23.369999999999973,126.59999999999997,0.11050690372612054,0.598638169094004,0.5100000000000012,1.895689848050045,-2.9400000000000013,3.0,1.275000000000004,16,1.633125000000001,0.820631616500363,6,10.409999999999998,1.7349999999999997,74,70.62000000000005,0.954324324324325,0.8368778917509955,0.33393228674106323,5,43,5.958010213731795,1,1,0.84,0.03428271636366844,0.0006188912940766992,call_60ffdefc5f5a,0,train
183.52,88,38,50,0.76,1.3468421052631585,1.0422639217125174,0.05999999999999872,5.670000000000002,1.0950000000000024,0.7738575424985471,1.4934,1.1435598018504158,0.20999999999997954,4.530000000000001,1.1699999999999946,51.18000000000002,74.67,0.27887968613775077,0.4068766346992153,0.4759999999999995,1.4398154643663774,-3.0,3.5999999999999943,0.6599999999999966,15,0.8479999999999994,1.900902793035832,9,11.24999999999999,1.249999999999999,78,67.37999999999998,0.8638461538461536,0.895852247165373,0.36715344376634684,23,34,12.423714036617262,1,1,9.27,0.23109943605959415,0.00034629329456947744,call_624a4731ab56,0,train
122.26,51,14,37,0.3783783783783784,1.189285714285715,1.1714846877472926,0.030000000000000027,3.3299999999999983,0.7050000000000018,0.9850321698776029,1.6208108108108106,1.3207476383943768,0.05999999999999872,4.950000000000003,1.2600000000000051,16.65000000000001,59.96999999999999,0.1361851791264519,0.4905120235563552,1.2179999999999989,0.8576945843364057,-1.14,1.9500000000000028,1.424999999999999,10,1.8060000000000003,0.790291085613395,1,1.14,1.14,49,45.56999999999999,0.9299999999999998,0.8046350104239803,0.3727302470145591,4,26,6.870603631604776,1,1,1.11,0.0,0.3139596036635339,call_63a156c6b8d9,0,train
146.64,79,32,47,0.6808510638297872,0.879374999999999,1.1216288199210203,0.030000000000001137,3.5700000000000074,0.269999999999998,1.2754840880409626,1.5134042553191493,1.2909370991239435,0.12000000000000455,5.430000000000007,1.1099999999999852,28.13999999999997,71.13000000000002,0.19189852700490978,0.4850654664484454,-0.12352941176470594,1.1081174417478874,-2.1,1.9500000000000028,-0.1799999999999926,17,1.4287500000000022,1.1357750657590613,11,8.46,0.7690909090909092,67,55.17000000000001,0.8234328358208955,0.8353978406955613,0.3762274959083471,15,30,13.09328968903437,1,0,0.96,0.0,0.0007893215370131657,call_64637c20ee66,0,val
131.78,61,23,38,0.6052631578947368,0.8660869565217406,0.8594170282572351,0.029999999999999805,3.0,0.44999999999999996,0.9922987776062436,1.8473684210526315,1.1763886198538986,0.269999999999996,5.489999999999995,1.7850000000000037,19.920000000000034,70.2,0.15116102595234507,0.5327060251935043,0.10599999999999833,1.698982048168843,-1.8900000000000006,3.5999999999999996,-0.8400000000000007,15,1.1479999999999981,0.9815527058114191,11,11.220000000000013,1.0200000000000011,49,51.23999999999998,1.0457142857142854,0.899520705709435,0.3888298679617543,8,22,10.471998785855213,1,1,1.44,0.0,0.01610843690044324,call_65a7cdefc22d,0,train
184.58,78,21,57,0.3684210526315789,1.8514285714285719,1.509066882925621,0.09000000000000341,5.8799999999999955,1.230000000000004,0.8150824213332828,1.3226315789473695,1.1405818163109778,0.030000000000001137,4.890000000000015,0.9899999999999949,38.88000000000001,75.39000000000006,0.21064037273810818,0.408440784483693,3.2725000000000013,1.2298641831889037,0.6599999999999966,5.1299999999999955,3.615000000000009,12,0.7663636363636339,1.295594633573888,4,2.8200000000000163,0.7050000000000041,73,71.99999999999994,0.9863013698630131,1.2042107914053037,0.39007476432982957,9,45,6.826308375772023,1,0,11.94,0.4100011870265007,0.7023847252130508,call_6756c4a91509,1,train
166.7,63,25,38,0.6578947368421053,1.6704,1.5152653233015003,0.1799999999999926,5.879999999999999,1.2900000000000063,0.907127228987967,1.8757894736842124,1.4068781456270312,0.15000000000000568,5.310000000000002,1.4699999999999989,41.760000000000005,71.28000000000007,0.25050989802039597,0.42759448110377973,1.5666666666666649,1.0739180601889553,-1.0500000000000114,2.6399999999999997,1.7099999999999937,9,2.1399999999999983,0.7483481809959827,1,1.0500000000000114,1.0500000000000114,61,53.45999999999994,0.8763934426229498,0.8782729886675051,0.3206958608278341,16,28,8.998200359928015,1,1,10.35,0.0009878086857497692,0.00026877005764921097,call_678ee1dd2242,0,val
158.86,40,7,33,0.21212121212121213,1.6585714285714341,0.9122029849294977,0.5400000000000063,2.670000000000016,1.3500000000000085,0.5499931864346651,1.903636363636364,1.226704982314967,0.23999999999999488,4.77000000000001,1.5600000000000023,11.610000000000039,62.82000000000001,0.07308321792773535,0.3954425280120861,2.27142857142857,1.5470340286219544,0.0,4.499999999999986,1.7700000000000031,7,1.4657142857142798,1.0263666846836847,1,0.6900000000000119,0.6900000000000119,37,83.96999999999996,2.2694594594594584,3.167532290413281,0.528578622686642,0,25,2.6438373410550167,1,1,22.62,0.2366497337818146,0.6666188189992681,call_68544c09a58b,1,train
97.42,39,12,27,0.4444444444444444,1.485,1.0642410868356331,0.15000000000000002,3.240000000000002,1.320000000000002,0.7166606645357798,1.722222222222223,1.0834003924018165,0.17999999999999972,3.8700000000000045,1.6200000000000045,17.82,46.50000000000002,0.18291931841510983,0.47731471977006795,1.1279999999999977,2.058402293041862,-2.4899999999999998,2.6400000000000006,1.8900000000000006,5,2.0340000000000016,0.5537418170952944,1,2.4899999999999998,2.4899999999999998,37,29.339999999999975,0.7929729729729723,0.77141235861699,0.30117019092588765,7,21,7.39067953192363,1,1,0.6,0.0032860271632671354,0.0001809987583290725,call_6971b2685c1d,0,val
152.04,58,15,43,0.3488372093023256,2.1660000000000013,2.2312418067076467,0.0899999999999963,7.680000000000003,1.5300000000000011,1.0301208710561613,1.502790697674418,1.0972201358788825,0.14999999999999147,4.319999999999993,1.3499999999999943,32.490000000000016,64.61999999999999,0.21369376479873728,0.42501973164956586,1.5359999999999971,1.8930293183149602,-2.3700000000000045,4.050000000000001,2.174999999999999,10,2.0460000000000016,1.10252437614776,2,3.3300000000000054,1.6650000000000027,55,57.029999999999994,1.0369090909090908,1.065907494991375,0.3750986582478295,5,32,5.919494869771113,1,1,11.64,0.7382196996361017,0.9961143732070923,call_6afd8cabf618,1,train
153.0,67,22,45,0.4888888888888889,1.3377272727272709,0.8897829153021752,0.030000000000000027,3.0600000000000023,1.3799999999999955,0.6651452306030541,1.7586666666666657,1.0410650141256144,0.20999999999999375,3.9000000000000057,1.5,29.429999999999957,79.13999999999996,0.1923529411764703,0.517254901960784,0.8236363636363653,1.4723469205813726,-2.1599999999999966,3.210000000000001,1.2299999999999898,11,1.194000000000003,0.9483459284459458,3,4.739999999999997,1.579999999999999,63,48.69000000000008,0.7728571428571441,0.7828925451983753,0.3182352941176476,11,34,8.627450980392158,1,0,1.11,0.0,0.09837628190871328,call_6b0cc9c966a1,0,train
162.5,133,112,21,5.333333333333333,0.47758928571428644,0.7464199787981531,0.02999999999999936,4.800000000000001,0.22499999999999787,1.5628909632715091,2.067142857142859,1.0457444375044154,0.2400000000000091,4.170000000000002,2.4299999999999997,53.49000000000008,43.41000000000004,0.32916923076923127,0.26713846153846177,-1.383529411764707,0.9976907159565445,-3.780000000000001,-0.18000000000000682,-1.3200000000000003,17,0.3187500000000003,0.7423914062002631,21,25.560000000000034,1.2171428571428589,110,90.29999999999991,0.8209090909090901,0.8309644506627362,0.5556923076923072,95,4,41.35384615384615,1,0,3.87,0.693586188275367,0.9999434947967529,call_6b31fbd81fc3,1,train
139.18,50,18,32,0.5625,1.9050000000000022,1.600809537849705,0.27000000000001023,6.75,1.5899999999999999,0.8403199673751722,1.6518749999999998,1.0137456495272772,0.15000000000000568,3.5700000000000074,1.8450000000000002,34.29000000000004,52.85999999999999,0.24637160511567782,0.37979594769363406,3.0128571428571447,2.610911171000872,-2.6099999999999994,5.34,3.780000000000001,7,2.389999999999999,0.501158657512767,1,2.6099999999999994,2.6099999999999994,48,53.45999999999998,1.1137499999999996,1.372383584180335,0.38410691191263097,11,25,7.759735594194567,1,0,13.47,0.4803325854241848,0.673824205994606,call_6b6499e4474f,1,train
129.44,49,20,29,0.6896551724137931,2.013000000000001,1.5179213626396753,0.21000000000000085,5.91,1.634999999999998,0.75405929589651,1.976896551724137,1.262124352737637,0.15000000000000568,5.009999999999998,2.1000000000000085,40.26000000000002,57.32999999999998,0.3110321384425218,0.44290791100123594,1.0500000000000018,1.6408839081421909,-1.4099999999999966,2.25,1.769999999999996,7,1.504999999999999,0.9697783251857095,3,3.089999999999989,1.0299999999999965,45,33.81,0.7513333333333334,0.7225510362597239,0.26120210135970334,13,22,9.27070457354759,1,0,9.27,0.45545281488448386,0.6953634123007456,call_6c8d4490f8d7,1,val
153.5,81,29,52,0.5576923076923077,0.8689655172413787,0.6923941116960278,0.05999999999998806,2.4000000000000004,0.7199999999999989,0.7968027475866992,1.541538461538464,1.196334900673778,0.09000000000000341,4.980000000000004,1.2750000000000021,25.19999999999998,80.16000000000012,0.16416938110749174,0.5222149837133558,0.09545454545454649,1.7400940413458352,-3.990000000000009,1.8000000000000007,1.0799999999999983,11,1.4645454545454533,0.32110321195415326,5,7.020000000000003,1.4040000000000006,75,53.939999999999905,0.7191999999999987,0.7083684336825286,0.3514006514657974,18,40,11.335504885993487,1,1,8.88,0.0,0.0021686240594741926,call_6d88a2e95795,0,train
131.88,107,82,25,3.28,1.026219512195123,1.5488184586600777,0.02999999999999403,8.040000000000001,0.4200000000000017,1.5092467452183749,1.4507999999999992,1.0016316688284168,0.2099999999999973,4.200000000000003,1.3499999999999943,84.15000000000009,36.26999999999998,0.6380800727934492,0.2750227479526841,-0.859090909090909,1.1326282502422196,-3.75,0.8699999999999974,-0.644999999999996,22,-0.2942857142857137,0.9681506671410781,26,30.419999999999998,1.1700000000000002,79,41.369999999999926,0.5236708860759485,0.5122528853022558,0.313694267515923,60,3,37.306642402183805,1,0,3.03,0.711799519509077,0.9997856219609579,call_6dfa70c50ea5,1,train
165.04,72,28,44,0.6363636363636364,1.5139285714285724,1.375148043978227,0.029999999999999805,5.190000000000001,0.9600000000000009,0.9083308617926477,1.731136363636364,1.0820828664246211,0.21000000000000085,4.6200000000000045,1.470000000000006,42.39000000000002,76.17000000000002,0.2568468250121184,0.46152447891420273,0.5057142857142877,1.2170058737340954,-1.5,1.8000000000000007,1.1399999999999935,14,1.4930769230769212,0.4566432709709822,5,5.099999999999973,1.0199999999999947,66,49.619999999999926,0.7518181818181807,0.6468168426780704,0.3006543868153171,14,30,10.179350460494426,1,0,2.04,0.0,6.079963350202888e-05,call_6e83cb807322,0,train
163.68,68,26,42,0.6190476190476191,1.720384615384617,1.3220695315125628,0.14999999999999147,5.67,1.3800000000000026,0.7684732353974201,1.4621428571428576,1.3859372732687212,0.060000000000002274,6.449999999999989,0.9900000000000073,44.73000000000004,61.410000000000025,0.273277126099707,0.3751832844574781,2.125714285714284,1.6997407688582051,-0.5100000000000051,5.640000000000001,2.249999999999993,14,0.2292857142857132,1.90161657659887,9,9.090000000000009,1.010000000000001,58,65.33999999999995,1.1265517241379301,1.1135316848061174,0.3991935483870964,12,27,9.530791788856304,1,1,12.87,0.27413310110569,0.9960158069928488,call_70101b573bb2,1,train
170.0,74,35,39,0.8974358974358975,1.523142857142856,1.2330540072818987,0.030000000000001137,5.219999999999999,1.2300000000000182,0.8095458685962575,1.4315384615384612,1.1604457819973604,0.060000000000002274,4.530000000000001,0.9300000000000068,53.30999999999996,55.829999999999984,0.3135882352941174,0.32841176470588224,2.2100000000000053,1.9266504141078153,-0.9000000000000057,4.470000000000013,2.9549999999999983,12,0.5236363636363645,1.3429391105130053,7,4.9199999999999875,0.7028571428571411,65,64.65000000000003,0.9946153846153851,1.1271508285871144,0.380294117647059,23,27,12.352941176470587,1,0,11.7,0.7411322273313999,0.6740509619315466,call_70de89818ee5,1,train
211.42,106,32,74,0.43243243243243246,1.078125,1.1218229332423129,0.030000000000001137,4.139999999999999,0.5400000000000205,1.040531416340696,1.5429729729729726,1.2426504260858375,0.08999999999997499,5.8799999999999955,1.125000000000007,34.5,114.17999999999998,0.16318229117396651,0.5400624349635795,0.3757142857142886,1.0919595753899118,-1.2000000000000002,2.0700000000000003,0.14999999999999858,21,1.0484999999999978,0.8967031721519542,11,8.069999999999997,0.7336363636363633,94,69.84000000000002,0.7429787234042553,0.6325895402424548,0.33033771639390797,11,53,9.081449247942485,1,0,1.17,0.09642857164144517,0.0028333108020888176,call_716d56beca2a,0,train
101.24,44,14,30,0.4666666666666667,1.6264285714285716,1.2788252249795329,0.39000000000000057,4.3799999999999955,1.2450000000000019,0.7862781356922907,1.393000000000001,1.0585421008681448,0.060000000000002274,3.210000000000008,1.0950000000000024,22.770000000000003,41.79000000000003,0.22491110233109446,0.41278150928486795,1.242,1.1556123917646426,-0.9600000000000009,2.3100000000000023,1.83,10,1.226999999999999,1.1351167340850936,4,2.160000000000011,0.5400000000000027,39,37.52999999999999,0.962307692307692,0.785186741242797,0.37070327933623065,4,19,8.297115764519953,1,1,10.41,0.32284739390015604,0.6667995870229788,call_71fec5a6b017,1,train
103.24,52,20,32,0.625,1.2240000000000004,1.136904384259015,0.0600000000000005,4.260000000000002,0.9149999999999965,0.9288434511920054,1.4353125000000007,0.87108750856653,0.08999999999999986,3.960000000000001,1.3200000000000074,24.480000000000008,45.93000000000003,0.23711739635800086,0.4448857032158081,-0.7707692307692302,1.086120477805152,-1.7100000000000009,2.6700000000000017,-1.08,13,1.670769230769229,1.0478824801988507,13,13.350000000000005,1.0269230769230773,38,44.90999999999997,1.1818421052631571,1.0840137010781623,0.43500581170089087,7,18,11.623401782254941,1,1,5.64,0.02635157164186239,0.8984416921933492,call_743448b8a861,1,val
148.14,76,33,43,0.7674418604651163,0.7027272727272722,0.7423496174616472,0.030000000000000027,3.239999999999995,0.539999999999992,1.0563836729725906,1.811162790697673,1.320195168295971,0.0600000000000005,5.130000000000003,1.5900000000000034,23.189999999999987,77.87999999999995,0.15654110976103677,0.5257189145402994,-0.18000000000000022,1.3205212874422867,-3.780000000000001,1.019999999999996,0.22499999999999432,18,1.362352941176472,0.9574806095410285,10,11.28,1.128,65,58.02000000000005,0.8926153846153855,0.8725989860093902,0.39165654110976145,15,25,13.365735115431349,1,0,1.83,0.0,0.00017577309123832188,call_74b20933dd43,0,val
140.48,73,31,42,0.7380952380952381,0.913548387096774,0.8538093010623893,0.029999999999997584,2.88,0.6900000000000048,0.9346076388747907,1.5907142857142862,1.152228790071221,0.12000000000000455,5.039999999999992,1.2150000000000016,28.319999999999993,66.81000000000002,0.20159453302961272,0.47558371298405483,0.17571428571428602,1.611338260270323,-2.6099999999999994,2.3999999999999995,-0.120000000000001,14,1.0264285714285728,1.2125218928577506,10,10.980000000000008,1.0980000000000008,62,55.08,0.8883870967741935,0.7769363827119938,0.3920842824601367,17,27,13.240318906605925,1,1,2.79,0.304249007999897,0.75788281361262,call_750153d8eb40,0,train
150.04,60,17,43,0.3953488372093023,1.5564705882352958,1.2412390038610155,0.21000000000000085,3.930000000000007,1.0200000000000102,0.7974702594723069,1.7783720930232565,1.2153363834416147,0.12000000000000455,4.409999999999997,1.5300000000000011,26.46000000000003,76.47000000000003,0.17635297254065602,0.5096640895761132,1.6999999999999984,1.077446476207012,-0.6600000000000001,2.519999999999996,2.2500000000000004,12,1.0074999999999996,0.9851914903851275,4,2.4599999999999973,0.6149999999999993,55,48.32999999999994,0.8787272727272717,0.7760299119508367,0.3221141029058914,5,30,6.798187150093309,1,1,9.81,0.20030128061771393,0.6871851546068987,call_7519d635bbbb,1,train
143.68,47,16,31,0.5161290322580645,2.8968750000000005,1.5192354162538464,0.5100000000000051,5.130000000000003,3.554999999999998,0.524439410141565,1.7506451612903247,1.3988183953701099,0.20999999999999375,4.710000000000008,1.5300000000000011,46.35000000000001,54.270000000000074,0.3225918708240535,0.37771436525612523,2.8885714285714275,0.6484707284945752,2.25,4.019999999999996,2.6400000000000006,7,1.2899999999999991,0.5949789912257404,0,0.0,0.0,45,41.78999999999993,0.9286666666666651,0.9671105041683329,0.2908546770601331,9,23,6.681514476614699,1,1,10.83,0.05638487683609128,0.9990137815475464,call_7601ac7d4fbf,1,train
61.0,32,16,16,1.0,1.125,0.8321778656032616,0.060000000000002274,3.1499999999999986,0.8549999999999995,0.7397136583140103,1.2093749999999996,1.1394060952970186,0.0600000000000005,3.719999999999999,0.7500000000000018,18.0,19.34999999999999,0.29508196721311475,0.3172131147540982,1.1250000000000013,1.8890814094232586,-1.1699999999999946,4.050000000000001,1.125,8,0.2512499999999993,1.6328803429172976,5,6.749999999999988,1.3499999999999974,26,29.819999999999993,1.1469230769230767,1.1226674279795215,0.48885245901639335,8,7,15.737704918032788,1,1,9.99,0.19637826308608056,0.43324747373117134,call_76856257e3ef,1,train
179.7,95,36,59,0.6101694915254238,0.9858333333333328,0.98679097511653,0.029999999999972715,3.3599999999999994,0.5550000000000006,1.0009714033303776,1.692203389830509,1.1762184699084717,0.11999999999999744,4.590000000000003,1.4699999999999989,35.48999999999998,99.84000000000002,0.1974958263772954,0.5555926544240402,-0.5250000000000019,1.2245579223798106,-2.1000000000000014,2.130000000000001,-0.8399999999999963,20,1.2675000000000014,0.8719239162848286,17,18.480000000000025,1.0870588235294132,77,61.62000000000003,0.8002597402597407,0.7542423420855321,0.34290484140233746,16,38,12.020033388981638,1,1,9.63,0.0,0.0003451226272469891,call_7744ab92baa3,0,train
155.86,126,108,18,6.0,0.9127777777777772,1.4567033792788748,0.029999999999972715,8.82,0.4199999999999946,1.5959014502142277,2.101666666666667,0.9298845595651362,0.6299999999999955,3.6899999999999977,2.3249999999999957,98.57999999999994,37.830000000000005,0.6324906967791604,0.24271782368792508,-1.5431249999999994,1.0533927330298034,-3.539999999999992,0.41999999999999993,-1.5900000000000034,16,-0.1639999999999989,0.9474537304948302,23,30.689999999999976,1.3343478260869555,102,49.800000000000026,0.4882352941176473,0.36433422737514076,0.31951751571923537,92,2,41.57577312973181,1,0,2.58,0.8413850637152791,0.9998374581336975,call_794031bf2233,1,train
152.14,69,24,45,0.5333333333333333,1.5912499999999998,1.4022910213987874,0.15000000000000568,4.829999999999998,0.9450000000000003,0.8812512310440141,1.434,1.2384620227597563,0.060000000000002274,5.130000000000024,0.990000000000002,38.18999999999999,64.53000000000002,0.2510187984750887,0.424148810306297,1.4474999999999973,1.5660786291649849,-1.1099999999999994,4.049999999999997,1.8000000000000016,12,1.2790909090909102,1.7398589284505497,4,6.5400000000000205,1.6350000000000051,64,54.87000000000001,0.8573437500000003,0.8400476974128143,0.36065466018141196,12,33,9.464966478243724,1,0,10.02,0.7216120287775993,0.9960175355275472,call_7a250598cb8b,1,train
130.96,51,14,37,0.3783783783783784,2.040000000000002,1.523129369726376,0.21000000000000796,5.699999999999989,1.8450000000000006,0.7466320439835169,1.6297297297297293,1.3440248147644838,0.11999999999999034,6.329999999999998,1.230000000000004,28.560000000000024,60.29999999999998,0.21808185705558966,0.4604459376908978,2.051249999999999,0.1848889628166832,1.740000000000002,2.2800000000000082,2.0549999999999926,8,1.7399999999999973,0.4032369030731212,0,0.0,0.0,50,39.96000000000001,0.7992000000000001,0.7567353081035738,0.3051313378130727,6,29,6.4141722663408665,1,0,9.6,0.774820396117866,0.9960459272066752,call_7a345e2b0f37,1,train
242.82,82,32,50,0.64,1.8290624999999998,1.5919522593243007,0.09000000000000341,6.75,1.0200000000000102,0.8703651511767919,1.7898000000000007,1.191730845519771,0.12000000000000455,4.6200000000000045,1.5,58.52999999999999,89.49000000000004,0.24104274771435627,0.3685446009389673,2.870625000000003,2.38786227617926,-0.9299999999999997,5.670000000000016,3.7349999999999994,16,1.4099999999999981,1.70969922166778,5,5.489999999999974,1.0979999999999948,76,99.08999999999993,1.3038157894736833,1.5871365974443947,0.4080800593031873,16,34,7.907091672844083,1,0,12.39,0.5169300630688667,0.6190741953129569,call_7ae75e4aa32f,1,train
80.42,63,57,6,9.5,0.47473684210526335,0.48536475703167953,0.029999999999997584,1.7700000000000031,0.3299999999999983,1.0223869604880162,1.5200000000000007,0.9783250993407042,0.8399999999999999,2.94,0.9299999999999997,27.06000000000001,9.120000000000005,0.33648346182541666,0.11340462571499632,-0.43500000000000005,0.8917959407846616,-1.5599999999999996,0.6000000000000005,-0.39000000000000057,4,-0.8400000000000016,0.5230678732248807,6,4.860000000000006,0.8100000000000009,56,48.53999999999999,0.8667857142857142,0.5904516211198991,0.6035811987067893,53,2,42.526734643123596,1,0,4.83,0.7896982626989484,0.9997766812642416,call_7b14e69a57bd,1,train
124.74,50,12,38,0.3157894736842105,1.7675000000000003,1.3252864184428554,0.23999999999999488,4.349999999999998,1.3050000000000015,0.7498084404202858,1.5292105263157898,1.1335054014080987,0.060000000000002274,4.769999999999996,1.1700000000000008,21.210000000000004,58.110000000000014,0.17003367003367006,0.46584896584896596,1.9699999999999998,2.4250412367627874,-3.299999999999997,4.559999999999995,2.489999999999995,9,0.7333333333333333,1.9110795378528862,5,7.409999999999997,1.4819999999999993,44,51.59999999999998,1.1727272727272722,1.2647058002157523,0.4136604136604135,3,28,5.772005772005773,1,1,10.98,0.09915195908397437,0.6708934331933657,call_7b1e73c133f8,1,val
131.56,64,25,39,0.6410256410256411,1.1640000000000015,0.8128653024948224,0.11999999999999744,3.1799999999999997,0.8999999999999986,0.6983378887412555,1.456153846153846,1.1381462661173747,0.08999999999999986,4.050000000000011,1.3199999999999932,29.100000000000037,56.78999999999999,0.22119185162663452,0.43166615992702945,2.088750000000001,0.3874988479245546,1.6200000000000045,2.6700000000000017,1.980000000000004,8,1.3499999999999983,0.6191930232165057,0,0.0,0.0,63,44.519999999999975,0.7066666666666661,0.67512961718473,0.33840072970507734,17,31,11.401641836424444,1,0,10.35,0.03805575370788575,0.9510403871536255,call_7d4f3b80384e,1,train
128.16,48,14,34,0.4117647058823529,2.078571428571429,1.14432954601815,0.45000000000000284,4.289999999999999,1.9500000000000028,0.550536551348938,1.7047058823529422,1.204253157956912,0.18000000000000682,4.950000000000003,1.3649999999999984,29.10000000000001,57.960000000000036,0.22705992509363304,0.4522471910112362,2.579999999999999,0.18330302779823465,2.280000000000001,2.8800000000000026,2.6099999999999994,7,1.3714285714285686,0.5722886384633942,0,0.0,0.0,47,39.869999999999955,0.8482978723404248,0.845518413521592,0.31109550561797716,7,26,6.5543071161048685,1,1,10.23,0.4597171977162361,0.6776706042389075,call_7d5b26105bb5,1,train
127.54,54,20,34,0.5882352941176471,1.202999999999999,1.3234369131764074,0.05999999999998806,5.610000000000001,0.884999999999998,1.100113809789201,1.7126470588235276,1.2042281793835383,0.12000000000000455,5.159999999999997,1.3350000000000009,24.05999999999998,58.22999999999994,0.18864669907479992,0.4565626470127014,0.9109090909090916,1.110265324554943,-1.32,1.9799999999999969,1.38,11,1.5436363636363652,0.8654741212453748,3,2.8500000000000085,0.9500000000000028,50,46.860000000000085,0.9372000000000016,0.7840528928430205,0.36741414458209254,9,22,9.408812921436413,1,1,0.99,0.03675306774675846,0.00019823627493072612,call_7f82debeb19b,0,train
153.58,59,11,48,0.22916666666666666,2.2799999999999985,1.2340907584128502,0.6899999999999977,4.109999999999999,2.58,0.5412678764968645,1.6549999999999994,1.134313927052995,0.18000000000000682,4.950000000000017,1.259999999999998,25.079999999999984,79.43999999999998,0.1633025133480921,0.517254850892043,2.343750000000002,0.29061203888149045,2.1000000000000085,2.8200000000000074,2.1899999999999995,8,1.3350000000000017,1.6077313208369095,1,2.3999999999999915,2.3999999999999915,57,50.25000000000002,0.8815789473684215,0.9359731175048405,0.3271910405000652,3,39,4.2974345617919,1,1,9.75,0.21515247225761414,0.6805226070185503,call_802282383eb2,1,train
111.44,46,20,26,0.7692307692307693,1.4984999999999993,1.4412650693054356,0.0899999999999963,5.549999999999997,1.0049999999999972,0.9618051847216792,1.7573076923076922,1.1585803647302433,0.23999999999999488,4.440000000000001,1.5600000000000023,29.969999999999985,45.69,0.2689339554917443,0.40999641062455133,0.9060000000000024,2.181320700859917,-2.8500000000000014,3.150000000000002,2.2200000000000006,10,1.2833333333333312,0.7936938956549958,5,6.029999999999994,1.2059999999999989,40,40.68000000000001,1.0170000000000001,1.0068106536522614,0.36503948312993545,10,16,10.768126346015794,1,0,10.38,0.39589495304971933,0.9986952741940817,call_810c24005ecc,1,val
130.34,55,15,40,0.375,1.475999999999999,1.2439901239846838,0.17999999999999972,3.719999999999999,1.1700000000000017,0.842811737116995,1.586249999999999,1.1415007833819215,0.11999999999999034,4.650000000000006,1.3650000000000055,22.139999999999986,63.44999999999997,0.16986343409544258,0.48680374405401233,1.3920000000000012,2.106855476771012,-2.9700000000000024,3.4200000000000017,2.3550000000000018,10,1.2510000000000017,1.0151896374569627,5,5.07,1.014,49,48.66000000000004,0.9930612244897967,0.9546382475437855,0.3733312874021792,5,29,6.905017646156207,1,1,9.93,0.29054272547364235,0.6737466479341189,call_810e3066a7b4,1,val
131.88,70,23,47,0.48936170212765956,1.1021739130434778,0.9476140205884503,0.030000000000001137,4.199999999999999,0.8999999999999986,0.8597681449125983,1.261914893617022,1.1430235234710344,0.030000000000001137,4.050000000000001,0.8700000000000045,25.349999999999987,59.31000000000003,0.19222020018198352,0.4497270245677891,0.36230769230769183,1.6609392616135075,-2.009999999999998,3.09,0.269999999999996,13,0.8650000000000023,1.088138527277411,10,8.519999999999971,0.8519999999999971,58,54.50999999999994,0.9398275862068957,0.9049755087881393,0.413330300272975,10,34,10.464058234758872,1,0,9.54,0.30010662525892257,0.7372850378354391,call_81b12145be34,1,train
168.82,68,26,42,0.6190476190476191,1.4757692307692287,1.5365394185036017,0.030000000000001137,6.150000000000006,0.8550000000000004,1.0411786521004351,1.9707142857142856,1.2632447435987877,0.12000000000000455,5.430000000000007,1.874999999999993,38.36999999999995,82.77,0.22728349721596938,0.490285511195356,1.0450000000000006,1.3350893739235736,-2.730000000000004,2.4000000000000057,1.4549999999999983,12,1.2049999999999985,1.291098897697757,4,5.250000000000007,1.3125000000000018,63,51.66000000000006,0.820000000000001,0.7387478508237938,0.3060063973462864,14,29,9.240611301978438,1,1,8.91,0.007804858684539795,0.03337329780356413,call_81b98c77cf99,0,train
138.36,58,20,38,0.5263157894736842,1.6184999999999992,1.1004414186086744,0.39000000000000057,4.379999999999999,1.3500000000000014,0.6799143766504016,1.6476315789473692,1.2008385228225875,0.12000000000000455,4.289999999999992,1.3350000000000009,32.36999999999998,62.61000000000003,0.23395490026019067,0.4525151777970513,2.498999999999999,1.051384801107569,0.5099999999999909,4.049999999999997,2.8350000000000026,10,0.23100000000000023,1.5726442700114993,4,5.670000000000002,1.4175000000000004,53,47.879999999999995,0.9033962264150944,0.9824830070877846,0.3460537727666955,10,27,8.673026886383347,1,1,10.59,0.4761218436062336,0.9968844453493754,call_850d796d23a7,1,train
167.42,56,26,30,0.8666666666666667,2.278846153846154,2.272574446609971,0.060000000000002274,8.430000000000007,1.4699999999999998,0.9972478584280039,2.111999999999999,1.4894859099239792,0.18000000000000682,6.0,1.769999999999996,59.250000000000014,63.35999999999997,0.35390037032612603,0.3784494086727988,1.0474999999999997,1.7200640844298376,-2.6700000000000017,2.969999999999999,1.8450000000000077,12,1.1754545454545424,1.3218953334993189,7,6.000000000000016,0.8571428571428594,48,49.59000000000003,1.0331250000000007,1.0020047060024524,0.29620117070839824,14,18,9.317883168080277,1,0,9.42,0.47330077141523363,0.5342425884058079,call_8570ae0e7d61,1,train
127.54,51,16,35,0.45714285714285713,1.7849999999999997,1.3659721812687107,0.03000000000000025,4.049999999999997,1.665000000000001,0.7652505217191657,1.6928571428571428,1.1097921676882505,0.23999999999999488,4.140000000000001,1.3800000000000097,28.559999999999995,59.25,0.22392974753018655,0.46456013799592283,0.5774999999999987,1.853334832133686,-3.330000000000002,2.819999999999993,1.169999999999999,8,1.6687500000000006,0.33133657898189967,2,4.110000000000002,2.055000000000001,48,42.57,0.886875,0.9242251642621078,0.3337776383879567,8,26,7.52705033714913,1,1,2.76,0.08413995243608952,0.0007765103437122889,call_8834a90f11cd,0,train
175.92,65,20,45,0.4444444444444444,2.885999999999998,1.5051259782909583,0.269999999999996,5.640000000000001,2.894999999999996,0.5215266730044904,1.773333333333333,1.0293665307097637,0.21000000000000796,4.650000000000006,1.5300000000000011,57.719999999999956,79.79999999999998,0.32810368349249636,0.45361527967257836,1.4466666666666685,1.2433523233581076,-0.9000000000000057,2.6400000000000006,1.8599999999999994,9,1.0166666666666677,1.480025337620943,3,4.019999999999989,1.3399999999999963,61,41.190000000000055,0.6752459016393452,0.6743802254845481,0.2341405184174628,11,35,6.8212824010914055,1,1,9.87,0.375,0.994346559047699,call_8893de2fe204,1,train
131.34,46,14,32,0.4375,2.0271428571428585,1.4142757242404413,0.15000000000000568,4.770000000000003,1.994999999999994,0.6976694904639241,1.8393750000000004,1.183322107322186,0.17999999999999972,4.469999999999999,1.7550000000000026,28.380000000000017,58.860000000000014,0.21608040201005038,0.4481498401096392,2.078571428571429,2.8450859891599567,-3.0600000000000023,4.500000000000001,2.6700000000000017,7,1.1828571428571415,0.9601339192306149,3,3.780000000000001,1.2600000000000005,42,46.58999999999996,1.1092857142857133,1.4606370024621695,0.3547281863864775,7,24,6.395614435815441,1,1,12.06,0.39619921520352364,0.6736547822753588,call_88cd54e1e505,1,train
142.46,53,22,31,0.7096774193548387,2.0672727272727283,1.5560364233042068,0.35999999999999943,6.330000000000005,1.769999999999996,0.75270011681382,2.010000000000003,1.5124285107072009,0.20999999999999375,6.840000000000003,1.7700000000000102,45.480000000000025,62.31000000000009,0.31924750807244157,0.43738593289344435,1.4699999999999949,1.415505967086376,-0.960000000000008,2.519999999999996,2.0849999999999986,8,1.3799999999999966,0.3778888725538219,2,1.5900000000000034,0.7950000000000017,50,35.12999999999989,0.7025999999999978,0.6943145496657465,0.24659553558893646,14,23,9.265758809490382,1,0,9.54,0.346993762999773,0.6727295722812414,call_88d7858b7921,1,train
152.82,65,20,45,0.4444444444444444,1.600499999999999,1.166585097399108,0.14999999999999147,3.990000000000009,1.0949999999999998,0.728887908403067,1.6666666666666663,1.4934615069452821,0.14999999999999858,7.140000000000001,1.1700000000000017,32.00999999999998,74.99999999999999,0.20946211228896727,0.4907734589713388,-0.059999999999998395,2.322046511162082,-6.269999999999996,1.8599999999999994,0.8999999999999986,11,1.7427272727272742,2.137400715397519,6,11.63999999999999,1.9399999999999984,58,55.77000000000004,0.9615517241379317,1.1152354825274369,0.3649391440910878,9,33,7.852375343541422,1,1,9.78,0.057402850687503816,0.011349694192176685,call_893d552b156a,0,train
135.92,53,19,34,0.5588235294117647,1.9973684210526306,2.04123285760037,0.06000000000000005,5.970000000000001,1.4999999999999858,1.0219611144771292,1.7911764705882354,1.3054890287850285,0.11999999999999034,4.890000000000001,1.4100000000000001,37.94999999999998,60.9,0.27920835785756315,0.448057680988817,0.48545454545454675,1.2471356272383813,-1.9800000000000002,1.8599999999999994,0.7800000000000011,11,1.5240000000000014,0.6798235065073887,3,3.479999999999986,1.1599999999999955,48,39.80999999999999,0.8293749999999998,0.7211026021073268,0.2928928781636256,8,23,8.38728663919953,1,0,1.2,0.0,0.00016554715269497441,call_8a3996f823e4,0,train
182.72,75,25,50,0.5,2.174400000000001,1.9823493637600802,0.05999999999999517,8.61,1.5,0.9116764917954742,1.499400000000002,1.2691575383469365,0.05999999999997385,6.060000000000002,1.2300000000000004,54.360000000000035,74.9700000000001,0.29750437828371296,0.4102999124343263,1.033124999999997,2.1402421007914065,-1.2600000000000051,4.650000000000006,-0.18000000000000682,16,0.2831249999999996,2.444879598262459,15,18.000000000000057,1.2000000000000037,59,70.07999999999993,1.1877966101694903,1.503008555045525,0.38353765323992955,9,33,8.209281961471104,1,1,11.19,0.3741598859429359,0.7076129938165346,call_8a570a10920b,1,train
174.34,99,47,52,0.9038461538461539,0.520851063829786,0.7271768811411948,0.029999999999999805,4.260000000000005,0.3299999999999841,1.3961320838903692,1.5865384615384612,1.123010457960113,0.12000000000000455,4.799999999999997,1.365000000000001,24.47999999999994,82.49999999999997,0.14041528048640553,0.4732132614431569,0.2750000000000028,2.1671511524688496,-3.9299999999999926,5.280000000000001,0.7650000000000006,18,1.4433333333333334,0.9411132331696633,9,13.34999999999999,1.4833333333333323,89,79.38000000000008,0.8919101123595514,0.9304481769610888,0.4553171962831254,29,33,16.175289663875187,1,1,0.81,0.0,0.00417431815215726,call_8a61615c9927,0,train
133.92,65,21,44,0.4772727272727273,1.6714285714285726,1.8782046898948104,0.03000000000000025,5.400000000000006,0.7800000000000011,1.1237122076293729,1.5572727272727283,1.0359185647179383,0.15000000000000568,4.019999999999996,1.4099999999999966,35.10000000000002,68.52000000000005,0.2620967741935486,0.5116487455197137,-0.2723076923076925,1.497871566847181,-1.6799999999999926,4.11,-0.8400000000000034,13,0.7661538461538447,1.7350626235650126,12,14.189999999999998,1.1824999999999999,52,43.109999999999935,0.8290384615384603,0.8086814725105924,0.3219086021505372,8,30,9.408602150537636,1,1,1.17,0.0,0.0048591122807313996,call_8a9391c1823b,0,train
141.74,70,23,47,0.48936170212765956,1.3226086956521754,0.903489283486802,0.02999999999999936,3.8100000000000023,1.1099999999999994,0.6831115555620125,1.1814893617021274,0.9420513664648428,0.09000000000000341,3.210000000000001,1.1400000000000006,30.420000000000037,55.52999999999999,0.21461831522506022,0.3917736701001833,2.0650000000000017,1.3912094149924508,-0.7199999999999998,3.480000000000004,2.474999999999998,12,0.6899999999999994,1.5594806827915482,5,4.169999999999988,0.8339999999999976,64,58.73999999999995,0.9178124999999993,1.0408062637068578,0.414420770424721,11,35,9.736136588119091,1,0,6.15,0.02233049935894087,0.6857355808218321,call_8ade6f74aa33,1,train
160.72,60,18,42,0.42857142857142855,1.456666666666667,1.0557183225039675,0.20999999999999375,3.240000000000009,0.9750000000000014,0.7247494204832727,1.7228571428571424,1.1903233537199678,0.09000000000000341,4.980000000000004,1.3199999999999967,26.220000000000006,72.36,0.1631408661025386,0.45022399203583874,3.498000000000001,1.505934925552891,-0.05999999999998806,5.310000000000002,3.914999999999999,10,1.106999999999998,1.5593877003490808,3,2.7599999999999874,0.9199999999999958,56,63.71999999999999,1.1378571428571427,1.3855956569920838,0.3964659034345445,8,31,6.719761075161772,1,1,12.72,0.349099600687623,0.7221784392992655,call_8ae3fce602f3,1,train
130.84,52,16,36,0.4444444444444444,2.4468750000000012,1.8824442222812339,0.269999999999996,6.75,1.8300000000000054,0.7693258635121258,1.4083333333333334,1.1622920704981416,0.18000000000000682,4.170000000000002,0.8850000000000025,39.15000000000002,50.7,0.2992204218893306,0.3874961785386732,2.1833333333333322,0.412643914289306,1.6199999999999974,2.8799999999999955,2.190000000000005,9,1.064999999999999,1.071994136444519,2,0.990000000000002,0.495000000000001,49,40.82999999999999,0.8332653061224488,0.8021439702320222,0.3120605319474166,7,27,7.337205747477835,1,0,9.18,0.20667394814081488,0.7022674406568209,call_8c2ebe3761bb,1,train
150.88,66,32,34,0.9411764705882353,1.7146874999999984,1.3673850352689323,0.05999999999999517,5.549999999999997,1.5,0.7974543672062306,1.3870588235294103,1.0996956312013881,0.09000000000000341,3.8699999999999903,0.9750000000000014,54.86999999999995,47.159999999999954,0.3636664899257685,0.3125662778366911,2.04666666666667,1.434346541112015,-1.5899999999999963,2.8499999999999996,2.730000000000004,9,1.3124999999999996,1.0607510816128634,2,2.759999999999998,1.379999999999999,63,50.34000000000009,0.7990476190476204,0.8005234462640269,0.3336426299045605,23,25,12.725344644750797,1,0,11.01,0.29918754212558274,0.6634627541061491,call_8c6b33721067,1,train
175.7,67,23,44,0.5227272727272727,1.8847826086956532,1.118029392869507,0.3299999999999841,4.3500000000000085,2.009999999999991,0.5931874518108108,1.7986363636363654,1.207874533198403,0.15000000000000568,4.469999999999999,1.7400000000000055,43.35000000000002,79.14000000000006,0.24672737620944807,0.45042686397268106,1.6418181818181787,2.0450272280916844,-4.409999999999997,2.9099999999999966,2.009999999999991,11,1.7045454545454526,1.1580791305982807,2,4.8899999999999935,2.4449999999999967,64,57.779999999999916,0.9028124999999987,0.9166510280051267,0.32885600455321523,12,32,7.854297097324986,1,1,10.05,0.7517592739313841,0.7328260242938995,call_8cafd2754e55,1,val
135.4,59,17,42,0.40476190476190477,1.4117647058823546,0.8667268549990073,0.14999999999999147,3.240000000000002,1.3799999999999955,0.6139315222909627,1.3649999999999998,1.216897795175272,0.11999999999999034,4.109999999999999,0.9299999999999926,24.00000000000003,57.32999999999999,0.1772525849335305,0.4234121122599704,3.4425,1.9734143725315982,-1.0799999999999983,5.1299999999999955,3.870000000000001,8,1.0028571428571422,1.2124178911815633,3,2.430000000000007,0.8100000000000023,55,55.35,1.0063636363636366,1.3062008291455813,0.4087887740029542,9,34,7.533234859675036,1,0,12.51,0.41888255430385474,0.6726726368069649,call_8d3ea77f4bb4,1,train
141.64,70,21,49,0.42857142857142855,1.2242857142857153,1.191329389499695,0.060000000000002274,4.380000000000001,0.8700000000000045,0.9730811816216871,1.4069387755102023,1.184576584131845,0.21000000000000085,5.189999999999998,0.9300000000000068,25.710000000000022,68.93999999999991,0.18151652075684852,0.4867269133013267,1.0118181818181826,0.43847048205821604,-0.15000000000000568,1.6199999999999992,1.0500000000000114,11,1.2600000000000002,0.9869143833180258,2,1.470000000000006,0.735000000000003,67,48.12000000000006,0.7182089552238815,0.6053597111788898,0.339734538266027,10,38,8.895792149110422,1,0,9.75,0.029535358399152757,0.00015194718048405775,call_8d6cd93e02b8,0,train
163.74,77,22,55,0.4,1.8981818181818175,1.9714138904027048,0.17999999999999972,7.859999999999999,1.154999999999987,1.0385801146757547,1.3494545454545444,1.204346169907015,0.08999999999999986,6.090000000000003,0.9899999999999949,41.759999999999984,74.21999999999994,0.2550384756320996,0.4532795895932572,1.3730769230769249,1.737332172304157,-1.1699999999999982,3.1200000000000045,2.3700000000000045,13,0.8700000000000001,1.6776607090068756,7,8.429999999999993,1.2042857142857133,69,54.93000000000008,0.7960869565217402,0.8434055918283719,0.33547086844998214,9,42,8.061561011359473,1,0,5.7,0.2816938053816557,0.9469670454661051,call_8d75a71e6126,1,val
185.04,74,15,59,0.2542372881355932,1.8240000000000012,1.5958598219858082,0.12000000000000455,5.520000000000001,1.5600000000000023,0.8749231480185347,1.7277966101694922,1.325514952369013,0.09000000000000341,5.25,1.4699999999999989,27.360000000000017,101.94000000000004,0.14785992217898844,0.5509079118028537,0.7607142857142846,1.4972100427421366,-2.219999999999999,3.33,1.2450000000000028,14,1.829999999999997,0.6051032969667225,4,5.159999999999995,1.2899999999999987,69,58.73999999999995,0.8513043478260862,0.8042623822731235,0.31744487678339794,1,45,4.863813229571984,1,0,1.11,0.0,2.149696335133437e-05,call_8da8b9947630,0,val
128.44,51,13,38,0.34210526315789475,2.1369230769230745,1.4149993204673543,0.29999999999999716,4.169999999999995,2.0999999999999943,0.6621667086420312,1.5418421052631572,1.0864344242425472,0.0899999999999963,4.289999999999999,1.3499999999999943,27.779999999999966,58.589999999999975,0.21628776082217352,0.4561663033322951,2.103333333333337,0.8070006195784503,0.0,2.5800000000000054,2.3700000000000045,9,0.10125000000000117,1.7829865595198875,3,5.429999999999993,1.8099999999999976,46,46.26000000000005,1.0056521739130446,1.0311884237215787,0.360168171909063,4,29,6.0728744939271255,1,0,10.5,0.5290351301431656,0.6712783702338735,call_8e6c9fa78a21,1,train
167.34,61,20,41,0.4878048780487805,2.1735000000000007,1.8231270850988577,0.09000000000000341,7.32,1.995000000000001,0.8387978307333136,1.7012195121951232,1.2012976215783324,0.27000000000001023,4.410000000000004,1.4399999999999977,43.47000000000001,69.75000000000004,0.2597705270706347,0.4168160631050558,1.3938461538461497,1.831622861751924,-3.3299999999999983,3.0600000000000023,2.219999999999999,13,1.8161538461538445,1.3020147110122469,5,4.679999999999993,0.9359999999999985,55,57.59999999999993,1.0472727272727262,1.0598313187684265,0.34420939404804546,7,27,7.171029042667622,1,1,10.02,0.4850033404305577,0.6670295719134932,call_8ed994ce484f,1,train
126.94,51,19,32,0.59375,1.7084210526315793,1.1925801308176542,0.060000000000002274,4.170000000000002,1.4100000000000001,0.6980598424379367,1.7071875000000003,0.9862644884254076,0.17999999999999972,3.6000000000000085,1.7100000000000009,32.46000000000001,54.63000000000001,0.2557113596974949,0.43036080037813146,0.844999999999998,1.887805363619113,-1.2000000000000028,5.039999999999999,1.1849999999999987,12,1.7263636363636394,0.3896221946263512,5,4.800000000000011,0.9600000000000023,45,43.44,0.9653333333333333,0.9401561765811238,0.34220891759886557,7,20,8.980620765716086,1,0,9.21,0.23820750210434197,0.6673615914769471,call_8ee1e10130a2,1,train
119.74,56,27,29,0.9310344827586207,1.2033333333333347,1.3164637948219178,0.030000000000001137,5.400000000000006,0.7199999999999989,1.0940142339240302,1.7265517241379311,1.1588919457274354,0.15000000000000568,4.739999999999995,1.740000000000009,32.49000000000004,50.07,0.2713378987806918,0.41815600467679975,1.5385714285714245,1.8481651132175112,-1.0500000000000114,3.9599999999999937,2.1299999999999955,7,1.5799999999999972,0.5889991511029533,2,1.9800000000000182,0.9900000000000091,53,37.91999999999998,0.715471698113207,0.788044234500673,0.31668615333221967,20,22,13.529313512610658,1,0,9.75,0.1544403959764168,0.5398783634106318,call_8f8e2145bc91,1,train
143.36,58,18,40,0.45,2.536666666666668,1.94749310955513,0.5700000000000074,6.900000000000002,2.0849999999999973,0.7677370996932178,1.4032500000000003,1.0531817178289948,0.20999999999999375,3.8100000000000023,1.2600000000000016,45.660000000000025,56.13000000000002,0.31849888392857156,0.39153180803571436,2.3799999999999972,1.6799330343796435,-0.5999999999999943,6.030000000000001,2.25,9,0.5212499999999984,2.781111994970974,3,6.810000000000006,2.270000000000002,54,47.27999999999997,0.8755555555555551,1.0719364714114994,0.32979910714285693,9,31,7.533482142857142,1,0,10.2,0.524654147028923,0.667434848456954,call_9083846f078a,1,train
132.56,53,15,38,0.39473684210526316,2.0699999999999994,1.870546138736722,0.269999999999996,5.729999999999997,1.0799999999999983,0.9036454776505906,1.613684210526315,1.2770117590362775,0.1799999999999926,4.799999999999997,1.1400000000000006,31.049999999999994,61.31999999999997,0.23423355461677725,0.46258298129149045,0.8399999999999995,1.4038065134742503,-1.1700000000000017,2.220000000000006,1.7399999999999984,12,1.1700000000000015,0.8239704319496376,6,4.260000000000005,0.7100000000000009,46,43.23000000000003,0.9397826086956529,0.7463257826934855,0.32611647555823803,3,25,6.789378394689197,1,1,9.54,0.025362849235534668,0.8895387252171835,call_91a25cd95998,1,train
149.72,58,15,43,0.3488372093023256,1.422000000000003,0.8921659038542077,0.21000000000000796,3.75,1.4100000000000108,0.6274021827385413,1.4609302325581395,1.184082554139116,0.05999999999999517,5.13000000000001,1.1099999999999994,21.330000000000044,62.81999999999999,0.14246593641464095,0.4195832220144269,2.01,1.3243866504914652,-0.8700000000000045,3.719999999999999,1.8900000000000006,10,1.536,0.24811287753762395,1,0.8700000000000045,0.8700000000000045,56,65.15999999999998,1.1635714285714283,1.2970489982634055,0.4352123964734169,5,32,6.011220945765428,1,1,10.56,0.0,0.015413837779002884,call_924e8a27e4de,0,train
234.2,188,137,51,2.6862745098039214,0.5691240875912413,1.0107317343889108,0.029999999999972715,5.010000000000019,0.2699999999999818,1.7759426396214015,1.4488235294117677,1.0685609894785095,0.120000000000001,3.990000000000009,1.0500000000000114,77.97000000000006,73.89000000000016,0.33292058070025643,0.3154995730145182,-0.6492857142857149,1.0806465834524832,-3.8400000000000034,1.8900000000000006,-0.3750000000000142,42,0.3804878048780478,0.787619677317398,42,34.95000000000004,0.8321428571428582,144,116.06999999999982,0.8060416666666654,0.8302651179496315,0.4956020495303152,95,9,35.098206660973524,1,0,5.31,0.8314927488565445,0.9991788864135742,call_925ba94f05a4,1,val
171.78,71,18,53,0.33962264150943394,2.8433333333333355,2.811738001349928,0.27000000000001023,8.069999999999999,1.3350000000000009,0.9888879254454603,1.3415094339622657,1.3018380441431725,0.09000000000000341,6.060000000000002,0.9599999999999937,51.18000000000003,71.10000000000008,0.2979392245895915,0.4139015019210623,0.8699999999999983,2.2463424817811157,-3.870000000000001,2.6999999999999886,2.1599999999999966,12,1.7074999999999994,1.038479001407172,5,8.490000000000006,1.698000000000001,65,56.7599999999999,0.8732307692307677,0.8761066353694972,0.3304226336011171,6,40,6.287111421585749,1,1,9.48,0.3933050230145454,0.6686202975300451,call_927c1f5f2007,1,train
152.18,49,9,40,0.225,1.5233333333333308,1.2501199942405532,0.0899999999999963,3.1499999999999915,1.3799999999999955,0.8206476986261851,1.6154999999999973,1.0862755706470695,0.0899999999999892,3.719999999999999,1.4549999999999983,13.709999999999976,64.61999999999989,0.09009068208700208,0.4246287291365481,2.527500000000002,2.4439414886612996,-1.0199999999999996,6.27000000000001,1.7999999999999954,8,1.807500000000004,0.8798822973232592,2,1.2299999999999933,0.6149999999999967,46,73.77000000000012,1.6036956521739156,2.267736373758988,0.4847548955184658,1,31,3.548429491391773,1,1,10.08,0.24642857164144516,0.6763709702839454,call_9491f635b944,1,train
168.5,81,36,45,0.8,1.0375000000000005,0.9792632069936205,0.09000000000000341,4.3500000000000085,0.7200000000000069,0.9438681513191518,1.6993333333333334,1.3731672082518513,0.11999999999999922,6.27000000000001,1.2299999999999969,37.35000000000002,76.47,0.22166172106824938,0.45382789317507416,-0.3787500000000005,1.8212372168391486,-5.550000000000011,1.5,-0.16499999999999915,16,1.606000000000002,1.9245437307134847,10,16.95000000000001,1.695000000000001,70,68.24999999999999,0.9749999999999996,1.024908267369203,0.4050445103857566,20,29,12.818991097922849,1,0,0.87,0.0,0.020475873860050342,call_94a8c8502249,0,train
148.6,54,24,30,0.8,1.9687500000000024,1.3217719085609547,0.09000000000000341,4.649999999999999,1.754999999999999,0.6713762075230237,1.9739999999999993,1.783796029780891,0.20999999999997954,8.310000000000002,1.4700000000000006,47.25000000000006,59.21999999999998,0.3179676985195159,0.3985195154777926,1.1749999999999965,1.646144255249495,-2.1899999999999977,3.0,1.9050000000000011,12,1.3350000000000017,1.0657007937588185,5,4.709999999999994,0.9419999999999987,48,45.59999999999996,0.9499999999999993,0.8560398678327721,0.30686406460296073,12,17,9.690444145356663,1,1,9.78,0.5471610248088836,0.512778197725614,call_957a8384caff,1,val
226.38,93,27,66,0.4090909090909091,1.8311111111111087,1.5979586336547622,0.060000000000002274,6.719999999999999,1.5900000000000034,0.8726715839134028,1.4881818181818194,1.1641436721944995,0.05999999999998806,4.860000000000014,1.1999999999999993,49.439999999999934,98.22000000000008,0.21839385104691197,0.4338722501987812,0.5279999999999997,1.3502285520818864,-1.7399999999999984,2.0400000000000063,1.0800000000000125,15,1.4420000000000028,1.5961122409512103,8,8.520000000000014,1.0650000000000017,84,85.97999999999999,1.0235714285714284,1.3236456072649005,0.3798038695997879,12,50,7.156109196925523,1,1,9.72,9.143518982455135e-05,0.00011950532128442622,call_95ccefc6e4ce,0,val
135.88,61,15,46,0.32608695652173914,1.6419999999999997,1.5857274130730752,0.030000000000001137,5.939999999999998,1.289999999999992,0.9657292406047963,1.5091304347826082,1.0399590292933145,0.15000000000000568,3.569999999999993,1.3349999999999973,24.629999999999995,69.41999999999999,0.18126287901089194,0.5108919634972033,1.0560000000000014,0.7026805817724029,-0.8400000000000034,1.740000000000009,1.2150000000000034,10,1.5200000000000016,0.5397916264634003,1,0.8400000000000034,0.8400000000000034,59,42.33000000000003,0.7174576271186445,0.6357444542460576,0.31152487488960867,5,36,6.623491315866942,1,0,9.54,0.015512710995972156,0.0006547347875311971,call_9741efdd34af,0,train
141.52,118,94,24,3.9166666666666665,0.5878723404255312,0.7090609757974022,0.029999999999986926,3.5999999999999943,0.3299999999999983,1.2061478777588834,1.7300000000000002,0.9315204961688219,0.269999999999996,3.6599999999999966,1.5150000000000006,55.25999999999992,41.52,0.39047484454494,0.29338609383832676,-0.890526315789472,1.1991268753380087,-2.969999999999999,1.6199999999999974,-0.7800000000000011,19,0.2549999999999992,0.8022340130938783,20,23.03999999999998,1.151999999999999,97,66.60000000000004,0.6865979381443305,0.582943119362748,0.47060486150367464,75,5,39.853024307518375,1,0,6.51,0.47776445666677314,0.7125994761784872,call_97701e543c60,1,train
125.96,50,14,36,0.3888888888888889,1.8964285714285705,1.1550931174109347,0.4200000000000017,4.560000000000002,1.5599999999999978,0.6090886494822257,1.924166666666667,1.2062228531364227,0.38999999999999346,5.07,1.5899999999999963,26.549999999999986,69.27,0.21078120038107326,0.5499364877738965,0.7114285714285745,1.2124002168072565,-1.019999999999996,1.8900000000000006,1.0500000000000043,7,1.4914285714285715,0.26194328720982035,2,2.009999999999991,1.0049999999999955,47,30.84000000000001,0.6561702127659577,0.5072155582902537,0.2448396316290887,7,28,6.6687837408701185,1,1,9.63,0.19995356835424902,6.6237644584058826e-06,call_989dad5aa1af,0,train
214.72,87,36,51,0.7058823529411765,1.5141666666666684,1.4440565382679051,0.17999999999999972,7.560000000000002,1.2749999999999986,0.9536972184488081,1.9535294117647066,1.489966205696507,0.12000000000000455,6.569999999999993,1.5,54.51000000000006,99.63000000000004,0.2538654992548438,0.46399962742175876,0.6624999999999991,1.4129538691562544,-2.219999999999999,1.8299999999999983,1.4100000000000037,12,1.2763636363636308,1.2657272433448883,5,6.0900000000000105,1.2180000000000022,81,65.93999999999991,0.814074074074073,0.799314984498878,0.30709761549925446,24,39,10.059612518628914,1,0,9.63,0.0,0.050261688594522035,call_9a3d5b0a64a3,0,val
123.52,58,16,42,0.38095238095238093,1.1193749999999993,1.3214409748452645,0.029999999999986926,3.6899999999999995,0.6000000000000014,1.1805167837813648,1.5914285714285725,1.0968192848204341,0.29999999999999716,4.680000000000007,1.08,17.90999999999999,66.84000000000003,0.14499676165803102,0.5411269430051816,0.05399999999999947,1.4859205900720267,-1.8299999999999983,1.6499999999999986,0.9300000000000015,10,1.5799999999999994,0.5015476049190133,4,6.600000000000004,1.650000000000001,53,43.16999999999997,0.8145283018867919,0.8032064732101432,0.34949805699481845,6,32,7.772020725388602,1,0,0.57,0.0,0.015509974432158439,call_9bb847dfc83e,0,val
140.32,53,21,32,0.65625,1.8914285714285701,1.0922833227431683,0.3900000000000148,3.99,1.5600000000000023,0.5774911827191982,1.8515625000000007,1.2890484346739972,0.35999999999999943,5.3700000000000045,1.5600000000000023,39.71999999999997,59.25000000000002,0.2830672748004559,0.42224914481185877,2.243333333333334,0.19137659209004776,1.9799999999999995,2.460000000000008,2.280000000000001,9,1.0949999999999993,1.3394348488395058,1,2.1599999999999966,2.1599999999999966,51,42.42000000000001,0.8317647058823531,0.7962178241721366,0.3023090079817561,12,23,8.979475484606613,1,0,9.6,0.17370667457580566,0.6691537154838443,call_9c2dbbd1fe2e,1,train
151.48,58,22,36,0.6111111111111112,1.755,0.8160751015859834,0.20999999999999375,2.6700000000000017,2.0399999999999974,0.46500005788375126,1.8633333333333337,1.2176511346499408,0.11999999999999922,4.500000000000014,1.6650000000000063,38.61,67.08000000000003,0.25488513335093743,0.44283073673092177,2.5170000000000003,0.34998571399415696,1.8000000000000007,3.0900000000000034,2.594999999999999,10,0.4633333333333347,1.4182824119335324,3,4.019999999999996,1.3399999999999987,54,48.659999999999975,0.9011111111111105,0.8741954072533751,0.32123052548191167,12,26,8.7140216530235,1,0,10.5,0.5108831562101841,0.667057940736413,call_9dc1a304389f,1,train
128.66,49,18,31,0.5806451612903226,1.3466666666666671,1.2161220913939794,0.03000000000000025,4.229999999999997,0.7049999999999983,0.903060958955925,1.8899999999999988,1.1981986479711946,0.23999999999999488,4.439999999999998,1.5300000000000011,24.240000000000006,58.58999999999996,0.18840354422508943,0.45538628944504866,0.8760000000000006,1.0949703192324447,-1.17,2.1000000000000085,0.9899999999999984,10,1.6469999999999985,0.6311022104223681,3,2.0700000000000003,0.6900000000000001,45,46.590000000000025,1.035333333333334,0.7703588302036442,0.36211720814549997,8,20,8.394217316959427,1,1,0.9,0.0,0.0022606101659524334,call_9f11e2c5441c,0,val
157.8,82,30,52,0.5769230769230769,0.9250000000000003,0.9752373716354827,0.029999999999999805,4.680000000000007,0.6899999999999906,1.0543106720383595,1.4549999999999994,1.0179477624410898,0.15000000000000568,4.559999999999988,1.2149999999999963,27.750000000000004,75.65999999999998,0.1758555133079848,0.47946768060836487,1.0827272727272708,1.2585316119120002,-1.3199999999999998,2.460000000000001,1.3199999999999932,11,1.5845454545454543,0.36516745847251014,2,2.5799999999999996,1.2899999999999998,79,55.74000000000002,0.7055696202531647,0.6570012427015579,0.3532319391634982,19,40,11.406844106463877,1,1,1.02,0.0,0.09736617952876259,call_a0fbbe7bfec4,0,train
137.28,68,32,36,0.8888888888888888,0.93,0.870150153894476,0.029999999999986926,3.99,0.5999999999999979,0.9356453267682537,1.9208333333333327,1.3399624195156696,0.2400000000000091,5.880000000000001,1.6500000000000021,29.76,69.14999999999998,0.2167832167832168,0.5037150349650348,0.5192307692307682,1.9190382206479615,-5.04,3.1500000000000057,0.9899999999999949,13,1.017692307692309,1.4886299845056272,6,6.869999999999984,1.1449999999999974,61,43.889999999999986,0.7195081967213113,0.805012269532807,0.3197115384615384,19,22,13.986013986013987,1,1,1.11,0.0,3.104974257439608e-05,call_a2aa58c1750b,0,train
110.96,98,67,31,2.161290322580645,0.8091044776119402,0.9422357862010056,0.030000000000001137,3.9599999999999937,0.5399999999999991,1.1645415546110935,1.4196774193548403,1.1776770464802524,0.14999999999999147,4.530000000000001,1.0499999999999972,54.20999999999999,44.01000000000005,0.4885544340302811,0.3966294160057683,-0.8312500000000004,1.2848018371988605,-4.200000000000003,1.1400000000000006,-0.4649999999999963,24,0.01043478260869512,0.8540836570738445,29,30.51000000000002,1.052068965517242,67,42.86999999999998,0.6398507462686565,0.4277654856567227,0.38635544340302796,43,7,36.22927180966114,1,0,4.17,0.4542800415307283,0.9999401172002157,call_a381913d938c,1,train
128.84,50,14,36,0.3888888888888889,1.817142857142859,1.113873550145745,0.3299999999999983,4.3199999999999985,1.6649999999999974,0.6129807272814629,1.669999999999999,1.2592650918009973,0.20999999999999375,5.670000000000002,1.3199999999999967,25.440000000000026,60.11999999999996,0.19745420676808464,0.4666252716547653,2.026666666666667,0.7308727659449367,0.20999999999999375,2.789999999999992,2.25,9,1.2799999999999967,0.9007496877601473,1,0.6300000000000097,0.6300000000000097,48,42.630000000000024,0.8881250000000005,0.8146730351836363,0.3308755045017077,5,26,6.519714374417882,1,1,9.9,0.06437828186899423,0.9825774629910787,call_a3a1f51a4bf9,1,val
139.3,133,103,30,3.433333333333333,0.3442718446601946,0.7524178046982649,0.029999999999986926,4.289999999999999,0.030000000000001137,2.1855339504771907,1.9669999999999996,1.2753421447622977,0.17999999999999972,4.739999999999995,1.755,35.46000000000004,59.01,0.2545585068198136,0.42361809045226123,-0.8766666666666659,1.9088679690007173,-4.409999999999997,4.469999999999999,-1.1700000000000017,27,0.30923076923077014,1.1006613396569276,23,39.38999999999998,1.712608695652173,106,82.97999999999996,0.7828301886792449,0.7274204321953035,0.5956927494615933,76,3,44.36468054558507,1,0,2.34,0.47605244629085064,0.9950149059295654,call_a426226cf8b9,1,train
164.78,60,18,42,0.42857142857142855,1.8299999999999998,1.1704297853151804,0.09000000000000341,4.5,1.545,0.6395791176585686,1.9442857142857135,1.423429631691115,0.11999999999997613,5.3999999999999915,1.6650000000000063,32.94,81.65999999999995,0.19990290083748027,0.49556985071003734,0.8519999999999985,1.8023429196465361,-3.780000000000001,2.6400000000000006,1.379999999999999,10,1.907999999999999,0.7869180389341726,2,4.140000000000001,2.0700000000000003,57,53.07000000000005,0.9310526315789482,0.870516439925433,0.32206578468260744,8,31,6.55419347008132,1,1,8.88,0.00429198145866394,0.003649390501474651,call_a4683528fef4,0,train
180.96,64,26,38,0.6842105263157895,1.9453846153846182,1.1075711472198293,0.11999999999999744,4.77000000000001,1.6350000000000051,0.5693327368073452,1.8702631578947355,1.2671472254787133,0.060000000000002274,5.009999999999991,1.5300000000000011,50.58000000000007,71.06999999999995,0.27950928381962903,0.39273872679045063,2.3764285714285722,2.019301505825364,-1.1099999999999994,5.160000000000025,2.7449999999999903,14,0.5742857142857117,2.127214553880677,8,10.890000000000029,1.3612500000000036,55,68.88000000000001,1.2523636363636366,1.410144415557242,0.38063660477453587,12,23,8.620689655172415,1,1,12.24,0.23485736548900604,0.817080001036326,call_a49598543013,1,train
122.8,42,16,26,0.6153846153846154,1.415625000000001,0.9881630685266474,0.21000000000000796,3.719999999999999,1.3499999999999979,0.6980401367075649,1.9176923076923071,1.0930519024906653,0.23999999999999488,4.200000000000003,1.9050000000000011,22.650000000000016,49.859999999999985,0.18444625407166138,0.4060260586319217,3.5212499999999993,0.601057104489367,2.9399999999999977,4.769999999999996,3.360000000000003,8,1.542857142857142,0.7575335919001526,1,0.15000000000000568,0.15000000000000568,40,49.260000000000005,1.2315,1.2949894564465345,0.40114006514657985,8,18,7.817589576547232,1,0,12.24,0.2064764454960823,0.7618383169174194,call_a6481017c744,1,train
135.84,61,12,49,0.24489795918367346,2.0775000000000006,1.5497983739828864,0.35999999999999943,5.910000000000002,1.7700000000000031,0.7459919971036756,1.3230612244897957,1.175790875825065,0.11999999999997613,4.920000000000002,1.0500000000000114,24.930000000000007,64.82999999999998,0.1835247349823322,0.47725265017667834,2.019999999999998,0.20291623887702975,1.7100000000000009,2.34,2.009999999999991,9,1.4512500000000021,0.38816187713007394,0,0.0,0.0,60,44.73,0.7455,0.6776265283062688,0.32928445229681974,3,40,5.300353356890459,1,0,10.53,0.13920256197452546,0.9974947174390157,call_a71916766a4f,1,train
93.74,38,15,23,0.6521739130434783,1.4119999999999993,1.4956852228040116,0.20999999999999375,5.369999999999999,1.0800000000000018,1.0592671549603487,1.8665217391304352,1.1368721391913708,0.15000000000000568,3.75,1.5300000000000011,21.17999999999999,42.93000000000001,0.225944100704075,0.4579688500106679,0.6514285714285697,1.7183754786757992,-2.9099999999999966,1.8900000000000006,1.5,7,1.44,0.7095068710026704,2,3.1200000000000045,1.5600000000000023,35,32.43000000000001,0.9265714285714287,0.9352726650465055,0.34595690206955415,8,15,9.601024109238319,1,1,8.58,0.23849337175488472,0.000891934535047767,call_a766613f8c8a,0,train
122.78,71,27,44,0.6136363636363636,0.8177777777777787,0.8902390920565331,0.03000000000000025,3.2699999999999996,0.480000000000004,1.0886075853952157,1.5006818181818176,1.1711083951326222,0.05999999999998806,4.38000000000001,1.155000000000003,22.080000000000027,66.02999999999997,0.17983384916110137,0.537791171200521,0.3843749999999998,1.0870999264097103,-1.7100000000000009,2.3699999999999903,0.6600000000000037,16,0.5340000000000003,1.1186075527828587,11,8.999999999999991,0.8181818181818173,59,43.19999999999999,0.7322033898305083,0.5887510679296553,0.35184883531519784,11,28,13.19433132431992,1,0,6.96,0.0,0.022257846901159912,call_a7c95e99f3b6,0,val
172.44,80,45,35,1.2857142857142858,0.9373333333333341,0.9898792396504276,0.09000000000000341,5.700000000000003,0.7199999999999989,1.0560589327707255,1.8231428571428576,1.510762899271467,0.11999999999997613,5.700000000000017,1.6499999999999986,42.18000000000003,63.81000000000002,0.24460681976339613,0.37004175365344477,1.7907692307692298,1.1925006047410163,-1.1099999999999994,3.1200000000000045,2.069999999999993,13,1.6800000000000013,1.2439891844019753,4,2.009999999999998,0.5024999999999995,75,67.19999999999995,0.8959999999999991,0.8910136954084409,0.3897007654836462,32,22,15.657620041753653,1,0,9.96,0.3763740979135037,0.6810331754386425,call_a7df1d46e72b,1,train
168.32,152,109,43,2.5348837209302326,0.45550458715596354,0.9229225783492957,0.029999999999972715,5.82,0.030000000000001137,2.0261543009078182,1.774186046511631,1.1193731931375488,0.11999999999999744,5.490000000000009,1.7100000000000009,49.65000000000003,76.29000000000013,0.2949738593155895,0.45324382129277646,-0.880263157894737,1.1310303526457532,-4.319999999999993,1.740000000000009,-0.69,38,0.7264864864864853,0.7874368271529837,32,37.170000000000016,1.1615625000000005,119,79.22999999999986,0.66579831932773,0.5805965602377127,0.4707105513307977,71,5,38.85456273764259,1,0,1.71,0.37403976954519746,0.9987840453783671,call_a7ea289a43fd,1,train
162.58,59,26,33,0.7878787878787878,2.18423076923077,1.8315832999389854,0.2400000000000091,6.6899999999999995,1.3499999999999979,0.8385484380773658,1.638181818181818,1.1381219578362811,0.18000000000000682,4.319999999999993,1.4699999999999989,56.79000000000003,54.059999999999995,0.34930495755935553,0.33251322425882635,1.6319999999999961,1.452046831200706,-1.0800000000000125,2.7300000000000004,2.0549999999999926,10,2.1733333333333267,0.6348228099241595,2,2.130000000000024,1.065000000000012,56,52.709999999999994,0.9412499999999999,0.9289623977124332,0.3242096198794439,16,23,9.59527617173084,1,0,10.83,0.31938195526599883,0.6666114827973312,call_a8ca5b456ce4,1,train
100.12,32,8,24,0.3333333333333333,1.7362499999999994,1.412454171190798,0.20999999999999996,4.529999999999999,1.844999999999998,0.813508521924146,1.0799999999999994,0.9557105255754236,0.14999999999999858,3.5100000000000016,0.7949999999999999,13.889999999999995,25.919999999999987,0.1387335197762684,0.2588893328006391,1.9328571428571433,1.2447719240315245,0.4500000000000002,4.02,1.8900000000000006,7,1.4871428571428582,5.028345368295335,3,6.840000000000001,2.2800000000000002,28,57.96000000000002,2.0700000000000007,3.168438101020754,0.5789053136236518,1,16,4.794246903715541,1,1,4.08,0.4335965856909752,0.9943899114926656,call_a9d29125d786,1,train
119.3,55,19,36,0.5277777777777778,1.0657894736842095,1.1119518164494642,0.030000000000001137,3.239999999999995,0.7200000000000024,1.043312815434066,1.5883333333333338,1.0281342324813427,0.3299999999999983,3.809999999999988,1.2899999999999991,20.249999999999982,57.180000000000014,0.16974015088013397,0.4792958927074603,0.5550000000000019,1.0679249207522215,-1.3800000000000001,1.8299999999999983,1.1400000000000006,12,1.4925000000000015,0.6766646141183991,5,2.9999999999999964,0.5999999999999993,49,43.62,0.890204081632653,0.7162765114230175,0.3656328583403185,7,23,9.555741827326068,1,1,0.78,0.0,0.001117302564428731,call_abf730747901,0,val
146.18,48,18,30,0.6,2.221666666666667,1.4882174493233802,0.39000000000000057,5.340000000000003,1.7700000000000031,0.6698653185251522,2.085000000000001,1.6775736789410647,0.18000000000000682,5.82,1.605000000000004,39.99000000000001,62.550000000000026,0.27356683540840065,0.42789711314817364,3.1499999999999955,1.5519020587653067,-0.060000000000002274,4.32,3.8699999999999903,7,1.2150000000000016,0.9755767524905519,1,0.060000000000002274,0.060000000000002274,46,42.479999999999954,0.9234782608695644,1.1993150218933846,0.2906006293610614,11,23,7.388151593925298,1,0,11.91,0.498918673209846,0.6538798871139685,call_ac80248cae29,1,train
148.64,62,27,35,0.7714285714285715,1.023333333333333,1.0499780217480004,0.030000000000000027,4.26,0.6599999999999966,1.0260371548026066,1.9894285714285713,1.4666607588370952,0.12000000000000455,5.159999999999997,1.6499999999999915,27.62999999999999,69.63,0.18588536060279864,0.46844725511302476,0.8353846153846154,1.1345161625454805,-2.01,1.8900000000000006,1.3200000000000074,13,1.7924999999999978,1.2279111975590549,4,3.869999999999999,0.9674999999999998,57,54.87000000000001,0.9626315789473686,0.8739126433864396,0.36914693218514544,14,22,10.89881593110872,1,0,1.26,0.07974928021430969,0.0007335157227619978,call_acda78859d0d,0,train
116.68,54,21,33,0.6363636363636364,1.0157142857142853,0.8669058278069868,0.11999999999999034,3.66,0.6300000000000026,0.8534937826510421,1.6263636363636365,1.2083325757573384,0.02999999999999936,4.049999999999997,1.3799999999999955,21.32999999999999,53.669999999999995,0.18280767912238594,0.45997600274254363,2.346666666666668,1.1965993481529225,0.0,4.2299999999999995,2.5799999999999983,9,0.2733333333333352,1.5353908297238206,3,4.499999999999998,1.4999999999999993,49,44.970000000000006,0.9177551020408166,1.0504270268683642,0.3854130956462119,12,23,10.798765855330819,1,1,11.79,0.43121966924518346,0.6847458245853583,call_ad8e23b11d98,1,train
116.44,46,12,34,0.35294117647058826,1.347499999999999,0.9452669175711931,0.3299999999999983,2.8799999999999955,0.8100000000000023,0.7014967848394759,1.7805882352941163,1.0915264296040044,0.29999999999999716,4.8300000000000125,1.5450000000000017,16.169999999999987,60.53999999999995,0.13886980419099956,0.5199244245963582,1.1045454545454567,1.9795371359808505,-1.1400000000000006,3.84,2.1599999999999966,11,1.5272727272727271,0.8376883777287489,6,4.709999999999994,0.7849999999999989,39,43.050000000000054,1.1038461538461553,0.9977253482022713,0.3697183098591554,1,22,6.183442116111302,1,1,12.03,0.38389707263559103,0.6711229930321375,call_adf30039caa2,1,train
128.58,68,27,41,0.6585365853658537,1.071111111111112,0.730681101298556,0.12000000000000455,2.8800000000000026,0.9000000000000057,0.6821711526646264,1.2387804878048783,1.1129402390109526,0.05999999999998806,4.799999999999997,0.9600000000000009,28.920000000000023,50.790000000000006,0.224918338777415,0.39500699953336443,1.3392857142857146,1.7414956626007259,-1.2900000000000063,3.3900000000000006,1.889999999999997,14,0.8314285714285693,1.3334850646266772,9,6.93,0.77,58,54.98999999999997,0.9481034482758615,0.9334814235206156,0.42767148856742854,13,26,12.599160055996265,1,1,10.02,0.19642857164144517,0.9251856803894043,call_aed9b45d6c31,1,train
141.3,58,23,35,0.6571428571428571,1.7308695652173929,1.091583141561242,0.120000000000001,3.570000000000002,1.6200000000000045,0.6306559220273434,1.5179999999999998,1.2728795516234732,0.14999999999999147,5.069999999999993,1.0499999999999972,39.81000000000004,53.129999999999995,0.2817409766454355,0.37600849256900204,2.72,2.1930526669462376,-1.5600000000000023,4.500000000000001,3.5700000000000003,6,1.6979999999999975,0.4138477981094008,1,1.5600000000000023,1.5600000000000023,56,48.83999999999998,0.8721428571428567,1.2186709814543717,0.34564755838641176,17,29,9.766454352441613,1,0,12.06,0.40649994965642694,0.9323550462722778,call_af9ad367dcce,1,val
154.68,66,15,51,0.29411764705882354,1.7759999999999991,0.9392306882306843,0.4200000000000017,4.109999999999999,1.8300000000000018,0.5288461082379982,1.3964705882352952,1.1718955986424935,0.060000000000002274,4.800000000000011,0.990000000000002,26.639999999999986,71.22000000000006,0.1722265321955003,0.46043444530643945,1.9560000000000013,1.7476155183563717,-1.3800000000000097,4.109999999999999,2.2800000000000007,10,1.3199999999999998,0.8123576798430604,3,2.970000000000013,0.9900000000000043,62,56.69999999999998,0.9145161290322579,0.9741842782206619,0.36656322730799057,5,41,5.818463925523661,1,0,9.84,0.2504229299724102,0.7680976589520773,call_b0836ff3142a,1,train
160.54,61,29,32,0.90625,1.8993103448275865,1.3856739748339155,0.39000000000000057,6.090000000000003,1.4399999999999995,0.7295669075922938,1.8824999999999972,1.0988410316798431,0.15000000000000213,4.38000000000001,1.9199999999999977,55.080000000000005,60.23999999999992,0.3430920642830448,0.3752335866450724,2.07,0.8815246532489666,0.35999999999999943,3.539999999999992,1.9950000000000023,8,1.7614285714285742,1.100188295572301,0,0.0,0.0,59,44.07000000000007,0.746949152542374,0.8454079901347936,0.2745110252896479,21,24,10.838420331381588,1,0,9.57,0.36429286636412145,0.7317434996366501,call_b167dd907a80,1,train
184.14,56,19,37,0.5135135135135135,3.16421052631579,2.0876630097085274,0.8400000000000034,7.049999999999999,2.3700000000000045,0.6597737389298406,2.018108108108107,1.5020261091047769,0.1799999999999784,5.25,1.5600000000000023,60.12000000000001,74.66999999999996,0.3264907135874879,0.4055066797002279,2.504999999999999,0.31300387948303143,2.1300000000000026,3.0,2.474999999999998,8,1.8471428571428596,0.42421355807793903,0,0.0,0.0,55,48.210000000000036,0.8765454545454552,0.8586751599429377,0.2618116650374717,11,29,6.190941674812643,1,0,10.65,0.5228391006588936,0.6672513618056352,call_b2594d9c3ffd,1,train
125.46,49,9,40,0.225,2.2166666666666677,1.9283282915520361,0.06000000000000005,6.029999999999998,1.4100000000000037,0.8699225375422716,1.6117500000000007,1.2148881714918331,0.14999999999999858,5.280000000000001,1.3499999999999988,19.95000000000001,64.47000000000003,0.15901482544237217,0.5138689622190342,1.4737499999999981,0.965267357486293,-0.8699999999999999,2.0999999999999996,1.754999999999999,8,1.7287500000000013,0.5917875463373651,1,0.8699999999999999,0.8699999999999999,47,40.64999999999996,0.8648936170212757,0.7936346556807496,0.32400765184122404,1,31,4.304160688665711,1,1,1.14,0.0,0.2547951432643458,call_b382ffa5187d,0,train
126.36,44,15,29,0.5172413793103449,2.095999999999998,1.3647228918093868,0.2700000000000031,4.800000000000004,1.7399999999999949,0.6511082499090592,1.6789655172413802,1.1823655007398948,0.120000000000001,4.200000000000003,1.3500000000000014,31.439999999999966,48.690000000000026,0.24881291547958187,0.38532763532763553,1.520000000000002,1.6211801257108973,-1.019999999999996,3.479999999999997,2.160000000000011,9,1.086666666666666,1.0029581247489825,4,2.759999999999998,0.6899999999999995,39,47.67000000000001,1.2223076923076923,1.9919581235537818,0.377255460588794,6,19,7.122507122507123,1,1,20.73,0.4615454085171222,0.9071665406227112,call_b3f14bd5c2b6,1,train
140.78,91,53,38,1.394736842105263,0.9271698113207552,1.4376334417775873,0.029999999999986926,6.960000000000008,0.27000000000001023,1.5505610991903154,1.732894736842105,1.2815803333316078,0.15000000000000568,4.319999999999993,1.5599999999999987,49.14000000000002,65.85000000000001,0.3490552635317518,0.46775110100866607,-1.039999999999999,1.8902940947656472,-3.6599999999999966,1.5300000000000011,-1.4249999999999972,18,0.6566666666666671,1.8665034942688015,16,33.32999999999998,2.083124999999999,74,57.83999999999997,0.7816216216216213,0.6365877077536831,0.41085381446228136,35,19,22.588435857366104,1,1,0.45,0.028536332026124003,0.3338685570439945,call_b41c86402714,0,train
135.68,53,21,32,0.65625,1.811428571428572,1.1821094945659034,0.45000000000000284,5.8799999999999955,1.6500000000000057,0.6525841058329117,1.4718750000000003,1.0053772763206539,0.20999999999999375,4.740000000000002,1.3649999999999949,38.04000000000001,47.10000000000001,0.28036556603773594,0.3471403301886793,4.004999999999998,3.449230348932933,-1.2000000000000028,7.049999999999997,5.579999999999998,6,0.9599999999999994,1.371167385843171,3,2.25,0.75,49,51.68999999999997,1.054897959183673,1.6636632802956492,0.3809699292452828,15,26,9.286556603773585,1,0,14.04,0.29260344030335544,0.3596747644478455,call_b5840ec7dd5e,1,train
114.08,43,10,33,0.30303030303030304,1.661999999999999,1.3563332923732268,0.09000000000000341,3.4799999999999986,1.6049999999999969,0.8160850134616291,1.8572727272727279,1.1815859911768818,0.21000000000000796,3.780000000000001,1.9200000000000017,16.61999999999999,61.29000000000002,0.14568723702664788,0.5372545582047688,1.2937499999999997,0.6121843209827788,-0.15000000000000568,1.7399999999999984,1.379999999999999,8,1.5637500000000006,0.5990215235818206,1,0.15000000000000568,0.15000000000000568,41,34.98,0.8531707317073169,0.743553760747635,0.30662692847124823,2,24,5.259467040673212,1,1,9.06,0.0,1.4536949417257953e-05,call_b5c4803ea37c,0,train
159.3,79,29,50,0.58,1.0406896551724145,1.0702567483502075,0.030000000000001137,3.8699999999999974,0.51,1.0284110570628229,1.5941999999999996,1.0541639302483914,0.09000000000000341,4.3500000000000085,1.349999999999997,30.18000000000002,79.70999999999998,0.18945386064030142,0.5003766478342748,-0.004999999999995748,1.3005756643977007,-2.519999999999982,2.219999999999999,-0.11999999999999034,18,1.4735294117647049,0.7170158747934979,11,9.749999999999932,0.8863636363636302,67,57.95999999999993,0.8650746268656706,0.7102482987389702,0.3638418079096041,11,32,10.922787193973633,1,0,1.11,0.0,0.00018429087701103222,call_b5cc1f8d8fee,0,val
188.74,80,28,52,0.5384615384615384,1.2664285714285721,1.050217664513954,0.030000000000001137,3.6899999999999995,0.8850000000000011,0.8292750876026705,1.880192307692308,1.2823469451684293,0.060000000000002274,4.859999999999999,1.6650000000000027,35.46000000000002,97.77000000000001,0.18787750344389118,0.5180141994277843,0.36705882352941127,1.4494040357414255,-2.430000000000007,2.789999999999992,1.0500000000000043,17,0.9405882352941158,1.1985901644652939,11,12.0,1.0909090909090908,68,67.22999999999996,0.9886764705882347,0.798120748751314,0.35620430221468663,11,34,8.90113383490516,1,1,1.11,0.02996629774570465,0.0004569410896995881,call_b658b1155216,0,val
205.38,171,122,49,2.489795918367347,0.9004918032786873,1.4943711756709128,0.029999999999972715,10.949999999999996,0.3599999999999923,1.6595055837597998,1.4032653061224472,1.109058135978268,0.11999999999999034,4.829999999999984,1.1699999999999875,109.85999999999984,68.7599999999999,0.5349108968740863,0.33479404031551224,-0.6834146341463386,1.0548426654153154,-3.5999999999999943,1.3800000000000097,-0.44999999999998863,41,-0.05399999999999894,0.6313428911089837,44,42.92999999999995,0.9756818181818171,124,69.27000000000018,0.5586290322580659,0.4964644669612872,0.33727724218521854,81,8,35.641250365176745,1,0,3.9,0.3073040183633566,0.9996352195739746,call_b712f501aeb8,1,val
156.68,62,21,41,0.5121951219512195,1.5028571428571436,0.9417278951859861,0.14999999999999858,3.780000000000001,1.3200000000000003,0.6266250253138688,1.5929268292682934,1.2217738004688896,0.09000000000000341,5.8799999999999955,1.3200000000000003,31.560000000000016,65.31000000000003,0.20142966556037795,0.4168368649476642,2.8537500000000007,2.2493106086722903,-2.5799999999999983,4.289999999999992,3.4350000000000023,8,1.6649999999999991,1.7120664206073979,4,2.9099999999999966,0.7274999999999991,57,61.55999999999995,1.079999999999999,1.2850194551056415,0.3929027316824097,13,32,8.04186877712535,1,1,12.3,0.12142857164144516,0.7490953008333842,call_b72eccd91b8c,1,train
133.22,75,27,48,0.5625,0.7911111111111119,0.6413887176895835,0.23999999999999488,3.0,0.5700000000000074,0.8107441656188548,1.3418749999999997,0.974958059654416,0.18000000000000682,4.349999999999994,1.0050000000000026,21.36000000000002,64.40999999999998,0.1603362858429667,0.4834859630686082,1.0470000000000037,1.1316757486135338,-1.9800000000000002,2.160000000000011,1.4250000000000007,10,1.2629999999999981,0.9635818595220638,2,3.150000000000002,1.575000000000001,72,49.29000000000001,0.6845833333333334,0.6321457700941195,0.3699894910674074,17,37,12.160336285842966,1,1,1.14,0.0,0.0007479591937832689,call_b78e6c8e05d3,0,train
159.9,65,16,49,0.32653061224489793,1.8281250000000007,1.398848186902352,0.2400000000000091,4.769999999999996,1.3949999999999996,0.7651819142029956,1.7687755102040814,1.0548096839656718,0.15000000000000568,4.200000000000003,1.6800000000000068,29.25000000000001,86.67,0.18292682926829273,0.5420262664165103,1.4040000000000024,1.7559498853896716,-1.1400000000000006,4.170000000000002,1.9050000000000011,10,1.3019999999999972,0.3391754708111993,3,2.819999999999993,0.9399999999999977,61,45.569999999999986,0.7470491803278685,0.7601454778797174,0.2849906191369605,6,38,6.0037523452157595,1,1,9.93,0.5525121176615357,0.8055975635846456,call_b7c3a7552903,1,train
129.8,60,16,44,0.36363636363636365,1.44,1.2502479754032787,0.20999999999999375,4.3199999999999985,1.2750000000000004,0.8682277606967214,1.3281818181818181,1.1686371962272641,0.12000000000000455,5.340000000000003,1.0349999999999993,23.04,58.43999999999999,0.17750385208012323,0.45023112480739585,1.4399999999999997,1.6855711198285277,-1.1400000000000006,4.739999999999995,1.980000000000004,13,0.9550000000000015,1.233476240696852,6,5.009999999999998,0.8349999999999996,53,52.23000000000001,0.9854716981132078,0.9909854575462828,0.4023882896764253,3,31,7.395993836671802,1,0,10.05,0.4066316049546003,0.7574132482210795,call_b956718b62ae,1,train
137.94,71,23,48,0.4791666666666667,1.244347826086958,1.3557112393230626,0.05999999999999872,5.1299999999999955,0.9299999999999997,1.0894954054657722,1.4362500000000005,1.0007563628937568,0.0899999999999963,4.02000000000001,1.320000000000011,28.620000000000037,68.94000000000003,0.20748151370160967,0.4997825141365813,-0.07636363636363917,1.1463269405128074,-1.7999999999999972,1.259999999999991,-0.5999999999999943,11,1.1372727272727259,0.9429219576305455,7,7.650000000000019,1.0928571428571456,63,47.729999999999954,0.7576190476190469,0.6841258002729307,0.3460200086994342,12,36,10.004349717268378,1,1,6.3,0.0,0.004318632270345309,call_b96e9305d9a2,0,train
164.68,82,30,52,0.5769230769230769,1.0670000000000006,1.0539291018489514,0.030000000000001137,3.75,0.5999999999999979,0.9877498611517814,1.5438461538461539,1.1316951606557215,0.09000000000000341,4.349999999999994,1.230000000000011,32.01000000000002,80.28,0.19437697352441108,0.4874908914257955,0.7360000000000003,1.0331422250314122,-1.3500000000000085,2.039999999999999,0.990000000000002,15,1.1999999999999993,0.9151040293952291,5,3.809999999999974,0.7619999999999948,76,55.529999999999944,0.7306578947368414,0.6429003769923008,0.33719941705125056,15,37,10.930289045421423,1,0,9.93,0.0,0.003691873762970014,call_bac44092a11a,0,train
149.2,56,23,33,0.696969696969697,1.6760869565217387,1.0669017980303142,0.29999999999999716,4.23,1.4099999999999966,0.6365432258027817,1.864545454545455,1.1757579760230512,0.269999999999996,4.950000000000017,1.5300000000000011,38.54999999999999,61.530000000000015,0.25837801608579086,0.4123994638069706,1.9899999999999995,1.6445364088398906,-0.7800000000000011,4.3500000000000005,2.1899999999999977,9,1.5700000000000003,1.6551057368035451,3,2.3400000000000034,0.7800000000000011,52,50.27999999999999,0.9669230769230767,1.0953905892358338,0.33699731903485247,14,23,9.249329758713138,1,1,11.88,0.3937398165464401,0.7042502661546072,call_bba20372ca37,1,train
111.72,48,21,27,0.7777777777777778,1.3314285714285714,1.353943446803764,0.030000000000001137,4.770000000000001,0.6899999999999977,1.0169103141229987,1.7911111111111115,1.2804876875428037,0.3299999999999983,5.280000000000001,1.6200000000000045,27.96,48.36000000000002,0.2502685284640172,0.43286788399570375,0.647999999999997,2.273640252986386,-3.450000000000003,2.8200000000000003,1.3349999999999982,10,1.619999999999999,0.9558896379812893,4,6.750000000000007,1.6875000000000018,43,40.97999999999998,0.9530232558139531,0.914709256133233,0.3668098818474757,11,17,11.278195488721805,1,0,10.59,0.54836728265509,0.9988391995429993,call_bc24a38d8bf2,1,train
191.72,87,23,64,0.359375,1.2117391304347838,0.9105625243067822,0.17999999999999972,3.4800000000000004,1.019999999999996,0.7514509529621805,1.5529687500000007,1.1847210905947434,0.1799999999999926,4.439999999999998,1.0200000000000031,27.870000000000026,99.39000000000004,0.14536824535781362,0.5184122678906742,0.7135714285714292,1.6889259543037622,-2.9099999999999966,2.0700000000000003,1.365000000000002,14,1.5599999999999976,1.3428786530893535,5,9.059999999999985,1.811999999999997,81,72.29999999999993,0.8925925925925917,0.8815296049733351,0.37711245566451035,9,49,7.19799707907365,1,1,9.18,0.0847927451133728,6.422929620460612e-06,call_bc2c7c34acea,0,val
156.88,70,28,42,0.6666666666666666,1.3500000000000008,0.8512343978012167,0.030000000000001137,3.4799999999999898,1.2299999999999969,0.6305439983712713,1.6842857142857142,1.3544491146518514,0.18000000000000682,5.340000000000003,1.1849999999999987,37.80000000000002,70.74,0.24094849566547694,0.4509178990311066,1.0019999999999991,1.6089251070202106,-2.25,2.9700000000000006,1.4100000000000001,10,0.39900000000000074,1.295380253053135,7,7.109999999999992,1.0157142857142847,62,54.089999999999975,0.8724193548387092,0.7871419258447162,0.3447858235594083,18,31,10.708822029576748,1,1,10.05,0.09978322773240507,0.06670527290589234,call_bc7120020303,0,train
273.9,114,42,72,0.5833333333333334,1.3128571428571394,0.8781196254810936,0.060000000000002274,3.240000000000009,1.259999999999991,0.6688615210410959,1.854166666666667,1.2682490425002546,0.029999999999972715,4.980000000000004,1.6649999999999991,55.13999999999985,133.50000000000003,0.20131434830229958,0.48740416210295745,0.8242105263157915,2.2677382657849345,-3.5999999999999943,7.109999999999999,1.1099999999999852,19,1.0468421052631587,1.4083996143439548,12,13.469999999999938,1.122499999999995,101,97.47000000000006,0.9650495049504956,1.2323251387214147,0.35585980284775487,23,52,9.200438116100768,1,1,9.42,0.5365635737776756,0.00045397334793051414,call_bd2262567810,0,train
150.94,66,25,41,0.6097560975609756,1.116,1.222047462253411,0.030000000000001137,3.2700000000000102,0.6300000000000008,1.0950246077539525,1.717317073170732,1.3051858572445603,0.0899999999999892,4.049999999999997,1.3200000000000003,27.900000000000002,70.41000000000001,0.1848416589373261,0.46647674572677894,0.31500000000000206,2.2494537798524155,-3.6599999999999966,3.75,1.1850000000000023,14,0.9771428571428554,1.5352044643150111,7,13.68,1.9542857142857142,58,65.12999999999998,1.1229310344827585,1.2043619678262334,0.4314959586590697,11,26,9.937723598780972,1,1,6.3,0.0039783623069524765,0.07115650957606097,call_bd98a8224da0,0,val
143.5,68,25,43,0.5813953488372093,1.0619999999999996,1.292642642032205,0.030000000000001137,6.09,0.5400000000000063,1.2171776290322085,1.6193023255813932,1.2822773553123565,0.11999999999999744,5.160000000000011,1.5300000000000011,26.54999999999999,69.62999999999991,0.1850174216027874,0.4852264808362363,0.9960000000000008,1.1856475024221995,-1.44,1.8900000000000006,1.5150000000000006,10,1.2270000000000003,1.0030403780506543,3,3.4799999999999955,1.1599999999999986,64,49.44000000000009,0.7725000000000014,0.6750449720468359,0.3445296167247393,15,32,10.452961672473867,1,1,0.84,0.04922465458512306,0.14831529135735386,call_bda847d77eef,0,train
157.88,68,20,48,0.4166666666666667,1.4100000000000017,1.050383388652874,0.269999999999996,3.75,1.049999999999999,0.7449527579098388,1.4056250000000017,1.1177445113053304,0.12000000000000455,5.640000000000001,1.0350000000000108,28.200000000000035,67.47000000000008,0.17861667088928324,0.4273498859893596,2.532499999999999,0.6382522299928984,1.8599999999999994,4.439999999999998,2.4299999999999997,12,1.3500000000000014,0.8541981886275248,1,0.509999999999998,0.509999999999998,66,61.46999999999989,0.9313636363636347,0.9552347860623049,0.38934633899163856,8,35,7.600709399543958,1,1,10.65,0.45895471274852756,0.9989921847979227,call_bdfa814252df,1,train
129.74,70,20,50,0.4,0.9629999999999995,0.7506565547291884,0.060000000000002274,2.549999999999997,0.9599999999999974,0.7794979799887733,1.3044000000000002,1.1710158854949975,0.1200000000000001,4.740000000000009,1.0049999999999986,19.25999999999999,65.22000000000001,0.14845074764914437,0.5026977030985048,-0.23142857142857182,1.7084174284670934,-3.960000000000008,1.5300000000000011,-0.48,14,1.4635714285714272,1.0925665418415695,10,12.900000000000013,1.2900000000000014,59,56.85,0.9635593220338984,1.0295408462896658,0.4381840604285494,6,35,9.249267766301832,1,1,1.11,0.0,1.2173966202529603e-06,call_be72006df132,0,val
166.38,79,32,47,0.6808510638297872,1.1587499999999995,1.2289432911665314,0.029999999999999805,5.460000000000001,0.7499999999999964,1.0605767345557988,1.5791489361702142,1.2387876783849643,0.12000000000000455,4.560000000000002,1.2000000000000028,37.079999999999984,74.22000000000007,0.22286332491886035,0.4460872701045803,0.4293750000000009,1.3452011931306036,-2.0999999999999996,1.9500000000000028,0.884999999999998,16,1.1118750000000006,0.6730945327366719,8,7.049999999999981,0.8812499999999976,70,60.86999999999992,0.8695714285714274,0.6632035465069381,0.3658492607284525,16,30,11.539848539487918,1,1,1.11,0.0,0.18242251145420596,call_bf0384ed27ed,0,val
149.28,73,32,41,0.7804878048780488,0.9149999999999979,1.1432805091405378,0.029999999999972715,5.3100000000000005,0.480000000000004,1.2494868952355633,1.8109756097560976,1.1064827266569697,0.18000000000000682,3.9599999999999937,1.5600000000000023,29.27999999999993,74.25,0.196141479099678,0.49738745980707394,0.2307692307692305,1.8548470805723292,-2.280000000000001,2.520000000000003,1.1099999999999994,13,1.2392307692307694,0.796591295651473,7,10.080000000000002,1.4400000000000002,65,54.240000000000066,0.8344615384615395,0.7285602899924244,0.36334405144694576,19,27,12.861736334405144,1,1,4.65,0.3486308351159096,0.28538718074560165,call_bf4ed1a05c84,0,train
183.08,64,33,31,1.064516129032258,1.8945454545454536,1.5435998730829892,0.2400000000000091,7.590000000000003,1.5,0.8147600097846875,2.060322580645162,1.159139001934817,0.269999999999996,4.859999999999985,1.9500000000000028,62.51999999999997,63.87000000000002,0.34149005899060497,0.34886388464059437,1.953,2.4678918128637664,-1.259999999999991,4.74,2.8650000000000126,10,1.8233333333333341,0.8328415215393625,4,3.5700000000000074,0.8925000000000018,59,59.01000000000002,1.000169491525424,1.194551555627962,0.3223181123006337,23,21,10.814944286650643,1,0,12.33,0.48027152875438334,0.6710635479539633,call_c04725672945,1,val
90.9,43,14,29,0.4827586206896552,1.2578571428571437,0.9267908117753476,0.060000000000002274,3.450000000000001,1.0950000000000024,0.7368013267947109,1.3500000000000014,0.9348261870529727,0.060000000000002274,3.1200000000000045,1.0200000000000031,17.61000000000001,39.15000000000004,0.19372937293729384,0.43069306930693113,1.6033333333333328,1.8978474648927932,-1.4399999999999977,4.080000000000001,2.4599999999999937,9,0.8737499999999976,1.1299676038339717,7,2.190000000000012,0.31285714285714455,35,35.09999999999996,1.0028571428571418,1.0372491090792586,0.38613861386138565,5,20,9.24092409240924,1,0,11.64,0.14942757971584797,0.9046845436096191,call_c1cbe639d50f,1,train
110.5,45,12,33,0.36363636363636365,1.5600000000000016,1.622119825189472,0.18000000000000682,5.34,0.9150000000000018,1.039820400762481,1.7100000000000004,1.261450058464463,0.11999999999999744,5.939999999999998,1.3500000000000014,18.72000000000002,56.430000000000014,0.16941176470588254,0.5106787330316743,0.9054545454545431,1.5539199698592179,-1.2000000000000028,2.280000000000001,1.9799999999999898,11,1.4590909090909074,0.31557739289925685,4,4.170000000000009,1.0425000000000022,40,38.27999999999997,0.9569999999999993,0.7123244723060921,0.3464253393665156,1,21,6.515837104072398,1,1,9.78,0.44285714328289033,0.9978889028231303,call_c1d95df7a179,1,train
153.26,66,28,38,0.7368421052631579,1.1871428571428553,0.9197981144950094,0.21000000000000085,4.260000000000002,0.7650000000000006,0.7747998557719706,1.6800000000000008,1.4238110260276249,0.1799999999999784,6.269999999999996,1.2899999999999991,33.239999999999945,63.84000000000003,0.21688633694375536,0.4165470442385491,1.7700000000000025,2.3231209415548966,-1.1999999999999886,4.470000000000001,2.5649999999999977,12,1.0150000000000017,1.4893714354476102,8,7.139999999999986,0.8924999999999983,57,62.100000000000016,1.0894736842105266,1.2182780896656564,0.40519378833355096,16,25,10.961764322067076,1,1,12.06,0.3981442809104919,0.6800263499220213,call_c21f9cf2390e,1,val
151.44,78,34,44,0.7727272727272727,0.6750000000000007,0.7252178356127972,0.060000000000002274,2.490000000000009,0.3150000000000013,1.074396793500439,1.7584090909090917,1.528723351220423,0.1799999999999926,7.260000000000019,1.3950000000000031,22.950000000000024,77.37000000000003,0.15154516640253582,0.510895404120444,0.405000000000001,2.1336128622957444,-5.25,2.1599999999999966,1.3800000000000026,14,1.3130769230769215,0.34817104549786465,5,9.449999999999989,1.8899999999999977,72,59.84999999999994,0.8312499999999992,0.9806981380772406,0.39520602218700435,20,30,13.470681458003169,1,0,9.96,0.03883349001407623,9.272986751322303e-05,call_c337629bcbbb,0,train
126.1,51,18,33,0.5454545454545454,1.4483333333333341,1.0242371623339412,0.15000000000000568,3.5400000000000063,1.334999999999999,0.7071833111626749,1.5881818181818186,0.9017464116419267,0.2700000000000031,3.960000000000008,1.4399999999999977,26.070000000000014,52.41000000000001,0.20674068199841408,0.4156225218080889,1.1349999999999991,1.2967266481413897,-1.1700000000000017,2.730000000000004,1.7849999999999984,12,0.9024999999999989,1.0107704082440387,5,4.050000000000011,0.8100000000000023,45,50.369999999999976,1.1193333333333328,1.354791832382713,0.3994448850118951,6,20,8.564631245043616,1,1,9.99,0.5260238237213344,0.9989110231399536,call_c3417b995627,1,train
201.94,71,26,45,0.5777777777777777,2.352692307692309,1.9986066300146363,0.27000000000001023,7.709999999999999,1.8300000000000054,0.8494976684711544,1.920666666666665,1.3252811022571775,0.15000000000000568,5.0400000000000205,1.6499999999999773,61.17000000000003,86.42999999999992,0.3029117559671191,0.4279984153709019,1.6068750000000036,1.9880735021623277,-1.1999999999999886,7.02,1.994999999999994,16,0.8180000000000028,2.4024219921927594,8,11.369999999999926,1.4212499999999908,62,64.58999999999997,1.0417741935483866,1.1157891042776633,0.3198474794493413,10,29,7.725066851540061,1,0,10.95,0.47178514432162044,0.6693304190412164,call_c3a3ab5fa472,1,train
209.2,65,34,31,1.096774193548387,2.0991176470588226,1.7320741947280383,0.08999999999999986,5.430000000000007,1.9199999999999964,0.8251439347170145,2.122258064516132,1.4189073488132096,0.060000000000002274,5.670000000000016,1.9499999999999886,71.36999999999996,65.79000000000009,0.34115678776290614,0.3144837476099431,4.91625,1.1707621144243803,3.4799999999999898,7.260000000000019,4.664999999999992,8,1.298571428571422,2.2024110165258186,1,3.5400000000000063,3.5400000000000063,63,74.27999999999994,1.179047619047618,1.5828320008317827,0.3550669216061183,26,23,9.751434034416826,1,0,13.56,0.1609203027561307,0.6453528372415652,call_c3e9e24958f7,1,train
122.02,47,15,32,0.46875,1.3920000000000006,1.3739681842854172,0.12000000000000455,5.43,1.1400000000000006,0.987046109400443,1.7362499999999996,1.2025557461426233,0.12000000000000455,4.019999999999996,1.6049999999999969,20.88000000000001,55.55999999999999,0.17111948860842494,0.4553351909523028,1.9687500000000004,2.795360633519152,-2.5200000000000102,5.070000000000007,2.9550000000000054,8,1.634999999999998,1.326994455796363,3,5.8200000000000145,1.9400000000000048,43,50.94000000000001,1.184651162790698,1.2899065097853841,0.4174725454843469,7,23,7.37584002622521,1,1,11.79,0.37015521377325056,0.697807140648365,call_c49b6face6c3,1,val
177.06,100,47,53,0.8867924528301887,0.7359574468085104,0.9306908597438421,0.030000000000001137,4.590000000000003,0.4199999999999946,1.264598739750234,1.5430188679245274,1.2774547785247095,0.15000000000000036,5.639999999999986,1.1099999999999994,34.58999999999999,81.77999999999994,0.1953575059301931,0.46187732971873907,0.39937500000000187,1.6673710594825637,-3.75,2.1899999999999977,1.0949999999999989,16,1.5159999999999973,1.0920086341887831,5,9.450000000000012,1.8900000000000023,94,69.51000000000008,0.7394680851063838,0.6662999534764682,0.39257878685191505,31,37,15.92680447305998,1,0,9.33,0.0,0.21443206048576258,call_c4fc8a865292,0,val
139.92,61,21,40,0.525,0.9042857142857144,0.7283445024751098,0.029999999999999805,2.0999999999999996,0.6600000000000001,0.8054362586612589,1.6830000000000012,1.274129567134424,0.29999999999999716,5.670000000000002,1.1400000000000006,18.990000000000002,67.32000000000005,0.1357204116638079,0.4811320754716985,0.9136363636363639,1.4535836592867455,-1.77,2.46,1.4699999999999989,11,2.304545454545455,1.2704437306418854,3,3.7799999999999803,1.2599999999999933,57,56.12999999999994,0.9847368421052621,1.0402989015236332,0.40115780445969085,10,28,9.005145797598628,1,1,1.29,0.07719375193119049,0.3243304630741477,call_c509bc8280ae,0,train
137.28,110,76,34,2.235294117647059,0.6690789473684217,1.30481281174129,0.029999999999986926,7.020000000000001,0.29999999999999716,1.9501627078139223,1.5547058823529412,1.3183144318319784,0.1799999999999926,5.280000000000001,1.1700000000000017,50.850000000000044,52.86,0.3704108391608395,0.38505244755244755,-0.8386956521739144,1.6777455228745775,-4.349999999999998,2.489999999999995,-0.35999999999999943,23,0.49499999999999916,1.0327252435045002,22,27.69000000000002,1.2586363636363644,86,60.11999999999998,0.6990697674418602,0.6606585447281361,0.4379370629370628,53,11,33.21678321678322,1,0,4.02,0.30715206013992424,0.9999283154805502,call_c5b04c36bb62,1,train
137.0,66,16,50,0.32,1.2956250000000007,1.2984707351342195,0.12000000000000455,3.5700000000000003,0.5700000000000003,1.0021964188204293,1.3031999999999988,0.9720007558576053,0.14999999999999858,3.75,1.0349999999999984,20.73000000000001,65.15999999999995,0.15131386861313878,0.47562043795620407,0.890000000000001,1.3287211897158842,-1.2000000000000028,2.6099999999999994,1.259999999999998,15,1.619999999999997,0.33010487843900355,4,4.229999999999977,1.0574999999999943,61,55.02000000000001,0.9019672131147543,0.7674738207742121,0.4016058394160585,1,35,7.007299270072993,1,0,1.26,0.0,0.000558149097438824,call_c647ee088162,0,train
141.46,60,17,43,0.3953488372093023,0.9423529411764721,0.9117396106603362,0.17999999999999972,2.8800000000000097,0.629999999999999,0.9675139438967347,1.6583720930232553,1.1820320079312934,0.269999999999996,5.609999999999985,1.3800000000000097,16.020000000000024,71.30999999999999,0.11324756114802788,0.504100098967906,2.23090909090909,1.6916527690129213,-0.8099999999999987,5.009999999999998,2.489999999999995,11,0.9381818181818169,1.2272963634087564,4,2.909999999999993,0.7274999999999983,55,55.89,1.016181818181818,1.1543981771967369,0.39509401951081574,6,31,7.210518874593524,1,1,9.57,0.06351974084973336,0.673579345146815,call_c67ce09b3316,1,train
108.88,47,18,29,0.6206896551724138,0.8900000000000001,0.6400459542325165,0.06000000000000005,2.25,0.7649999999999979,0.7191527575646253,1.8175862068965525,1.4001292164154335,0.08999999999999986,4.170000000000002,1.2000000000000028,16.020000000000007,52.71000000000002,0.14713445995591484,0.4841109478324763,1.6199999999999997,1.5233890789008186,-1.89,3.119999999999999,2.0549999999999997,8,1.3462499999999993,0.8513172566256193,2,2.1000000000000005,1.0500000000000003,44,41.00999999999998,0.9320454545454541,0.8625559086576663,0.3766531961792797,10,20,9.919177075679647,1,1,1.2,0.0,0.09580852276121732,call_c6daaae3eb0f,0,train
150.28,61,31,30,1.0333333333333334,1.5551612903225809,1.625529392675387,0.029999999999999805,5.43,0.8999999999999986,1.045248105640676,1.9630000000000005,1.2878133030250454,0.3299999999999983,5.940000000000005,1.620000000000001,48.21000000000001,58.89000000000001,0.320801171147192,0.3918685121107267,0.3214285714285707,1.180305417729194,-1.3800000000000001,1.7700000000000031,0.3599999999999923,14,1.5115384615384604,0.7954751845474289,7,5.28000000000002,0.7542857142857171,53,47.60999999999999,0.8983018867924526,0.7338432442366388,0.31680862390204945,17,16,12.376896459941443,1,0,1.11,0.027492461353540422,7.808135402835129e-06,call_c6e878157063,0,train
128.92,61,19,42,0.4523809523809524,1.894736842105262,1.7936349449621785,0.14999999999999858,7.290000000000001,1.4699999999999989,0.9466406653967059,1.3221428571428575,0.9501951935909506,0.0899999999999963,4.079999999999998,0.989999999999998,35.99999999999998,55.530000000000015,0.2792429413589822,0.43073223704623037,0.649285714285716,1.5364167317581454,-1.230000000000004,2.700000000000003,0.49499999999999744,14,0.715714285714287,1.5679615099559354,10,11.519999999999996,1.1519999999999997,50,47.64000000000001,0.9528000000000003,0.9364567174586731,0.3695314923983867,5,27,8.842693143034442,1,1,9.27,0.30973293408751484,0.6718189033369223,call_c87e905eb0d7,1,train
122.1,71,40,31,1.2903225806451613,0.8939999999999987,1.0102292199907283,0.030000000000001137,3.51,0.5850000000000009,1.1300103131887358,1.9287096774193535,1.0599866097754378,0.15000000000000568,4.170000000000002,1.9500000000000028,35.759999999999955,59.78999999999996,0.29287469287469253,0.48968058968058936,-0.6243749999999991,1.1478790223712612,-2.700000000000003,1.4399999999999995,-0.7949999999999982,16,1.2960000000000014,1.1249685709895563,15,14.999999999999986,0.999999999999999,55,41.19000000000007,0.7489090909090922,0.679042552332906,0.33734643734643793,24,15,19.65601965601966,1,0,8.61,0.0,0.014057580653267602,call_ca184bb77a63,0,val
126.82,76,46,30,1.5333333333333334,0.6632608695652185,1.040734899210544,0.09000000000000341,6.119999999999999,0.2700000000000067,1.569118497662568,1.7600000000000002,1.4521327952953937,0.14999999999999147,4.740000000000002,1.2449999999999974,30.510000000000048,52.800000000000004,0.2405771960258638,0.41633811701624357,0.6992307692307679,1.3638393205607822,-1.1700000000000017,2.759999999999998,0.29999999999999716,13,0.9449999999999985,1.2195789139177216,6,4.920000000000016,0.8200000000000026,69,47.30999999999996,0.685652173913043,0.6895831610918157,0.37304841507648606,33,17,21.76312884403091,1,0,9.45,0.3243130423128605,0.6733418324341377,call_ca5206a4f854,1,train
115.02,49,12,37,0.32432432432432434,1.7624999999999993,1.8039105248925673,0.29999999999999716,6.299999999999999,1.259999999999998,1.023495333272379,1.6435135135135144,1.5154889497309953,0.21000000000000085,5.670000000000002,0.960000000000008,21.14999999999999,60.81000000000003,0.18388106416275424,0.5286906624934797,1.0466666666666649,1.4050800688928733,-1.230000000000004,2.280000000000001,1.9499999999999993,9,0.6199999999999998,1.1769027147559807,6,4.380000000000003,0.7300000000000004,42,36.26999999999998,0.8635714285714281,0.7889969594938829,0.315336463223787,3,27,6.259780907668231,1,1,9.81,0.5150298271328211,0.7132861812909445,call_cbad95f3aabc,1,train
167.3,99,50,49,1.0204081632653061,0.6767999999999991,1.1734902415183417,0.029999999999986926,7.530000000000001,0.29999999999999005,1.7338803804940062,1.7614285714285702,1.2335771155464894,0.060000000000002274,5.669999999999998,1.5899999999999892,33.839999999999954,86.30999999999996,0.20227136879856517,0.5158995815899579,-0.9251999999999989,1.9815652903702143,-5.099999999999994,3.839999999999989,-0.8700000000000045,25,1.3200000000000016,1.3326383605464742,22,34.49999999999995,1.5681818181818163,74,80.28000000000003,1.0848648648648653,1.021932420416974,0.4798565451285118,25,23,17.931858936043035,1,1,1.23,0.0,0.0002557172462237152,call_cbb902adb22a,0,train
131.18,49,14,35,0.4,2.162142857142856,1.6882816870845514,0.269999999999996,5.16,1.9800000000000004,0.7808372520377843,1.6774285714285722,1.338962159235855,0.27000000000001023,7.019999999999996,1.3199999999999932,30.269999999999982,58.71000000000002,0.23075163896935494,0.44755298063729243,2.0133333333333323,1.3772617761340773,-0.5699999999999932,3.6299999999999955,2.3699999999999903,9,1.1799999999999997,0.9682845656107503,2,1.0799999999999983,0.5399999999999991,45,42.02999999999998,0.9339999999999997,0.9397277168510992,0.3203994511358437,5,25,6.4034151547492,1,1,10.83,0.7257803544402123,0.9994419813156128,call_ce3072c8e106,1,train
174.32,60,22,38,0.5789473684210527,1.9309090909090953,2.0317384277906028,0.060000000000002274,6.870000000000001,1.2600000000000051,1.052218583130724,1.863157894736841,1.2805237637508282,0.21000000000000796,5.3700000000000045,1.649999999999995,42.480000000000096,70.79999999999995,0.243689765947683,0.4061496099128038,3.279000000000002,2.00315001934453,-1.1099999999999994,6.719999999999999,3.330000000000016,10,0.7399999999999984,2.0244443682156383,2,5.5800000000000125,2.7900000000000063,57,65.48999999999998,1.148947368421052,1.4939337863154245,0.37568838916934366,12,28,7.572280862781093,1,0,11.4,0.8009083580225707,0.7600586116313934,call_ce6146a1c53e,1,train
129.28,37,13,24,0.5416666666666666,2.6284615384615386,1.7969364956032154,0.6300000000000097,6.090000000000003,1.9500000000000028,0.6836457255733626,2.068749999999999,1.182739313039307,0.2400000000000091,4.559999999999988,1.8449999999999989,34.17,49.64999999999998,0.2643100247524753,0.38405012376237607,3.0112499999999995,0.779659953349628,2.1600000000000037,4.530000000000001,2.7750000000000004,8,0.8014285714285714,2.7181453761184837,1,5.340000000000003,5.340000000000003,35,49.35000000000003,1.4100000000000008,1.5347159154633365,0.381729579207921,5,16,6.033415841584159,1,0,10.95,0.7200020361691714,0.805929571390152,call_cea74e96e420,1,train
118.52,49,13,36,0.3611111111111111,1.4676923076923065,1.3234308560590655,0.1799999999999926,4.379999999999999,1.1400000000000006,0.9017086545475821,1.7758333333333334,1.2910225736656542,0.20999999999999375,6.149999999999999,1.3800000000000026,19.079999999999984,63.93,0.16098548768140386,0.5394026324670942,0.9766666666666663,0.9777780934342944,-0.6899999999999977,2.730000000000004,1.2000000000000028,9,1.2337499999999988,0.8993479781009568,3,1.8599999999999994,0.6199999999999998,45,35.820000000000014,0.7960000000000004,0.6763350433838918,0.3022274721565982,4,27,6.581167735403308,1,0,9.39,0.002753657475113869,0.0012957718095994626,call_cf313f91b995,0,val
198.38,126,96,30,3.2,0.7878124999999989,1.4847790571947757,0.029999999999972715,10.139999999999986,0.2699999999999996,1.8846858322186786,2.0020000000000002,1.2173810215886147,0.060000000000002274,4.409999999999997,1.8749999999999925,75.62999999999988,60.06,0.3812380280270183,0.30275229357798167,-1.3470000000000004,1.7002046316469317,-3.930000000000007,3.059999999999974,-1.754999999999991,20,0.45315789473684487,0.7116104789027556,20,31.46999999999999,1.5734999999999997,104,92.94000000000011,0.8936538461538472,0.96029734239469,0.4684948079443498,76,10,29.03518499848775,1,0,3.39,0.3012496452778578,0.9962377349535624,call_d0442c9e97b7,1,train
158.36,64,18,46,0.391304347826087,1.5333333333333323,1.0231554421609321,0.21000000000000085,3.99,1.1699999999999982,0.6672752883658257,1.460217391304347,1.138614146193979,0.21000000000000085,4.2900000000000205,1.139999999999997,27.599999999999984,67.16999999999996,0.17428643596867885,0.4241601414498608,3.74625,0.6731999809014516,2.8499999999999943,4.530000000000001,3.7799999999999994,8,1.8600000000000019,1.204740635987678,1,0.5699999999999932,0.5699999999999932,62,63.03000000000006,1.0166129032258073,1.246675505058451,0.39801717605455955,10,38,6.819904016165698,1,0,12.33,0.7201652081683279,0.6828599311411381,call_d13864e1e455,1,train
147.96,66,22,44,0.5,1.3595454545454553,0.9888255528787542,0.11999999999999034,3.1799999999999997,1.245000000000001,0.7273207008803938,1.6909090909090894,1.2767834187990086,0.1799999999999926,5.1000000000000085,1.169999999999991,29.910000000000014,74.39999999999993,0.2021492295214924,0.5028386050283856,0.5699999999999983,1.351285102623216,-2.1300000000000097,1.4100000000000001,1.2299999999999969,8,0.9599999999999993,1.278436545159747,4,5.100000000000001,1.2750000000000004,61,47.46000000000006,0.7780327868852467,0.7872712782604029,0.32076236820762405,14,35,8.921330089213301,1,1,1.11,0.0,5.247554933400048e-05,call_d13e6463c6fb,0,train
153.68,71,24,47,0.5106382978723404,1.6174999999999995,1.4008514491582242,0.269999999999996,5.49,0.8850000000000025,0.8660596285367695,1.4323404255319163,1.1824168557330195,0.120000000000001,4.440000000000026,1.019999999999996,38.819999999999986,67.32000000000006,0.2526028110359187,0.43805309734513315,1.9399999999999982,1.8297540818372267,-2.219999999999999,4.200000000000003,2.3400000000000034,9,0.8099999999999983,1.504450540420464,3,4.919999999999998,1.6399999999999995,67,51.08999999999996,0.7625373134328353,0.8781770776143139,0.3324440395627275,15,38,9.370119729307653,1,0,9.57,0.11157901734113693,0.346337266266346,call_d147a02786d2,1,train
151.16,58,21,37,0.5675675675675675,1.3214285714285707,1.1567898932575673,0.269999999999996,4.289999999999992,0.8399999999999999,0.875408567870592,1.6881081081081089,1.167061451866368,0.20999999999999375,4.560000000000002,1.6200000000000045,27.749999999999986,62.46000000000003,0.1835803122519184,0.4132045514686427,3.716666666666667,0.6277539326838182,2.8799999999999955,4.739999999999995,3.719999999999999,9,1.567499999999999,0.6676986060876761,0,0.0,0.0,57,59.90999999999997,1.0510526315789468,1.2856066997593647,0.3963350092617092,12,28,8.335538502249271,1,0,12.06,0.17125093061476945,0.7541129092375437,call_d17b2416d506,1,train
111.58,48,16,32,0.5,1.1456250000000001,0.9508450189173846,0.11999999999999034,2.9399999999999995,1.245000000000001,0.8299792854707121,1.5534375,0.9973403643788574,0.18000000000000682,3.8100000000000023,1.4549999999999983,18.330000000000002,49.71,0.16427675210611223,0.44550994801935834,1.1590909090909098,0.9242018669690565,-1.2,2.3399999999999963,1.1400000000000006,11,1.5981818181818175,0.39460912766478695,1,1.2,1.2,46,43.379999999999995,0.9430434782608694,0.7454569651941836,0.3887793511381968,5,20,8.603692417996058,1,1,1.2,0.0,0.01565669213050569,call_d38f7d5159e7,0,train
149.36,72,20,52,0.38461538461538464,1.1655000000000002,1.1935196732883424,0.030000000000001137,3.6599999999999966,0.8999999999999952,1.0240409037223013,1.5282692307692307,1.2093519916959687,0.11999999999999744,5.280000000000001,1.1400000000000077,23.310000000000002,79.47,0.15606588109266203,0.5320701660417781,0.4692857142857159,1.3586954392737514,-2.2199999999999998,1.980000000000004,1.1999999999999957,14,1.1764285714285723,0.676797971706102,5,5.54999999999997,1.1099999999999939,66,50.81999999999997,0.7699999999999995,0.6946166624061848,0.34025174076057824,6,37,8.034279592929833,1,1,0.93,0.0,0.000757204850629023,call_d3e854cbb77d,0,train
136.78,50,16,34,0.47058823529411764,1.5075000000000014,0.8765956878744054,0.1799999999999926,2.6700000000000017,1.5300000000000011,0.5814896768652768,1.9870588235294122,1.4036133660247818,0.2400000000000091,5.729999999999997,1.7549999999999968,24.120000000000022,67.56000000000002,0.17634157040503012,0.4939318613832433,2.066666666666667,1.1136875683960925,-0.7800000000000011,2.9399999999999977,2.4299999999999926,9,1.3050000000000015,1.3297045858814975,2,2.3699999999999974,1.1849999999999987,47,46.319999999999965,0.9855319148936162,0.9728751841625413,0.338646000877321,7,25,7.018569966369353,1,0,10.47,0.21830861009657382,0.7124123175938925,call_d437831f4543,1,train
144.4,59,20,39,0.5128205128205128,2.5604999999999984,2.0808815819009814,0.3300000000000054,7.22999999999999,1.7100000000000009,0.8126856402659569,1.605384615384616,1.2566284175352256,0.14999999999999858,4.170000000000002,1.0799999999999983,51.20999999999997,62.61000000000002,0.3546398891966757,0.43358725761772865,1.2037499999999988,2.0268126807520095,-1.1400000000000006,5.1,1.1399999999999988,8,0.3150000000000006,2.255963525541012,4,7.110000000000008,1.777500000000002,54,36.42000000000002,0.6744444444444447,0.8029724652030188,0.2522160664819946,12,30,8.310249307479225,1,1,9.81,0.6400871612131596,0.9965298771858215,call_d4518fcb700a,1,val
142.46,72,25,47,0.5319148936170213,0.9612000000000009,0.8467797824700355,0.030000000000001137,3.0600000000000005,0.6900000000000048,0.8809610720662033,1.3168085106382972,1.1732935923455126,0.14999999999999147,4.949999999999989,0.9299999999999997,24.030000000000022,61.88999999999998,0.1686789274182228,0.43443773690860576,1.6227272727272728,2.225201523049501,-2.9399999999999995,4.259999999999998,2.4599999999999973,11,1.243636363636362,0.6424993809689283,3,4.529999999999999,1.5099999999999998,68,59.72999999999999,0.8783823529411763,0.9723576675862556,0.41927558612943977,14,35,10.52927137442089,1,1,10.08,0.09819559920579196,0.3253488037735224,call_d557fa43925b,0,train
151.52,66,24,42,0.5714285714285714,0.9824999999999985,1.1599821962651722,0.030000000000001137,3.2699999999999996,0.19500000000000028,1.1806434567584467,1.7571428571428573,1.3488554962729644,0.09000000000000341,4.710000000000008,1.2449999999999903,23.579999999999963,73.80000000000001,0.1556230200633577,0.487064413938754,-0.22599999999999815,2.216489502408195,-4.170000000000002,3.1200000000000045,0.030000000000001137,15,2.4739999999999984,1.5696896872585067,7,15.090000000000003,2.155714285714286,58,68.10000000000002,1.174137931034483,1.2555742859977659,0.44944561774023245,9,26,9.503695881731783,1,1,9.78,0.01754290834069252,0.009139099858960739,call_d5d00276dd35,0,train
169.3,76,25,51,0.49019607843137253,1.2348000000000017,1.115146178758642,0.03000000000000025,4.6200000000000045,1.2899999999999991,0.9030986222535152,1.672941176470589,1.309273530042743,0.0899999999999963,5.310000000000002,1.0500000000000007,30.87000000000004,85.32000000000004,0.18233904311872437,0.5039574719432961,0.7590000000000029,1.4681995777141474,-2.9099999999999966,1.9500000000000028,1.2750000000000057,10,1.4309999999999992,1.1043595429025819,3,3.8999999999999932,1.2999999999999978,72,55.769999999999925,0.7745833333333323,0.814336224120906,0.3294152392203185,15,40,8.860011813349084,1,1,6.39,0.0,0.0004292697572054749,call_d60330be1b1f,0,val
169.32,68,26,42,0.6190476190476191,1.5369230769230797,1.0007348069524469,0.060000000000002274,3.8699999999999974,1.5750000000000002,0.6511287532723616,1.820714285714287,1.2757463484739415,0.030000000000001137,6.0,1.5599999999999987,39.96000000000007,76.47000000000006,0.23600283486888776,0.45163004961020586,1.2959999999999998,1.7510454020384485,-3.5999999999999943,2.489999999999995,1.7399999999999984,10,1.4549999999999983,1.3356833457073571,2,5.25,2.625,65,56.819999999999894,0.8741538461538445,0.8133243746879459,0.3355776045357896,16,31,9.213323883770375,1,1,9.3,0.023436639457941055,0.003442440342193246,call_d72a7cb67eb0,0,train
134.14,58,17,41,0.4146341463414634,1.6694117647058813,2.070677638444223,0.0600000000000005,6.899999999999999,0.6900000000000004,1.2403636312033761,1.458292682926829,1.0889189649350046,0.09000000000000341,5.3700000000000045,1.08,28.379999999999978,59.78999999999999,0.21157000149097943,0.4457283435216937,0.5730000000000033,1.2707832230557643,-1.0799999999999998,2.6099999999999994,0.615000000000002,10,1.5449999999999995,1.0976565947508348,5,3.2999999999999847,0.6599999999999969,52,48.0,0.9230769230769231,0.894879854925303,0.3578350976591621,7,30,7.603995825257194,1,1,1.11,0.0,0.0002635957668341386,call_d80d9f6f7884,0,train
166.7,72,26,46,0.5652173913043478,1.4596153846153852,1.0681328785099018,0.3299999999999841,3.959999999999999,1.0350000000000037,0.731790641403358,1.5443478260869576,1.1817908297230062,0.09000000000000341,4.200000000000017,1.3649999999999967,37.95000000000002,71.04000000000005,0.22765446910617887,0.4261547690461911,2.059999999999999,2.2627939286723335,-2.430000000000007,4.230000000000004,3.0,12,0.8836363636363616,1.208099935661563,6,5.490000000000052,0.9150000000000086,64,62.06999999999999,0.9698437499999998,1.1309926700217194,0.3723455308938212,14,34,9.358128374325135,1,0,11.76,0.6116943825036287,0.7163962523142496,call_d88d3c23953c,1,val
172.26,63,20,43,0.46511627906976744,2.4974999999999996,2.321707345898703,0.269999999999996,8.31,1.6649999999999991,0.9296125509103917,1.7072093023255823,1.454198069926539,0.09000000000000341,6.689999999999998,1.470000000000013,49.94999999999999,73.41000000000004,0.2899686520376175,0.42615813305468503,1.424999999999999,1.4772179010805142,-1.1700000000000017,3.0,2.205000000000002,12,1.4599999999999984,1.3263278081023009,5,3.5999999999999943,0.7199999999999989,57,51.299999999999955,0.8999999999999992,0.9291009479214675,0.2978056426332286,8,30,6.966213862765587,1,1,9.87,0.47661173939704893,0.6705602475752434,call_d88d8e15e430,1,train
95.26,32,15,17,0.8823529411764706,2.7,2.6803571190634816,0.2699999999999996,8.849999999999998,1.6200000000000045,0.9927248589124006,1.574117647058823,0.9401732474890562,0.3299999999999983,3.5700000000000003,1.6499999999999986,40.5,26.75999999999999,0.42515221499055217,0.280915389460424,2.838,1.3805868317494518,0.6000000000000085,4.23,2.8799999999999955,5,1.259999999999999,1.2739701723352874,1,0.480000000000004,0.480000000000004,30,27.180000000000007,0.9060000000000002,1.1318419531438788,0.2853243753936595,10,12,9.447826999790047,1,0,11.88,0.3708893708884716,0.6393380630761385,call_d89caa393417,1,train
160.6,79,36,43,0.8372093023255814,0.6999999999999994,0.6536971775983126,0.09000000000000341,3.0299999999999994,0.495000000000001,0.9338531108547331,1.3953488372093021,1.112668069353182,0.11999999999999744,4.859999999999985,0.9900000000000091,25.199999999999978,59.99999999999999,0.1569115815691157,0.37359900373599003,2.4042857142857166,2.126433323976721,-2.9400000000000013,4.380000000000003,3.1950000000000003,14,1.2621428571428592,1.4680661197194538,6,7.080000000000004,1.1800000000000006,72,81.30000000000003,1.1291666666666673,1.1827560914368562,0.5062266500622666,22,28,13.449564134495642,1,1,11.34,0.24642857164144516,0.7713368932406107,call_d9b9c625f406,1,train
195.98,85,29,56,0.5178571428571429,1.5858620689655163,1.8437839919217753,0.060000000000002274,9.69,0.9299999999999784,1.1626383075827684,1.6982142857142866,1.1456083848456116,0.18000000000000682,4.530000000000001,1.5300000000000011,45.989999999999974,95.10000000000005,0.23466680273497284,0.48525359730584783,0.6184615384615425,0.8299884151184064,-0.9899999999999807,1.4400000000000013,1.1099999999999994,13,1.8475000000000001,1.2186365331796003,5,1.7099999999999653,0.3419999999999931,79,56.18999999999994,0.7112658227848094,0.7915586167915445,0.2867129298908049,16,43,8.878456985406673,1,0,8.67,0.0,0.003883544928006207,call_db5326bcb672,0,train
160.32,76,29,47,0.6170212765957447,0.8606896551724138,0.6886992451326666,0.05999999999999872,2.7900000000000027,0.7800000000000011,0.8001713985916398,1.7910638297872348,1.241461680654235,0.12000000000000455,5.400000000000006,1.5600000000000023,24.96,84.18000000000004,0.15568862275449102,0.5250748502994015,0.4938461538461537,1.5554074410559797,-2.28,2.549999999999997,0.960000000000008,13,1.7400000000000002,0.6841052550594814,5,6.629999999999997,1.3259999999999994,70,57.239999999999974,0.8177142857142853,0.7529712572772709,0.35703592814371243,16,34,10.853293413173654,1,0,0.75,0.006982550770044327,0.0060076622175984085,call_dc1a55102190,0,val
162.94,71,21,50,0.42,1.5400000000000003,1.0744998836668151,0.23999999999999488,3.5400000000000063,1.0500000000000043,0.6977271971862434,1.5324000000000013,1.2600122448384623,0.030000000000001137,6.810000000000002,1.2450000000000099,32.34,76.62000000000006,0.1984779673499448,0.4702344421259363,1.887272727272727,0.9587292726217447,-0.480000000000004,2.819999999999993,2.16,11,1.374545454545453,0.6068338098089712,2,0.7500000000000071,0.37500000000000355,68,53.45999999999995,0.7861764705882346,0.743272372108365,0.3280962317417451,10,38,7.732907818829017,1,1,10.05,0.2955128028988838,0.9985003272692362,call_dcdbcc7d70e4,1,train
147.24,92,49,43,1.1395348837209303,0.5302040816326531,0.6434396170708844,0.03000000000000025,3.629999999999999,0.3299999999999983,1.2135697165694124,1.5627906976744197,1.2336846196916724,0.09000000000000341,4.3799999999999955,1.0500000000000114,25.980000000000004,67.20000000000003,0.17644661776691117,0.4563977180114101,0.3233333333333326,1.3535660960849267,-2.8200000000000074,1.8299999999999983,1.050000000000002,18,1.4276470588235293,1.2877331313774059,10,8.070000000000011,0.807000000000001,80,60.59999999999996,0.7574999999999996,0.7924828792624165,0.411572942135289,31,25,19.967400162999184,1,0,2.88,0.0,0.0002851987311866348,call_ddeabfdb99d4,0,train
97.48,43,16,27,0.5925925925925926,1.4493750000000003,1.265166491020056,0.030000000000001137,5.400000000000006,1.3199999999999976,0.87290486659426,1.5755555555555547,1.0195713025706648,0.23999999999999488,3.6899999999999977,1.5599999999999987,23.190000000000005,42.53999999999998,0.23789495281083303,0.4363972096840375,1.4924999999999997,0.6780170667889858,0.15000000000000568,2.5799999999999983,1.4399999999999977,8,0.7537499999999997,1.266862688466502,2,1.9499999999999922,0.9749999999999961,40,33.330000000000005,0.8332500000000002,0.8004562400954166,0.3419162905211326,8,18,9.848173984407058,1,1,8.97,0.1148610906675458,0.0025639066167665683,call_ddf2da1910f1,0,train
130.4,51,18,33,0.5454545454545454,1.9216666666666677,1.8612084941842302,0.36000000000001364,8.16,1.3649999999999984,0.9685386786734931,1.6863636363636367,1.1562353193171209,0.30000000000001137,4.680000000000007,1.4099999999999966,34.59000000000002,55.65000000000001,0.2652607361963191,0.42676380368098166,1.8933333333333313,1.4403471803700663,-0.9900000000000091,4.199999999999989,2.25,9,1.1466666666666638,0.7983576892596448,2,1.740000000000009,0.8700000000000045,48,40.61999999999996,0.8462499999999992,0.8555615923461446,0.3115030674846623,9,23,8.282208588957054,1,1,9.18,0.5,0.9993521173795065,call_df3e278ab7fe,1,train
168.6,66,35,31,1.1290322580645162,1.7279999999999986,1.2104150965195188,0.18000000000000682,4.950000000000001,1.5899999999999892,0.7004716993747221,1.8919354838709699,1.4393109910760276,0.060000000000002274,6.0,1.6799999999999997,60.479999999999954,58.65000000000007,0.35871886120996416,0.34786476868327443,2.3474999999999953,0.913857600660908,0.5699999999999932,3.239999999999995,2.4899999999999913,8,0.9042857142857176,1.7041503957774926,3,2.3999999999999986,0.7999999999999995,62,50.57999999999999,0.8158064516129031,0.8355945137643637,0.29999999999999993,27,23,12.455516014234876,1,0,10.35,0.20542157776653766,0.6803603880107403,call_df75973c8794,1,train
147.56,56,20,36,0.5555555555555556,2.4764999999999993,1.241422253113872,0.20999999999999375,4.920000000000002,2.3699999999999903,0.5012809421013013,1.544166666666663,1.2374198386735438,0.1799999999999784,5.339999999999989,1.2299999999999933,49.52999999999999,55.58999999999987,0.33566007047980473,0.37672811059907746,3.5640000000000027,0.6222378966279664,2.910000000000011,4.530000000000001,3.54,5,0.28499999999999837,3.2821791541596275,1,4.590000000000003,4.590000000000003,54,45.96000000000014,0.8511111111111137,1.2444225252636854,0.31146652209270903,15,31,8.13228517213337,1,0,11.07,0.10905382484197616,0.7687228322029114,call_e0a8703be347,1,train
128.04,47,21,26,0.8076923076923077,2.0642857142857145,1.5484365386691537,0.14999999999999147,6.059999999999999,1.6799999999999997,0.7501076657912854,1.7457692307692319,1.2237946660348635,0.21000000000000796,4.32,1.2450000000000045,43.35000000000001,45.39000000000003,0.33856607310215564,0.35449859418931606,-0.011249999999999927,2.0683494972700163,-3.4799999999999898,1.9799999999999898,0.7650000000000041,8,2.3549999999999995,1.9177218627468209,3,6.959999999999994,2.319999999999998,43,44.909999999999954,1.0444186046511617,1.1978419132629454,0.350749765698219,13,17,9.840674789128398,1,1,1.38,0.010339116305112838,0.00037881466414546594,call_e0c1f661d9ca,0,train
169.72,53,18,35,0.5142857142857142,1.8083333333333351,1.5221356900169976,0.21000000000000796,5.43,1.5150000000000006,0.8417340221292144,1.9611428571428575,1.268815500027189,0.2400000000000091,5.25,1.6200000000000045,32.55000000000003,68.64000000000001,0.1917864718359653,0.404430827244874,3.458999999999997,0.647309817629862,2.6999999999999886,4.710000000000001,3.404999999999994,10,1.4999999999999998,2.342648074295412,1,4.65,4.65,51,71.93999999999996,1.4105882352941168,1.4630467002316851,0.42387461701626183,8,24,6.3634221069997645,1,1,12.81,0.19621371049433947,0.6673111473210156,call_e106a61086bb,1,train
149.92,75,28,47,0.5957446808510638,1.2707142857142848,1.3200811663357248,0.060000000000002274,6.0,0.8550000000000004,1.0388497093142306,1.5191489361702122,1.1871061448223286,0.18000000000000682,4.710000000000001,1.1400000000000006,35.57999999999998,71.39999999999998,0.23732657417289207,0.4762540021344716,-0.05999999999999825,1.4747590602245124,-2.730000000000018,1.7099999999999937,0.269999999999996,15,1.335000000000001,0.9667371769156171,9,10.55999999999999,1.1733333333333322,65,51.81000000000004,0.7970769230769237,0.7063544681074692,0.3455843116328711,13,32,11.2059765208111,1,0,1.05,0.0,0.0001605605818137216,call_e118b75d4937,0,train
108.38,75,64,11,5.818181818181818,0.7101562500000002,1.236920769924828,0.02999999999999936,6.990000000000002,0.29999999999999716,1.741758619916149,2.13,1.2585706178041813,0.8399999999999999,4.710000000000001,1.8600000000000003,45.45000000000001,23.43,0.4193578150950361,0.21618379774866212,-1.2599999999999996,1.669559394399784,-4.530000000000001,0.4800000000000004,-0.8099999999999987,8,0.5957142857142842,0.8157993450773104,8,11.009999999999991,1.3762499999999989,66,49.619999999999976,0.7518181818181815,0.8031398174873201,0.4578335486252074,56,3,35.43089130835948,1,0,3.96,0.40644648030865943,0.9998700022697449,call_e2200941723b,1,train
206.46,90,33,57,0.5789473684210527,1.565454545454544,1.603605490194459,0.060000000000002274,6.269999999999982,1.0200000000000102,1.0243705221915833,1.5789473684210515,1.122105298424297,0.12000000000000455,5.040000000000006,1.4099999999999966,51.659999999999954,89.99999999999994,0.25021795989537904,0.4359197907585001,0.5871428571428582,1.286410800348297,-2.1299999999999955,1.92,1.1400000000000041,14,1.4999999999999998,1.807982300798323,7,5.729999999999993,0.8185714285714276,82,70.2300000000001,0.8564634146341477,1.0034180743729495,0.34016274338855035,19,43,9.590235396687008,1,0,9.6,0.0,0.00029087472406293574,call_e2d538297f0c,0,val
117.94,50,24,26,0.9230769230769231,1.7162499999999994,1.755938526456905,0.15000000000000568,6.86999999999999,1.049999999999998,1.0231251428736523,1.5207692307692315,1.2422106844715939,0.060000000000002274,4.109999999999999,1.139999999999997,41.18999999999998,39.54000000000002,0.3492453790062742,0.3352552145158557,1.2407142857142859,2.7803582068218766,-3.1799999999999997,6.090000000000003,0.9449999999999985,14,0.2871428571428561,2.013311197510703,12,17.10000000000002,1.4250000000000016,37,53.04000000000001,1.433513513513514,1.5781339476599434,0.44972019671019176,10,11,12.209598100729185,1,1,12.78,0.5921990394592285,0.7545575698216757,call_e3064936e37a,1,train
141.46,51,17,34,0.5,1.7347058823529409,1.6408462665917973,0.12000000000000455,5.129999999999999,1.2899999999999991,0.945893066533081,1.3155882352941164,0.9801891937860665,0.08999999999997499,3.990000000000009,1.1549999999999994,29.489999999999995,44.729999999999954,0.20846882510957157,0.3162024600593804,3.320000000000002,1.8334393908716988,-1.2299999999999898,5.219999999999999,3.509999999999998,9,2.7262500000000003,1.1011544266943534,1,1.2299999999999898,1.2299999999999898,49,67.44000000000003,1.3763265306122454,1.5464147970353221,0.47674254206136024,8,25,7.210518874593524,1,0,11.46,0.26816350519657134,0.6832653532425562,call_e3084824935d,1,train
148.18,57,20,37,0.5405405405405406,1.706999999999999,1.5393953016482942,0.06000000000000005,6.419999999999998,1.3200000000000038,0.9018132991495578,1.780540540540542,1.0404377976653922,0.14999999999999858,4.560000000000002,1.6500000000000057,34.13999999999998,65.88000000000005,0.23039546497503022,0.444594412201377,1.5119999999999993,1.4641174816250193,-1.05,4.9199999999999875,1.3350000000000009,10,1.6200000000000003,0.1581138830084196,1,1.05,1.05,55,47.96999999999998,0.8721818181818177,0.8787653184146974,0.32372789850182193,10,26,8.098258874342015,1,1,1.05,0.0,0.00013371711579187226,call_e31bf946a8fa,0,train
153.6,62,23,39,0.5897435897435898,1.3826086956521733,1.2743633611668963,0.21000000000000796,5.730000000000004,0.9000000000000057,0.921709349271655,1.5123076923076924,1.3227552216938032,0.030000000000001137,5.009999999999998,0.960000000000008,31.799999999999983,58.980000000000004,0.2070312499999999,0.38398437500000004,2.7354545454545467,2.3400699290250415,-2.549999999999997,5.1299999999999955,3.390000000000015,11,1.199999999999998,0.9936297097007503,2,3.179999999999996,1.589999999999998,59,65.55,1.1110169491525423,1.3185058091162472,0.4267578125,12,27,8.984375,1,1,12.81,0.6667078927159309,0.6619289768617213,call_e329faf2b6a1,1,val
124.52,43,15,28,0.5357142857142857,1.4839999999999989,1.3696600203804499,0.2400000000000091,4.6200000000000045,0.9899999999999949,0.9229514962132419,2.255357142857143,1.3208091855987005,0.20999999999999375,5.460000000000001,2.070000000000004,22.259999999999984,63.150000000000006,0.1787664632187599,0.5071474461933827,1.9966666666666688,0.9630550347721558,-0.29999999999999716,3.030000000000001,2.0400000000000063,9,1.3725,0.5928321853610838,1,0.29999999999999716,0.29999999999999716,41,38.160000000000004,0.9307317073170732,0.8454329962921444,0.306456794089303,6,19,7.227754577577898,1,0,9.72,0.2288305576890707,0.689653625090917,call_e3f555297277,1,val
118.48,58,20,38,0.5263157894736842,1.4819999999999998,1.8515359200290693,0.03000000000000025,6.33,0.8399999999999996,1.2493494737038255,1.3168421052631574,1.2132803540973933,0.060000000000002274,5.160000000000011,1.0349999999999997,29.639999999999993,50.03999999999997,0.25016880486157994,0.42234976367319355,1.0542857142857134,0.9146193587654763,-0.9600000000000001,1.8000000000000007,1.3199999999999932,7,1.392857142857146,0.5435596957622402,1,0.9600000000000001,0.9600000000000001,56,38.55000000000004,0.6883928571428578,0.6045216795442171,0.32537137069547634,13,30,10.12829169480081,1,1,0.84,0.0,2.5746870164766733e-05,call_e4d9c2e0947a,0,train
124.92,65,22,43,0.5116279069767442,1.0254545454545458,1.0310176538728155,0.03000000000000025,3.510000000000005,0.5549999999999997,1.0054250170745538,1.4644186046511634,1.210777598085866,0.14999999999999147,5.969999999999999,1.2900000000000063,22.560000000000013,62.97000000000002,0.18059558117195015,0.5040826128722384,0.5175000000000004,1.497714167414038,-2.34,2.0700000000000003,1.0649999999999968,12,1.1799999999999986,0.6955311900724774,4,6.0899999999999945,1.5224999999999986,60,44.18999999999997,0.7364999999999995,0.6421806731358024,0.35374639769452426,10,30,10.566762728146013,1,1,0.78,0.0,0.017870252528761437,call_e58669998b76,0,val
132.52,74,28,46,0.6086956521739131,0.7992857142857154,0.9501303168763845,0.030000000000000027,4.4399999999999995,0.6000000000000014,1.188724257039264,1.551521739130436,1.2051997849896634,0.1799999999999926,4.920000000000002,1.2000000000000028,22.38000000000003,71.37000000000003,0.16888016903108988,0.5385602173256869,0.04636363636363594,1.4225418990474266,-2.7900000000000063,1.8900000000000006,-0.030000000000001137,11,1.0227272727272725,0.6665746906250051,7,5.640000000000018,0.8057142857142884,66,42.98999999999996,0.6513636363636358,0.7116781605443606,0.324403863567763,17,34,12.677331723513431,1,1,0.51,0.0,9.924677215167321e-05,call_e618b7b1fa5b,0,train
153.1,59,20,39,0.5128205128205128,1.4459999999999993,0.6339051896566883,0.18000000000000682,2.6099999999999994,1.5,0.43838533171278604,1.7638461538461554,1.2055564676783643,0.2400000000000091,3.930000000000007,1.4699999999999989,28.919999999999987,68.79000000000006,0.1888961463096015,0.4493141737426523,3.4537500000000025,0.6425159809018609,2.8499999999999943,4.739999999999999,3.195000000000004,8,1.4774999999999978,0.5655275665884293,0,0.0,0.0,58,54.14999999999994,0.9336206896551714,1.132218282648903,0.35369039843239675,12,30,7.838014369693011,1,1,12.36,0.48392857164144515,0.6682326871280869,call_e697765a4dfd,1,train
153.66,59,22,37,0.5945945945945946,1.3309090909090906,1.4404923400761909,0.14999999999999858,5.519999999999996,0.9600000000000009,1.08233714076763,2.0464864864864873,1.1661289623179583,0.27000000000001023,5.400000000000006,1.980000000000004,29.279999999999994,75.72000000000001,0.19055056618508392,0.4927762592737213,1.1700000000000017,1.44343340684633,-2.5500000000000007,2.25,1.4699999999999989,9,1.816666666666666,0.40308187753854524,1,2.5500000000000007,2.5500000000000007,57,49.949999999999974,0.8763157894736837,0.8626488103074227,0.3250683326825457,13,27,8.590394377196407,1,1,9.57,0.0,0.0023163754858614993,call_e69e8ba551e4,0,train
118.54,54,15,39,0.38461538461538464,1.4139999999999986,1.4501369393464678,0.0899999999999892,4.859999999999998,0.8399999999999999,1.0255565341912796,1.3930769230769218,1.098585583102568,0.0899999999999963,4.61999999999999,1.3500000000000014,21.20999999999998,54.32999999999995,0.17892694449131077,0.458326303357516,1.7325000000000015,1.4987780737273,-1.5,2.729999999999997,2.445000000000004,8,1.1250000000000009,0.789339687876612,2,1.980000000000004,0.990000000000002,51,43.68000000000008,0.8564705882352956,0.9227000022313034,0.3684832124177499,7,30,7.592373882233845,1,1,10.53,0.37320153042674065,0.6669658054209625,call_e6c59d28e6d7,1,train
142.82,57,19,38,0.5,1.1952631578947368,1.1608300115820052,0.029999999999986926,3.960000000000001,0.8099999999999881,0.9711919955992118,2.096842105263156,1.2443192109421817,0.14999999999999147,5.400000000000006,1.7099999999999973,22.71,79.67999999999994,0.1590113429491668,0.5579050553143813,0.8750000000000018,0.7631215797332319,-1.0499999999999972,1.7100000000000009,1.125000000000007,12,1.1425000000000007,0.6638883394613332,3,1.3499999999999872,0.44999999999999574,53,40.20000000000006,0.758490566037737,0.6114685859797366,0.2814731830275876,7,25,7.9820753395882935,1,1,9.63,0.0,0.010496517599752528,call_e9bd33cdb226,0,val
145.32,62,25,37,0.6756756756756757,1.1760000000000006,1.5394073534967934,0.030000000000001137,6.0,0.39000000000000057,1.3090198584156398,1.7627027027027031,1.2698504913060689,0.27000000000001023,5.579999999999998,1.4099999999999966,29.400000000000013,65.22000000000001,0.2023121387283238,0.44880264244426105,0.49687500000000057,1.2209652943470592,-2.79,1.7100000000000009,1.004999999999999,16,1.5224999999999977,2.5209879015973096,6,9.420000000000005,1.570000000000001,55,58.85999999999999,1.0701818181818181,1.2914211105787625,0.40503715937241946,9,20,10.32204789430223,1,1,0.36,0.0,0.0008452381789538777,call_eb1c9a5a2c08,0,train
148.86,61,24,37,0.6486486486486487,1.0175,0.7191253745681806,0.02999999999999403,2.6099999999999994,1.2299999999999969,0.7067571248827327,1.7278378378378372,1.2840650189818938,0.09000000000000341,5.25,1.5,24.42,63.929999999999986,0.16404675534058846,0.4294639258363562,1.710000000000001,2.4407338687742706,-3.210000000000001,3.8400000000000034,3.210000000000003,12,1.7209090909090916,1.0608530015553963,4,6.599999999999991,1.6499999999999977,56,65.82000000000001,1.175357142857143,1.4312016112162727,0.44216041918581217,12,25,9.673518742442562,1,0,10.86,0.6930002389475703,0.6766400498648485,call_ec545493459e,1,train
133.46,59,20,39,0.5128205128205128,1.309500000000001,1.0186186466820735,0.03000000000000025,3.240000000000002,0.9300000000000068,0.7778683823459891,1.592307692307693,1.2556576417799241,0.1799999999999926,5.519999999999996,0.990000000000002,26.19000000000002,62.10000000000003,0.19623857335531258,0.4653079574404318,0.7350000000000019,1.1700641008081567,-2.01,1.6799999999999997,1.125000000000007,10,1.493999999999998,1.0338084929037878,3,3.299999999999999,1.0999999999999996,55,47.18999999999994,0.8579999999999989,0.7252264014315356,0.3535890903641536,10,28,8.991458114790948,1,1,0.99,0.04279924333095551,0.0024314220882502013,call_ec58505fc522,0,train
79.36,59,51,8,6.375,0.8005882352941179,1.4453212954422359,0.030000000000001137,7.049999999999997,0.240000000000002,1.805324175056429,1.7099999999999995,0.8867597516480197,0.7199999999999989,2.79,1.724999999999999,40.830000000000005,13.679999999999996,0.5144909274193549,0.17237903225806447,-1.1249999999999993,1.2510755372878173,-2.7299999999999995,0.33000000000000185,-0.645,6,0.1679999999999998,0.49821682027004993,6,7.709999999999997,1.2849999999999995,52,32.249999999999986,0.6201923076923074,0.4852550992129995,0.40637600806451596,45,2,38.55846774193549,1,0,4.11,0.8580119986087085,0.9999433358510336,call_ed020e30c242,1,train
155.94,79,31,48,0.6458333333333334,1.1970967741935488,1.0775348209327533,0.0600000000000005,4.26,0.8999999999999986,0.9001234020187373,1.462500000000001,1.037893734567907,0.17999999999999972,4.079999999999984,1.095000000000006,37.110000000000014,70.20000000000005,0.2379761446710274,0.4501731435167375,0.36562500000000053,1.2683163051857365,-2.6699999999999946,2.1900000000000013,0.37500000000001066,16,1.1279999999999968,1.261213701162494,10,7.77000000000001,0.777000000000001,68,55.67999999999995,0.818823529411764,0.7418885329070648,0.3570604078491724,15,32,11.927664486340902,1,0,10.47,0.0,0.0004518869973253459,call_ed041799aed9,0,train
159.46,60,15,45,0.3333333333333333,2.06,1.656209096529956,0.269999999999996,6.120000000000001,1.9200000000000017,0.8039849983155126,1.8186666666666667,1.1283004113186412,0.18000000000000682,4.679999999999978,1.8599999999999994,30.9,81.84,0.193779004138969,0.5132321585350558,1.4918181818181848,1.2276629682597584,-0.779999999999994,2.3700000000000045,2.010000000000005,11,1.259999999999999,0.8354878814201917,3,1.829999999999984,0.6099999999999947,56,47.370000000000005,0.8458928571428572,0.746367632509036,0.29706509469459424,4,33,5.644048664241816,1,1,9.81,0.25,0.6676321330790719,call_ed99e3ea3f0e,1,train
195.58,91,35,56,0.625,0.8845714285714268,0.8193697106246213,0.02999999999999403,3.66,0.5699999999999932,0.926290047540756,1.5846428571428572,1.204139774861125,0.14999999999999858,5.1299999999999955,1.3800000000000114,30.959999999999937,88.74000000000001,0.15829839451886663,0.45372737498721755,1.3800000000000026,1.6101785615266397,-1.529999999999994,3.4499999999999886,1.8900000000000006,17,1.528235294117646,0.36442137859416207,4,5.189999999999991,1.2974999999999977,86,79.59000000000005,0.9254651162790705,0.8493577601053405,0.4069434502505371,18,38,10.73729420186113,1,1,9.69,0.09806581754237413,0.4651918647189935,call_ee227bc9d7ac,0,train
184.0,64,24,40,0.6,1.6199999999999999,1.6842570288202567,0.14999999999999858,7.289999999999999,1.1399999999999935,1.0396648326050968,1.7542499999999983,1.1944291362565052,0.1799999999999784,4.439999999999998,1.4400000000000048,38.879999999999995,70.16999999999993,0.21130434782608692,0.38135869565217356,3.6390000000000016,1.8453211102677989,-1.1699999999999875,5.939999999999998,3.9450000000000003,10,1.2433333333333338,2.9234269274260978,2,7.529999999999987,3.7649999999999935,61,81.30000000000007,1.3327868852459028,1.701280038821299,0.4418478260869569,14,30,7.826086956521738,1,0,12.0,0.33838909640908243,0.677287923792998,call_eed2c7389776,1,val
127.34,57,22,35,0.6285714285714286,0.9804545454545455,0.827166576606274,0.030000000000000027,3.0899999999999963,0.5550000000000033,0.8436562209243407,1.902857142857144,0.9589595201803573,0.23999999999999488,3.3900000000000006,1.7999999999999972,21.57,66.60000000000004,0.16938903722318202,0.5230092665305485,0.5069999999999993,1.7400258618767706,-2.490000000000002,2.9099999999999966,1.1849999999999987,10,1.5750000000000008,0.8616553835495949,4,6.18,1.545,52,44.12999999999996,0.8486538461538454,0.7632208038799212,0.34655253651641243,12,24,10.365949426731586,1,1,1.38,0.0,3.2599541555100586e-05,call_f003741555a1,0,train
127.94,56,18,38,0.47368421052631576,1.7133333333333338,1.2959938271457934,0.09000000000000341,5.609999999999999,1.275000000000003,0.7564166306298403,1.578947368421053,1.121487403921706,0.12000000000000455,4.230000000000004,1.4399999999999995,30.84000000000001,60.00000000000002,0.2410504924183212,0.46896982960762873,0.8820000000000006,1.4150053003434298,-1.0500000000000007,2.519999999999996,1.6800000000000033,10,1.2959999999999987,0.5612129720524993,4,3.2099999999999973,0.8024999999999993,51,39.05999999999997,0.7658823529411757,0.6311518881238913,0.30529935907456596,8,27,8.441456932937314,1,1,10.05,0.9046867251396179,0.9998860160509745,call_f0ad1cf1aa6a,1,train
240.38,147,110,37,2.972972972972973,1.7383636363636379,2.1984041448256635,0.030000000000001137,8.430000000000007,0.870000000000001,1.2646399745362555,1.901351351351351,1.2757027739906983,0.18000000000000682,6.0,1.5600000000000023,191.22000000000017,70.34999999999998,0.7954904734170903,0.2926616191030867,-0.9096428571428595,1.3565901756838379,-3.3900000000000006,3.330000000000001,-0.8700000000000045,28,-1.2988888888888903,1.8942409345035034,40,69.99000000000005,1.7497500000000012,106,48.4499999999999,0.4570754716981123,0.49535358603946195,0.20155586987270116,82,9,27.456527165321575,1,0,2.4,0.9138730764389038,0.999917209148407,call_f1372119b403,1,train
133.9,54,17,37,0.4594594594594595,1.503529411764706,1.6531293853494589,0.02999999999999936,6.359999999999999,0.6899999999999977,1.0994991999585602,1.8364864864864863,1.2078314272930448,0.20999999999999375,4.559999999999995,1.5300000000000011,25.560000000000002,67.94999999999999,0.19088872292755787,0.5074682598954443,0.837,0.9375979948784016,-1.62,1.5300000000000011,1.1549999999999976,10,1.3680000000000025,0.5639503524247513,1,1.62,1.62,52,40.80000000000001,0.7846153846153848,0.6497705825556835,0.30470500373413,7,26,7.617625093353248,1,1,0.81,0.0,0.05840592818155225,call_f1b82a4a46f6,0,val
145.74,83,43,40,1.075,0.79953488372093,0.9714028968661094,0.03000000000000025,4.290000000000001,0.3299999999999983,1.2149599931716903,1.709999999999998,1.0281574258389103,0.12000000000000455,4.109999999999999,1.5000000000000004,34.37999999999999,68.39999999999992,0.23589954713874012,0.4693289419514198,-0.2849999999999998,1.2100397323419392,-2.25,1.5899999999999963,-0.5249999999999972,14,0.8742857142857148,0.7530728260392121,11,9.839999999999982,0.8945454545454529,71,51.54000000000008,0.7259154929577476,0.6237984506571436,0.35364347468093915,29,25,17.7027583367641,1,1,0.45,0.0,0.008668236232627654,call_f202d4ff9f96,0,train
148.98,61,27,34,0.7941176470588235,1.5400000000000016,1.1149784406332368,0.17999999999999972,4.650000000000006,1.1400000000000006,0.724011974437166,1.7611764705882385,1.5006640241469742,0.060000000000002274,6.390000000000015,1.4400000000000013,41.58000000000004,59.8800000000001,0.27909786548530036,0.4019331453886435,1.6124999999999967,1.0170651053749873,-0.30000000000001137,2.34,2.039999999999996,8,1.5599999999999978,1.409407170206176,2,1.5600000000000165,0.7800000000000082,58,47.87999999999989,0.8255172413793083,0.8612947666949549,0.32138542086185995,19,25,10.873942811115587,1,1,9.6,0.29716718271374704,0.5526933926545704,call_f23bfe7d0e9e,1,train
86.82,54,28,26,1.0769230769230769,0.6567857142857145,0.645927719677379,0.0899999999999963,2.25,0.3150000000000013,0.9834679799329313,1.3257692307692308,1.2890653143325919,0.05999999999999517,4.919999999999995,0.8550000000000018,18.390000000000008,34.46999999999999,0.21181755355908788,0.39702833448514163,1.1924999999999997,2.2011654970616243,-2.219999999999999,5.07,1.3050000000000033,12,0.29000000000000004,1.4019013063433814,10,10.020000000000017,1.0020000000000018,43,42.780000000000015,0.9948837209302329,1.072032720034198,0.49274360746371826,16,13,19.350380096751902,1,1,11.82,0.05268282704055309,0.6649709871659676,call_f27db4ab1f5a,1,train
115.84,54,15,39,0.38461538461538464,2.009999999999999,1.7956733715079858,0.269999999999996,6.089999999999998,1.1400000000000006,0.8933698365711377,1.325384615384616,0.982046322612679,0.11999999999999744,3.8100000000000023,0.960000000000008,30.149999999999984,51.690000000000026,0.26027279005524845,0.4462189226519339,0.3333333333333329,1.4701870629277072,-1.1400000000000006,2.0999999999999943,-0.6899999999999977,9,1.5562499999999986,0.8438845130872914,5,4.5,0.9,48,37.34999999999998,0.7781249999999996,0.7059373013265807,0.3224274861878451,6,30,7.769337016574585,1,0,9.93,0.6807260751724243,0.9984854062398275,call_f2ab1c408b36,1,train
126.82,54,17,37,0.4594594594594595,1.19470588235294,1.195737835224859,0.030000000000001137,3.5700000000000003,0.8099999999999987,1.0008637714831425,1.6491891891891879,1.1016915740461686,0.1799999999999926,3.960000000000001,1.4400000000000013,20.30999999999998,61.019999999999946,0.16014824160227079,0.48115439205172644,0.39857142857142974,1.6138957031541246,-3.4200000000000017,1.7699999999999996,1.1850000000000023,14,1.8578571428571442,0.6141933868770617,4,7.710000000000004,1.927500000000001,49,51.93000000000007,1.0597959183673484,0.8065525654390578,0.40947800031540826,3,22,8.04289544235925,1,1,1.14,0.0,0.003501966059654175,call_f331303c4fb8,0,train
132.64,76,37,39,0.9487179487179487,0.480810810810811,0.6064439993307905,0.02999999999999936,2.280000000000001,0.17999999999999972,1.2612944336840495,1.6546153846153853,1.2782056628724472,0.12000000000000455,5.609999999999999,1.4100000000000001,17.790000000000006,64.53000000000003,0.13412243667068763,0.4865048250904707,0.603999999999998,2.361382161846258,-3.240000000000009,3.9299999999999926,0.030000000000001137,15,1.037142857142856,0.9562943590228351,8,10.830000000000002,1.3537500000000002,67,59.96999999999995,0.8950746268656709,0.9333020121384066,0.45212605548854007,22,24,16.737032569360675,1,0,10.59,0.7229839457664639,0.7985242704550425,call_f5251fb3b1d9,1,train
179.88,70,18,52,0.34615384615384615,2.049999999999999,1.053950551357073,0.09000000000000341,3.8100000000000023,2.0099999999999945,0.5141222201741823,1.654038461538459,1.1437867270269748,0.09000000000000341,4.260000000000019,1.3500000000000032,36.899999999999984,86.00999999999986,0.20513675783855895,0.4781521014009332,2.0528571428571465,1.4702455502472973,-0.6599999999999966,4.620000000000001,2.2049999999999983,14,0.16714285714285523,1.690054293945466,10,10.559999999999985,1.0559999999999985,59,66.30000000000013,1.1237288135593242,1.0620830188751962,0.3685790527018019,4,37,6.004002668445631,1,1,10.38,0.3354985058307648,0.6740697678178549,call_f68d3459fdc7,1,train
158.64,64,23,41,0.5609756097560976,1.4582608695652188,1.1296807762047105,0.18000000000000682,3.450000000000001,0.9000000000000004,0.7746767397945235,1.6909756097560975,1.2832455043327637,0.14999999999999147,4.890000000000001,1.379999999999999,33.540000000000035,69.33,0.21142208774583987,0.4370272314674736,1.6450000000000014,1.75972363532666,-1.289999999999992,3.75,2.5949999999999998,12,1.304999999999998,1.4999181795866552,6,5.310000000000006,0.885000000000001,57,59.84999999999998,1.0499999999999996,1.0586733611998969,0.377269288956127,11,28,8.698940998487142,1,1,9.84,0.12070124447345734,0.7179934978485107,call_f6ce5de7ac09,1,val
104.38,40,18,22,0.8181818181818182,1.7616666666666676,1.2593614161433513,0.27000000000001023,4.620000000000001,1.4100000000000001,0.7148692996083352,1.8681818181818182,1.3737804508991693,0.23999999999999488,5.429999999999993,1.6799999999999997,31.71000000000002,41.1,0.3037938302356775,0.39375359264226867,1.9842857142857133,0.602103455752059,0.6899999999999977,2.519999999999996,2.1300000000000026,7,0.9100000000000007,1.651653716733624,2,2.0999999999999943,1.0499999999999972,37,32.45999999999997,0.8772972972972966,0.8063933719161328,0.31097911477294476,11,15,10.346809733665452,1,0,9.45,0.6359662753064186,0.7076081881920496,call_f9fbabf70f7e,1,val
125.06,42,11,31,0.3548387096774194,2.2036363636363627,2.2212711348562233,0.030000000000000027,6.390000000000001,0.9300000000000068,1.0080025776987815,1.9993548387096773,1.595209360311619,0.2400000000000091,6.450000000000003,1.769999999999996,24.239999999999988,61.98,0.1938269630577322,0.49560211098672635,0.7770000000000007,1.4477879679013776,-2.34,1.8299999999999983,1.3650000000000047,10,1.8599999999999994,0.5287721626560923,2,3.78,1.89,39,41.250000000000014,1.0576923076923082,0.8118901323729296,0.3298416759955223,1,20,5.277466815928355,1,1,0.84,0.0,0.000229062053222151,call_fa26d1186721,0,val
209.6,109,37,72,0.5138888888888888,1.3167567567567555,1.1365910386718654,0.030000000000000027,4.380000000000003,0.9599999999999937,0.8631746393854487,1.3337500000000004,1.2503041179344894,0.09000000000000341,5.699999999999989,0.8999999999999915,48.719999999999956,96.03000000000003,0.23244274809160284,0.458158396946565,0.6440000000000025,1.1355854374349357,-1.41,2.700000000000017,0.7200000000000131,15,1.142000000000004,1.0802063294971558,7,5.610000000000003,0.8014285714285718,101,69.21000000000002,0.6852475247524754,0.6317366445907782,0.3302003816793894,22,56,10.591603053435115,1,1,1.53,0.0,1.057202304840151e-05,call_fa4d7f2897f4,0,train
141.6,57,20,37,0.5405405405405406,1.7955000000000005,1.2173719537118513,0.4200000000000017,5.76,1.5750000000000028,0.6780127840221949,1.7327027027027027,1.225304154187959,0.21000000000000085,4.949999999999989,1.470000000000006,35.91000000000001,64.11,0.2536016949152543,0.45275423728813563,2.2739999999999965,1.2501039956739624,0.38999999999998636,5.039999999999999,2.324999999999997,10,0.35400000000000115,2.4702145655792735,4,7.92,1.98,52,48.35999999999998,0.9299999999999995,1.0405032718946767,0.3415254237288134,10,26,8.474576271186441,1,1,9.69,0.1793327860534191,0.6924973751107851,call_fa9e18dd83dd,1,val
177.6,80,23,57,0.40350877192982454,1.0617391304347812,1.4701318808309571,0.030000000000001137,5.849999999999994,0.3299999999999983,1.3846450966057355,1.6563157894736826,1.274668908802466,0.12000000000000455,5.640000000000001,1.3799999999999955,24.419999999999966,94.4099999999999,0.13749999999999982,0.5315878378378373,0.358125000000001,1.163003116934776,-1.6800000000000068,2.219999999999999,0.5700000000000038,16,2.0300000000000034,1.316326056003711,7,5.250000000000012,0.7500000000000018,72,63.090000000000146,0.876250000000002,0.9726447718014413,0.3552364864864873,7,41,7.77027027027027,1,0,5.37,0.0,0.0037834642765422664,call_fb1405943fed,0,val
193.36,87,18,69,0.2608695652173913,1.6816666666666664,1.5157807151664755,0.030000000000001137,6.029999999999998,1.019999999999989,0.9013562230920569,1.206521739130433,0.9314202092171417,0.11999999999999034,5.010000000000002,0.9899999999999949,30.269999999999996,83.24999999999987,0.15654737277616879,0.43054406288787683,3.1963636363636367,2.2262491896787897,-2.460000000000008,4.59,4.170000000000016,11,0.6000000000000014,1.5527137534007962,5,6.9299999999999855,1.385999999999997,80,85.6800000000001,1.0710000000000015,1.2836336872480305,0.4431112949937945,7,57,5.5854364915184105,1,1,12.33,0.09400269580073654,0.9936955769856771,call_fc8bda4b3374,1,val
185.18,93,37,56,0.6607142857142857,1.08891891891892,1.145575507438615,0.05999999999999961,4.199999999999989,0.6300000000000097,1.0520301259674538,1.5096428571428595,1.0427846710274717,0.14999999999999858,3.9000000000000057,1.3050000000000104,40.290000000000035,84.54000000000013,0.2175720920185767,0.4565287828059193,0.5699999999999992,1.310019083830462,-1.74,3.0900000000000034,0.9599999999999937,13,1.820769230769229,0.6578812144359296,4,3.4800000000000066,0.8700000000000017,87,62.66999999999984,0.7203448275862051,0.7258554668672511,0.33842747596932626,24,42,11.988335673398854,1,1,0.51,0.034889187663793564,0.002399993929429911,call_fce92bad5095,0,train
153.3,57,13,44,0.29545454545454547,1.9776923076923079,1.0551631299326343,0.3299999999999983,3.51,2.0700000000000003,0.5335325044389049,1.4018181818181823,1.1787128824258335,0.120000000000001,4.6200000000000045,1.0799999999999996,25.71,61.68000000000002,0.16771037181996085,0.40234833659491204,2.8874999999999997,2.3779207604243595,-1.1400000000000148,6.359999999999999,2.730000000000002,8,1.9087500000000013,1.3406761353884107,2,2.0100000000000158,1.0050000000000079,54,66.66,1.2344444444444447,1.8259860780500774,0.4348336594911937,5,35,5.088062622309197,1,1,10.14,0.32074280567467217,0.6667441670627644,call_fdc3a7dac09f,1,train
167.5,53,27,26,1.0384615384615385,2.411111111111112,1.963870458937448,0.060000000000002274,8.7,2.039999999999999,0.8145084852735958,1.891153846153844,1.2353730672896397,0.12000000000000455,4.469999999999999,1.9649999999999963,65.10000000000002,49.169999999999945,0.3886567164179106,0.2935522388059698,1.7350000000000019,2.52404977619841,-2.069999999999993,4.710000000000001,2.939999999999994,12,1.1324999999999987,1.3312408770494042,6,8.429999999999959,1.4049999999999931,45,60.42,1.3426666666666667,1.2795105598342165,0.3607164179104478,15,13,9.671641791044777,1,1,12.3,0.24683441519737243,0.5686222979178032,call_fdc44f969ade,1,train
142.42,52,21,31,0.6774193548387096,2.125714285714286,1.3781493802508165,0.30000000000001137,5.309999999999999,1.8299999999999983,0.648322961139497,1.7516129032258054,1.0688501509385175,0.20999999999999375,4.109999999999999,1.5900000000000034,44.64,54.29999999999997,0.3134391237185789,0.3812666760286475,1.5210000000000037,1.387879677781899,-1.1399999999999864,2.9700000000000006,1.9050000000000011,10,1.6350000000000011,0.47397257304616547,2,1.9799999999999756,0.9899999999999878,49,44.25,0.9030612244897959,0.807199903167407,0.31070074427748917,11,20,8.84707204044376,1,1,11.07,0.2469528578221798,0.6663247062979281,call_fe828697f60d,1,train
187.96,147,116,31,3.7419354838709675,0.45284482758620703,0.7185962233646118,0.029999999999972715,4.23,0.22500000000000497,1.5868486942755557,1.7922580645161281,1.049141584590052,0.060000000000002274,4.049999999999997,1.5300000000000011,52.530000000000015,55.559999999999974,0.27947435624600986,0.2955948074058309,-1.0112499999999989,1.4718084483707963,-3.8999999999999915,2.1600000000000037,-0.7349999999999994,24,0.576521739130435,0.821282858457936,22,30.269999999999992,1.3759090909090903,123,108.6,0.8829268292682927,0.9080954052818242,0.5777825069163651,92,7,37.02915513939136,1,0,3.9,0.6351887598633766,0.999943216641744,call_fe8e4fc3ef69,1,train
211.72,85,41,44,0.9318181818181818,2.137317073170733,1.2586203247807568,0.240000000000002,6.390000000000001,2.0700000000000074,0.5888786182358895,1.5136363636363617,1.1229344674475965,0.120000000000001,4.22999999999999,1.1999999999999886,87.63000000000004,66.5999999999999,0.4138957113168337,0.3145664084640086,1.8749999999999967,0.26969679945517544,1.5599999999999987,2.3400000000000034,1.8449999999999989,12,1.0090909090909088,1.5576485774747446,3,3.900000000000002,1.3000000000000007,81,60.240000000000066,0.7437037037037045,0.6975518698355767,0.2845267334215004,29,32,11.619119591913849,1,0,9.12,0.3952645681798458,0.6657732129630555,call_feaca5a8cd14,1,train
76.3,39,17,22,0.7727272727272727,1.0005882352941178,1.0550738753058675,0.20999999999999375,3.960000000000001,0.5400000000000027,1.0544536084773513,1.3854545454545448,0.9690924928716862,0.2700000000000031,3.6300000000000026,1.0350000000000001,17.01,30.47999999999999,0.2229357798165138,0.39947575360419385,0.5614285714285734,1.9158325307067623,-2.759999999999998,2.5799999999999983,0.7199999999999989,7,1.285714285714287,1.482743595982992,4,5.219999999999992,1.304999999999998,34,32.79,0.9644117647058825,0.8596764408122979,0.42975098296199216,10,14,13.368283093053735,1,1,9.57,0.4591027289628982,0.7850781679153442,call_ff4042587962,1,train
160.2,68,31,37,0.8378378378378378,1.7593548387096793,1.2520594647323287,0.02999999999999936,5.219999999999999,1.92,0.7116582949523679,1.725405405405406,1.3675090789757447,0.23999999999999488,6.5400000000000205,1.4699999999999989,54.54000000000006,63.84000000000002,0.3404494382022476,0.3985018726591762,-0.11099999999999666,1.466154834933882,-3.0000000000000036,1.1999999999999993,0.4500000000000015,10,1.5059999999999991,0.9665195290318763,4,6.959999999999983,1.7399999999999958,63,47.48999999999992,0.7538095238095225,0.7436145996489455,0.2964419475655426,21,26,11.610486891385769,1,1,8.22,0.0,3.3776464107404536e-05,call_fff8cae57de7,0,train
