duration_s,n_turns_total,n_turns_caller,n_turns_agent,ratio_caller_agent_turns,caller_dur_mean,caller_dur_std,caller_dur_min,caller_dur_max,caller_dur_median,caller_dur_cv,agent_dur_mean,agent_dur_std,agent_dur_min,agent_dur_max,agent_dur_median,caller_total_speech_s,agent_total_speech_s,caller_speech_ratio,agent_speech_ratio,caller_latency_mean,caller_latency_std,caller_latency_min,caller_latency_max,caller_latency_median,n_caller_responses,agent_latency_mean,agent_latency_std,n_overlaps,overlap_total_s,overlap_mean,n_silences,silence_total_s,silence_mean,silence_std,silence_ratio,caller_consecutive_segments,agent_consecutive_segments,caller_turns_per_min,first_speaker,last_speaker,time_to_first_caller_s,label,split,anon_id
170.0,29,10,19,0.5263157894736842,4.857999999999997,3.8170197798806367,0.4200000000000017,11.36,3.030000000000001,0.7857183573241332,3.7736842105263166,2.564025070353938,0.2600000000000051,9.02,4.039999999999992,48.57999999999997,71.70000000000002,0.28576470588235275,0.42176470588235304,3.204444444444444,0.5734786637511284,2.539999999999999,4.359999999999999,3.2600000000000193,9,1.793333333333334,0.8019351594736353,0,0.0,0.0,28,48.76000000000002,1.7414285714285722,1.3007795790323249,0.2868235294117648,1,9,3.5294117647058822,1,1,10.5,1,train,call_0181ce113ebe
128.0,24,10,14,0.7142857142857143,4.3880000000000035,6.727569810530063,0.3200000000000074,21.64,1.7400000000000055,1.5331745238218,4.161428571428572,5.211168268754592,0.28000000000000114,19.42,2.07,43.88000000000003,58.26000000000001,0.34281250000000024,0.4551562500000001,0.7825000000000009,2.089523185527536,-1.5799999999999983,4.020000000000003,0.9200000000000017,8,1.5349999999999957,0.384670545495011,4,4.179999999999993,1.0449999999999982,19,29.059999999999945,1.5294736842105234,0.9530388454494778,0.22703124999999957,2,5,4.6875,1,1,10.54,1,train,call_018c9d3823ac
216.0,34,10,24,0.4166666666666667,7.3379999999999965,6.246381708192708,0.47999999999998977,20.980000000000004,6.129999999999992,0.8512376271726235,3.615833333333336,3.0643190841156467,0.44000000000000483,12.319999999999993,2.719999999999997,73.37999999999997,86.78000000000006,0.3397222222222221,0.40175925925925954,3.579999999999999,1.999977777654319,-0.9399999999999977,6.640000000000001,3.969999999999999,10,1.4977777777777805,0.5249232748168468,1,0.9399999999999977,0.9399999999999977,32,55.63999999999997,1.7387499999999991,1.7146348242833405,0.2575925925925925,0,14,2.7777777777777777,1,0,11.6,1,train,call_01bf49059daf
149.0,33,10,23,0.43478260869565216,2.4380000000000006,2.594052171153593,0.3999999999999915,7.600000000000001,1.1099999999999994,1.064008273647905,3.1808695652173906,3.0038247029162335,0.21999999999999886,9.919999999999987,1.8800000000000001,24.380000000000006,73.15999999999998,0.16362416107382555,0.49100671140939584,2.906666666666668,0.5794825277780217,2.5,4.360000000000014,2.6599999999999966,9,2.111111111111109,1.2895391080192582,0,0.0,0.0,32,50.4,1.575,1.3293122160508173,0.33825503355704695,1,13,4.026845637583892,1,1,11.14,1,train,call_01c3806808d6
109.0,34,14,20,0.7,1.228571428571429,1.151392849771744,0.3400000000000034,3.8400000000000034,0.6100000000000034,0.937180226558396,2.785000000000001,1.858668170605246,0.3200000000000074,8.040000000000003,2.449999999999999,17.200000000000006,55.700000000000024,0.15779816513761474,0.5110091743119268,0.43692307692307664,2.252877362453716,-4.920000000000002,2.6000000000000085,1.7399999999999949,13,1.8153846153846152,0.973555471665717,6,9.66,1.61,27,44.13999999999998,1.634814814814814,0.9655702594456437,0.40495412844036677,1,6,7.706422018348624,1,1,5.54,1,val,call_0294f969f98b
146.0,39,16,23,0.6956521739130435,1.7512500000000015,1.4629644561642623,0.21999999999999886,5.1800000000000015,1.3700000000000045,0.8353829871030756,3.183478260869562,2.4289141021071585,0.35999999999999943,9.019999999999996,2.9799999999999995,28.020000000000024,73.21999999999993,0.19191780821917825,0.501506849315068,1.4646153846153862,2.148257493041805,-4.520000000000003,3.1399999999999997,2.3000000000000114,13,1.3883333333333354,1.3990505438483707,5,6.579999999999984,1.3159999999999967,33,50.08000000000005,1.517575757575759,1.0855846072020083,0.3430136986301373,3,10,6.575342465753425,1,0,10.78,1,train,call_02c249d2f89d
146.0,25,11,14,0.7857142857142857,3.305454545454546,2.6542809332712447,0.28000000000000114,8.339999999999998,3.200000000000003,0.8030002823427856,4.615714285714286,4.636445445988375,0.4000000000000057,16.39999999999999,3.4699999999999998,36.36000000000001,64.62,0.249041095890411,0.4426027397260274,3.3444444444444446,0.7221341826681367,2.5,4.9,3.0799999999999983,9,1.4974999999999992,0.622110463319362,0,0.0,0.0,24,44.559999999999995,1.8566666666666662,1.377592943811989,0.3052054794520548,2,5,4.52054794520548,1,0,12.56,1,train,call_02d28871d7b3
174.0,23,10,13,0.7692307692307693,7.530000000000003,7.636498615930673,0.4200000000000017,24.0,5.290000000000006,1.0141432424874728,5.058461538461544,5.4816631389780595,0.4200000000000017,20.420000000000016,3.980000000000004,75.30000000000003,65.76000000000008,0.4327586206896553,0.37793103448275905,1.8733333333333277,2.183368956452388,-2.9399999999999977,5.659999999999997,2.019999999999996,9,0.6624999999999979,3.0357006722383844,2,9.700000000000003,4.850000000000001,20,41.459999999999894,2.0729999999999946,1.7953539454585796,0.23827586206896492,1,4,3.4482758620689657,1,0,9.28,1,train,call_03680846967f
185.0,42,10,32,0.3125,3.283999999999998,1.9791535789040946,0.3199999999999932,5.619999999999997,4.13999999999999,0.6026655234178123,3.7249999999999988,2.991368227244473,0.35999999999999943,12.919999999999987,2.609999999999985,32.83999999999998,119.19999999999996,0.1775135135135134,0.6443243243243241,0.914000000000002,0.5781234008986867,-0.6199999999999903,1.5999999999999996,1.0299999999999976,10,1.2420000000000002,0.5332041510216005,1,0.6199999999999903,0.6199999999999903,40,32.42000000000004,0.8105000000000008,0.6180695753715747,0.17524324324324345,0,21,3.243243243243243,1,1,9.44,0,train,call_04d682ac0cef
169.0,46,27,19,1.4210526315789473,2.3488888888888884,1.389148420196106,0.5,5.719999999999999,2.0,0.5914066121932335,3.20421052631579,3.0198865243387933,0.28000000000000114,10.460000000000008,2.16,63.41999999999998,60.88000000000001,0.375266272189349,0.3602366863905326,2.471999999999997,0.9929171387605522,0.7600000000000051,4.099999999999994,2.3799999999999883,10,0.6888888888888904,1.6415879845780765,3,4.299999999999997,1.4333333333333325,42,47.58000000000002,1.1328571428571435,1.0193620331873405,0.2815384615384617,17,9,9.585798816568047,1,0,10.54,1,train,call_05d6615469e1
146.0,46,28,18,1.5555555555555556,1.7921428571428564,2.1138228615347807,0.28,9.34,0.8099999999999952,1.1794946218209224,4.937777777777779,3.7777670895658093,0.3400000000000034,15.980000000000004,4.01,50.17999999999997,88.88000000000001,0.3436986301369861,0.6087671232876714,-2.101428571428571,3.8687184464086304,-11.5,1.4599999999999937,-0.8100000000000023,14,0.7114285714285702,1.3670116601993103,13,37.67999999999999,2.8984615384615378,32,43.519999999999996,1.3599999999999999,1.3641019732953936,0.2980821917808219,14,3,11.506849315068495,1,1,0.78,0,train,call_0615c3630150
140.0,29,12,17,0.7058823529411765,1.9666666666666668,1.5701843165306386,0.21999999999999886,4.479999999999997,1.3900000000000006,0.7983988050155789,4.5435294117647045,3.1019851328956864,0.4000000000000057,9.359999999999985,5.079999999999998,23.6,77.23999999999998,0.1685714285714286,0.5517142857142856,1.7622222222222237,2.1706322683597135,-1.019999999999996,4.400000000000006,2.3599999999999994,9,1.8044444444444454,0.3373096170846253,3,2.9399999999999835,0.9799999999999945,25,41.29999999999999,1.6519999999999992,1.217812246065323,0.29499999999999993,3,7,5.142857142857142,1,1,11.6,1,train,call_064d8dd77899
133.0,28,12,16,0.75,4.300000000000001,6.401937206814825,0.20000000000000284,19.28,1.009999999999998,1.4888226062360055,3.671250000000002,2.914094198889254,0.30000000000001137,10.38000000000001,2.460000000000008,51.60000000000001,58.74000000000003,0.38796992481203013,0.4416541353383461,-0.5654545454545494,2.3281080887122223,-6.060000000000002,2.0999999999999943,-1.1400000000000041,11,1.7860000000000003,0.4022216083482125,7,13.180000000000039,1.8828571428571483,20,34.83999999999999,1.7419999999999995,1.55728373509099,0.26195488721804505,1,5,5.413533834586466,1,0,9.28,1,train,call_06b5a78ea12e
115.0,25,12,13,0.9230769230769231,2.236666666666666,2.5605373489077454,0.38000000000000966,8.879999999999995,1.2699999999999996,1.1448006030884113,4.140000000000004,3.1261691146406885,0.4200000000000017,10.900000000000006,4.200000000000003,26.83999999999999,53.82000000000005,0.23339130434782598,0.4680000000000004,2.2674999999999974,0.6045482374704056,1.6599999999999966,3.3000000000000007,1.999999999999993,8,1.6514285714285708,0.5063407473045727,0,0.0,0.0,24,33.619999999999955,1.4008333333333314,0.9093615374520205,0.29234782608695614,4,5,6.260869565217391,1,0,11.5,1,val,call_0847d7417bb1
135.0,52,27,25,1.08,1.6548148148148156,1.937473315687947,0.259999999999998,7.560000000000002,0.740000000000002,1.1708097476180515,3.5256,2.8807089405214112,0.3399999999999963,12.019999999999996,3.460000000000008,44.68000000000003,88.14,0.3309629629629632,0.6528888888888889,-1.9700000000000006,2.504428078424293,-8.579999999999998,1.1399999999999864,-1.3299999999999965,16,0.49466666666666786,1.7989118403979139,17,40.81999999999999,2.401176470588235,33,33.43999999999996,1.0133333333333319,0.8690751789498229,0.24770370370370343,11,9,12.0,1,0,0.46,0,train,call_092aef8d1243
147.0,26,9,17,0.5294117647058824,3.871111111111114,2.093611977208556,0.8199999999999932,6.66,3.8200000000000216,0.5408297300481341,3.9694117647058826,2.900104460593262,0.37999999999999545,10.120000000000005,3.6400000000000006,34.840000000000025,67.48,0.2370068027210886,0.4590476190476191,3.4866666666666655,0.7551158851461129,2.539999999999992,4.6,3.280000000000001,9,1.0449999999999982,0.8975999745352679,2,0.7000000000000028,0.3500000000000014,23,45.01999999999999,1.9573913043478257,1.4049821007960597,0.30625850340136046,0,8,3.6734693877551017,1,0,12.26,1,train,call_098d8081babe
101.0,26,12,14,0.8571428571428571,2.3699999999999988,2.4383526480728017,0.28000000000000114,7.880000000000003,1.3999999999999986,1.028840779777554,2.9899999999999998,2.1017172465903653,0.2599999999999909,7.100000000000001,2.789999999999999,28.439999999999984,41.86,0.28158415841584145,0.41445544554455443,1.9875000000000005,1.223481566210602,-0.980000000000004,2.92,2.3299999999999983,8,1.2725000000000022,0.8970387792222633,2,1.2199999999999989,0.6099999999999994,23,31.060000000000013,1.3504347826086964,0.9370916238353918,0.30752475247524763,4,5,7.128712871287129,1,1,11.1,1,train,call_099dffdf8486
117.0,27,7,20,0.35,2.760000000000003,1.3276043587354354,0.960000000000008,5.119999999999997,2.6600000000000037,0.48101607200559204,3.56,2.6442071739837942,0.3200000000000074,9.420000000000002,2.95,19.32000000000002,71.20000000000002,0.1651282051282053,0.6085470085470087,1.3085714285714278,0.08552359741197545,1.2000000000000028,1.4000000000000021,1.2999999999999972,7,1.334285714285713,0.21686071896166859,0,0.0,0.0,26,25.63999999999997,0.9861538461538449,0.6613868878233187,0.21914529914529887,0,12,3.58974358974359,1,1,8.88,0,train,call_0a9c546208d1
129.0,36,17,19,0.8947368421052632,1.828235294117647,2.303302616065998,0.21999999999999886,9.38,0.9400000000000001,1.2598502082729077,3.66,3.014999539340301,0.3399999999999892,10.920000000000002,3.9000000000000057,31.08,69.54,0.24093023255813953,0.5390697674418605,0.36000000000000015,1.6107367032736075,-3.3400000000000034,1.8000000000000043,1.3200000000000038,12,0.041818181818181574,3.238770810606451,7,17.580000000000002,2.511428571428571,28,44.11999999999999,1.5757142857142854,1.884371254942886,0.3420155038759689,5,7,7.906976744186047,1,0,0.84,0,train,call_0ab7d2a0c0f5
159.0,36,17,19,0.8947368421052632,3.0305882352941182,2.0084959254011308,1.079999999999984,7.099999999999994,2.3200000000000074,0.6627412797325158,3.46842105263158,2.951815379573683,0.29999999999999716,11.060000000000002,2.8400000000000034,51.52000000000001,65.90000000000002,0.3240251572327045,0.4144654088050316,3.04222222222222,0.9753176120856474,1.8999999999999986,4.74,2.6000000000000014,9,0.3349999999999975,2.4760740815134863,3,6.200000000000008,2.0666666666666695,32,46.67999999999997,1.4587499999999989,1.2577803028838463,0.2935849056603772,8,10,6.415094339622642,1,0,11.64,1,val,call_0cf2f4a71328
209.0,43,15,28,0.5357142857142857,5.0453333333333354,4.124944790395322,0.47999999999998977,11.840000000000003,4.420000000000002,0.8175762665952669,3.365714285714285,2.920080451163945,0.21999999999999886,9.420000000000002,2.240000000000009,75.68000000000004,94.23999999999997,0.36210526315789493,0.45090909090909076,1.563999999999997,1.1598007491710725,-1.3000000000000114,2.9199999999999946,1.859999999999994,10,-0.03800000000000168,2.837674321615422,4,11.740000000000023,2.935000000000006,38,49.98000000000001,1.315263157894737,1.36070279305894,0.2391387559808613,5,17,4.30622009569378,1,1,9.38,1,train,call_0e101713ee94
130.0,39,12,27,0.4444444444444444,1.9966666666666673,1.5375974962928562,0.28000000000000025,4.34,1.0200000000000022,0.7700822185106122,2.9407407407407398,2.059689905573776,0.2400000000000002,7.939999999999998,2.3599999999999923,23.960000000000008,79.39999999999998,0.18430769230769237,0.6107692307692306,0.38199999999999984,0.9675834732868146,-1.2800000000000011,1.4200000000000017,0.6899999999999986,10,0.7980000000000012,1.358543337549452,6,5.439999999999998,0.9066666666666663,32,30.30000000000001,0.9468750000000004,0.8551266176760408,0.23307692307692315,2,16,5.538461538461539,1,1,4.0,0,val,call_0e1e2f29bfdc
136.0,35,16,19,0.8421052631578947,1.5625000000000018,1.3159913880164014,0.28000000000000114,3.8800000000000026,0.8600000000000065,0.842234488330496,4.081052631578948,3.3092226256274895,0.7600000000000051,13.11999999999999,2.719999999999999,25.00000000000003,77.54,0.1838235294117649,0.5701470588235295,0.5615384615384595,1.5163214597277088,-1.9399999999999977,2.959999999999999,1.019999999999996,13,1.2516666666666663,0.838156346158675,6,5.960000000000015,0.9933333333333358,27,37.33999999999999,1.3829629629629625,0.8329872785750126,0.2745588235294117,3,6,7.0588235294117645,1,0,10.2,0,val,call_10aa0d1d33f0
161.0,27,9,18,0.5,4.155555555555553,2.8645554241064706,0.519999999999996,9.400000000000006,3.9200000000000017,0.6893315191700067,4.277777777777779,3.7432850554741264,0.46000000000000796,15.079999999999984,3.6700000000000013,37.39999999999998,77.00000000000001,0.2322981366459626,0.47826086956521746,3.3874999999999993,0.4024123684551877,2.719999999999999,3.799999999999997,3.5600000000000023,8,1.8625000000000007,1.0196603075814719,1,0.21999999999999886,0.21999999999999886,25,45.88000000000002,1.8352000000000006,1.3707209781717054,0.284968944099379,1,9,3.3540372670807455,1,1,11.36,1,train,call_10ceaf16fbbf
123.0,30,13,17,0.7647058823529411,2.0138461538461545,1.918269786646021,0.2200000000000002,6.479999999999997,1.5,0.9525403829793073,4.083529411764705,3.2282211455700915,0.5,10.019999999999998,2.8799999999999955,26.180000000000003,69.41999999999999,0.21284552845528457,0.564390243902439,0.05428571428571465,2.676931434452871,-5.859999999999999,1.7000000000000028,1.0600000000000023,7,1.3771428571428577,1.1921648975108858,3,6.980000000000004,2.326666666666668,26,32.80000000000001,1.261538461538462,1.3002144201867385,0.2666666666666668,6,9,6.341463414634147,1,1,1.86,0,train,call_11d3230256a1
157.0,40,16,24,0.6666666666666666,3.295,3.5436214997278332,0.3400000000000034,13.840000000000003,2.1500000000000004,1.075454172906778,3.0116666666666663,2.2512907730738694,0.2600000000000051,8.079999999999998,2.259999999999991,52.71999999999999,72.27999999999999,0.335796178343949,0.4603821656050955,0.9454545454545475,1.4641882640996904,-1.2399999999999949,2.520000000000003,1.4800000000000004,11,1.1581818181818184,1.0055627099472038,4,4.899999999999983,1.2249999999999956,35,36.02,1.0291428571428571,0.7251830252895245,0.2294267515923567,5,12,6.114649681528662,1,1,9.74,1,val,call_120d6007bcc1
131.0,67,45,22,2.0454545454545454,1.595555555555555,1.6384687357346186,0.2400000000000002,6.740000000000009,0.8400000000000034,1.0268954471874354,3.2400000000000015,3.1000460826067906,0.3999999999999986,13.659999999999997,2.3900000000000006,71.79999999999997,71.28000000000003,0.5480916030534349,0.5441221374045804,-1.6936842105263155,3.2603411725467475,-11.679999999999993,3.6199999999999903,-1.3999999999999986,19,-0.3544444444444454,2.1352812797827947,23,55.559999999999995,2.4156521739130428,42,43.319999999999986,1.0314285714285711,0.8668771298103045,0.33068702290076324,26,3,20.610687022900766,1,0,0.44,0,train,call_1612f093f8b5
102.0,29,15,14,1.0714285714285714,2.0946666666666673,2.2492851774561196,0.38000000000000966,8.68,1.240000000000009,1.0738153297849071,3.441428571428574,2.132553028082167,0.3400000000000034,7.18,3.360000000000001,31.420000000000012,48.180000000000035,0.3080392156862746,0.4723529411764709,-0.46200000000000047,2.1046287611410763,-4.48,1.8200000000000003,0.2799999999999976,10,1.2599999999999985,1.0406248123122948,6,10.94,1.8233333333333333,22,33.57999999999996,1.5263636363636346,1.222665104069776,0.3292156862745094,5,4,8.823529411764707,1,0,0.6,0,train,call_16581bcbc272
164.0,53,36,17,2.1176470588235294,3.122777777777778,6.988833792398971,0.20000000000000284,40.08,0.8900000000000006,2.2380182932428654,4.924705882352938,3.2543473186782355,0.28000000000000114,9.639999999999986,4.579999999999984,112.42,83.71999999999994,0.6854878048780488,0.5104878048780485,-3.2749999999999986,5.205690068656515,-8.639999999999986,6.7,-4.640000000000001,12,-3.8784615384615386,7.499415361828599,18,103.87999999999997,5.771111111111109,34,70.26000000000002,2.0664705882352945,2.4113254023624497,0.42841463414634157,23,4,13.170731707317072,0,1,0.52,0,train,call_1761edbd6952
142.0,34,16,18,0.8888888888888888,1.8862500000000009,1.6561758159486983,0.259999999999998,5.960000000000001,1.4100000000000072,0.8780256148170696,3.9466666666666654,4.012105212390887,0.21999999999999886,15.86,2.92,30.180000000000014,71.03999999999998,0.21253521126760574,0.5002816901408449,1.1381818181818186,3.203890816434974,-6.839999999999996,3.6000000000000014,2.880000000000024,11,1.2419999999999995,0.8130299980798852,3,9.120000000000005,3.0400000000000014,29,49.199999999999996,1.6965517241379309,2.009108323649483,0.3464788732394366,5,7,6.76056338028169,1,0,10.76,1,val,call_181a5049ecae
135.0,41,18,23,0.782608695652174,1.6788888888888884,1.6873156156831206,0.26000000000000156,6.680000000000007,1.2899999999999991,1.0050192284015942,3.4173913043478263,2.6807821406029064,0.3199999999999932,10.120000000000005,3.0200000000000102,30.21999999999999,78.60000000000001,0.2238518518518518,0.5822222222222223,-0.2338461538461557,1.452523886559405,-2.8800000000000026,1.3599999999999994,-0.240000000000002,13,1.1538461538461557,0.8528925143449452,8,10.420000000000009,1.302500000000001,32,36.52,1.14125,0.6842926651754383,0.27051851851851855,5,9,8.0,1,1,0.64,0,val,call_185e958a253b
117.0,31,11,20,0.55,1.4999999999999993,1.4331782861877311,0.3199999999999932,4.1800000000000015,0.7600000000000051,0.9554521907918212,3.35,3.1383166792003903,0.3399999999999963,13.5,2.6099999999999994,16.499999999999993,67.0,0.14102564102564097,0.5726495726495726,1.008888888888889,1.924450859624925,-1.0400000000000063,4.219999999999999,1.7600000000000016,9,1.7600000000000002,0.30773365106858463,4,3.520000000000003,0.8800000000000008,26,36.10000000000001,1.3884615384615389,1.0274655899160507,0.3085470085470086,2,10,5.641025641025641,1,1,9.54,1,train,call_186e9d6ee732
196.0,58,40,18,2.2222222222222223,1.7520000000000002,2.116973165775935,0.23999999999999488,9.62,0.539999999999992,1.2083180169953964,4.566666666666669,3.7579719186253246,0.3199999999999932,12.54000000000002,3.3800000000000026,70.08,82.20000000000003,0.3575510204081633,0.41938775510204096,-1.4914285714285733,3.7361083354883484,-9.800000000000011,2.0600000000000023,-0.8699999999999974,14,0.9384615384615376,0.8333651275986008,12,29.38000000000002,2.448333333333335,45,71.69999999999997,1.5933333333333328,1.858919529775784,0.36581632653061213,26,4,12.244897959183673,1,0,4.22,1,train,call_189410107163
141.0,28,12,16,0.75,2.948333333333333,2.1454299562021832,0.2599999999999909,5.859999999999999,2.960000000000001,0.7276755080391805,4.566249999999998,3.909296398756858,0.3400000000000034,15.620000000000005,4.039999999999995,35.379999999999995,73.05999999999999,0.2509219858156028,0.5181560283687943,1.4419999999999988,2.28172352010979,-2.739999999999995,4.100000000000001,2.3399999999999963,10,0.7222222222222244,2.0631879324105316,5,10.259999999999991,2.0519999999999983,22,41.66000000000001,1.8936363636363642,1.2334911563932802,0.2954609929078015,2,6,5.106382978723404,1,0,9.6,1,train,call_18bd3c505fd5
128.0,32,11,21,0.5238095238095238,2.825454545454547,2.5902291930883776,0.35999999999999943,6.719999999999999,1.0600000000000023,0.9167477839115875,3.3666666666666667,2.5597994713128087,0.29999999999999716,8.799999999999997,2.780000000000001,31.080000000000016,70.7,0.24281250000000013,0.55234375,-0.17800000000000055,1.9125422290181695,-3.3800000000000097,1.5600000000000005,0.9699999999999989,10,1.5519999999999965,0.6893604121051461,4,8.900000000000016,2.225000000000004,27,33.62,1.2451851851851852,0.9498921816159737,0.26265625,1,10,5.15625,1,1,0.94,0,val,call_198ef413fe4a
140.0,21,9,12,0.75,3.8400000000000003,3.1948082884580105,0.5,10.139999999999999,2.960000000000008,0.8319813251192735,5.87,4.95804580271483,0.2600000000000051,18.19999999999999,4.829999999999998,34.56,70.43999999999998,0.24685714285714289,0.503142857142857,2.697499999999999,0.49076470940767625,2.259999999999998,3.8200000000000003,2.5900000000000034,8,1.411428571428574,0.7243256305334035,0,0.0,0.0,20,33.48000000000001,1.6740000000000008,1.0711941197118564,0.2391428571428572,1,4,3.8571428571428568,1,0,11.98,1,train,call_1a2f3635b411
178.0,35,15,20,0.75,4.681333333333334,4.391397217721201,0.37999999999999545,14.019999999999996,2.880000000000024,0.9380654837057534,3.538999999999999,3.202909696871856,0.29999999999999716,12.839999999999975,2.789999999999999,70.22000000000001,70.77999999999997,0.394494382022472,0.3976404494382021,1.2880000000000003,1.4413018806312259,-1.1800000000000068,2.3999999999999986,2.0699999999999967,10,1.0259999999999994,1.2935412204057866,4,4.480000000000018,1.1200000000000045,30,40.60000000000002,1.3533333333333342,0.9414344643015312,0.22808988764044957,5,9,5.056179775280898,1,1,9.88,1,train,call_1ad99899456c
162.0,31,8,23,0.34782608695652173,6.907500000000003,5.553675102385549,0.5,15.540000000000006,5.400000000000009,0.8040065294803541,3.050434782608693,1.88396940300591,0.28000000000000114,6.9199999999999875,2.9199999999999875,55.260000000000026,70.15999999999993,0.34111111111111125,0.433086419753086,2.657500000000001,0.42674013504373465,1.9400000000000004,3.3000000000000114,2.6500000000000057,8,1.2657142857142831,0.7143028569371458,1,0.14000000000000057,0.14000000000000057,29,35.940000000000055,1.2393103448275882,1.029611338024771,0.2218518518518522,0,15,2.962962962962963,1,0,9.56,1,train,call_1ba56b3cce45
164.0,34,12,22,0.5454545454545454,3.4116666666666653,1.7790387257951419,1.3199999999999932,7.240000000000009,2.980000000000004,0.5214573695540232,3.9136363636363645,2.4926664733145,0.29999999999999716,8.86,3.740000000000008,40.93999999999998,86.10000000000002,0.2496341463414633,0.5250000000000001,1.3666666666666667,0.34423828956116437,0.700000000000017,1.8399999999999892,1.4600000000000009,9,1.6155555555555585,0.4832988493445591,0,0.0,0.0,33,35.42000000000001,1.0733333333333337,0.7338880477747723,0.21597560975609761,3,12,4.390243902439025,1,1,9.16,0,train,call_1bf0aa4d4324
145.0,53,26,27,0.9629629629629629,1.2353846153846173,1.175732046919639,0.20000000000001705,4.060000000000002,0.6899999999999986,0.9517133630109144,3.130370370370371,1.9888100065529746,0.5,8.86,2.8999999999999986,32.120000000000054,84.52000000000001,0.22151724137931073,0.582896551724138,-0.5100000000000006,1.627863992006271,-3.180000000000007,2.480000000000004,-0.7399999999999878,18,1.1764705882352935,0.7610267831725032,12,18.120000000000015,1.5100000000000013,40,45.93999999999996,1.148499999999999,0.7452260025467412,0.3168275862068963,8,9,10.758620689655173,1,0,3.92,0,val,call_1c1c0cce9fb5
118.0,33,25,8,3.125,1.320800000000001,1.5827979445694675,0.23999999999999488,6.399999999999999,0.8000000000000114,1.1983630712972944,2.3625000000000007,2.194315708500358,0.2600000000000051,5.920000000000002,1.43,33.020000000000024,18.900000000000002,0.27983050847457647,0.16016949152542376,-1.1119999999999997,2.1474915599368494,-4.02,1.2000000000000028,-0.7800000000000011,5,-0.2759999999999989,2.8010141020708907,7,12.459999999999997,1.7799999999999996,25,71.69999999999997,2.8679999999999994,3.3196234726245684,0.6076271186440676,20,2,12.711864406779661,1,1,4.18,1,train,call_1cc930924760
105.0,23,10,13,0.7692307692307693,3.094000000000001,2.645617760246805,0.4200000000000017,8.639999999999999,2.3500000000000014,0.855080077649258,3.9846153846153856,3.753009049160011,0.5,12.420000000000002,2.96,30.940000000000012,51.80000000000001,0.2946666666666668,0.49333333333333346,1.1999999999999993,1.2960324070022335,-1.1400000000000006,2.4000000000000057,1.62,9,0.9949999999999992,0.9857122153187372,4,3.1400000000000077,0.7850000000000019,18,25.13999999999998,1.3966666666666656,0.609889093100011,0.23942857142857124,1,4,5.714285714285714,1,0,9.24,1,train,call_1ee2936b46a7
143.0,37,19,18,1.0555555555555556,2.402105263157896,2.0983686228098657,0.240000000000002,6.819999999999993,1.7000000000000028,0.873553984079479,3.8633333333333346,3.524437376877255,0.20000000000000284,14.800000000000011,3.1199999999999943,45.64000000000002,69.54000000000002,0.3191608391608393,0.48629370629370644,0.20571428571428266,1.116847997960982,-2.260000000000005,1.4200000000000017,0.6399999999999935,14,1.4784615384615383,1.5353058661270433,7,7.460000000000022,1.065714285714289,29,35.01999999999997,1.2075862068965506,0.9469411475618837,0.24489510489510466,5,4,7.9720279720279725,1,0,8.74,0,train,call_224586045e67
205.0,52,18,34,0.5294117647058824,1.935555555555555,1.495618000230799,0.2599999999999909,5.580000000000002,1.8400000000000016,0.7727073479952465,3.0111764705882385,2.2985433657597314,0.28000000000000114,9.14,2.5699999999999945,34.83999999999999,102.38000000000011,0.16995121951219508,0.499414634146342,1.8599999999999988,2.9840049789311216,-4.420000000000016,6.280000000000001,1.9600000000000009,15,1.856000000000001,1.3580490207857547,5,8.620000000000013,1.7240000000000026,46,75.55999999999992,1.6426086956521722,1.6005033024820794,0.36858536585365814,3,18,5.2682926829268295,1,1,2.46,0,train,call_22d0f235a47e
160.0,35,18,17,1.0588235294117647,2.1155555555555563,2.2497535086478253,0.23999999999999488,9.739999999999998,1.5199999999999991,1.0634339063986566,5.143529411764704,3.928022627825082,0.5800000000000125,18.25999999999999,3.780000000000001,38.08000000000001,87.43999999999997,0.23800000000000007,0.5464999999999998,0.03428571428571647,4.283394976823001,-14.179999999999993,2.6000000000000014,1.3099999999999987,14,2.1215384615384596,3.8316442209445056,4,19.62,4.905,30,53.820000000000036,1.7940000000000011,2.46180281571215,0.3363750000000002,4,3,6.75,1,0,0.72,0,train,call_22eacbc23d18
202.0,45,16,29,0.5517241379310345,3.2587499999999974,3.207096038474683,0.21999999999999886,11.3,1.7999999999999972,0.9841491487455882,3.950344827586206,2.9262585604422555,0.27999999999999403,12.260000000000005,3.1599999999999966,52.13999999999996,114.55999999999996,0.2581188118811879,0.567128712871287,-0.041818181818180845,1.7507587965326217,-3.8999999999999915,1.6199999999999903,0.9399999999999977,11,1.047272727272732,2.266632263553536,5,13.899999999999984,2.7799999999999967,39,47.30000000000006,1.2128205128205143,1.3039977977014607,0.23415841584158445,5,17,4.752475247524752,1,1,8.68,0,train,call_23991b635849
155.0,60,35,25,1.4,1.0057142857142853,0.9210042016710872,0.21999999999999886,3.9200000000000017,0.7399999999999807,0.9157712232525018,2.8567999999999993,2.0216633415746244,0.5200000000000102,7.560000000000002,2.1400000000000006,35.19999999999999,71.41999999999999,0.22709677419354832,0.460774193548387,-0.8155555555555583,2.3608927080841644,-6.140000000000015,2.620000000000001,-0.5600000000000023,18,1.040000000000003,0.9410897938029082,14,24.80000000000004,1.7714285714285742,45,72.66000000000008,1.6146666666666685,1.6664955063627591,0.4687741935483876,17,7,13.548387096774192,1,0,4.0,1,train,call_24e1989c4d6d
138.0,35,11,24,0.4583333333333333,2.0727272727272745,1.8868444075179642,0.4200000000000017,6.099999999999998,1.2800000000000011,0.9103196702937539,3.0049999999999994,2.912009615368739,0.23999999999999488,13.33999999999999,2.129999999999999,22.80000000000002,72.11999999999999,0.16521739130434795,0.5226086956521738,2.408888888888887,2.2307422780570394,-1.2399999999999949,5.399999999999999,2.719999999999999,9,1.1311111111111114,1.1615124240020431,4,3.3799999999999955,0.8449999999999989,30,45.44,1.5146666666666666,1.3498192301278649,0.3292753623188406,2,14,4.782608695652175,1,1,11.98,1,train,call_253156878935
210.0,38,10,28,0.35714285714285715,4.716000000000001,2.6026277319492137,0.9000000000000057,9.36,4.980000000000004,0.5518718685218857,3.8121428571428586,2.2670675415821306,0.4399999999999977,8.960000000000008,3.219999999999999,47.16000000000001,106.74000000000005,0.22457142857142862,0.5082857142857146,3.564,0.7850152157053305,2.4599999999999937,4.9599999999999795,3.4000000000000057,10,0.7539999999999963,1.4348689448478824,2,3.5999999999999943,1.7999999999999972,35,58.73999999999994,1.6782857142857126,1.5464979141011885,0.2797142857142854,0,17,2.857142857142857,1,1,11.36,1,train,call_26be2ced1f65
191.0,43,24,19,1.263157894736842,2.5266666666666637,1.6503455940227025,0.4200000000000159,6.800000000000004,1.819999999999995,0.653171079428511,3.679999999999998,3.1592193128471897,0.2599999999999909,11.700000000000003,2.5200000000000102,60.63999999999993,69.91999999999996,0.317486910994764,0.3660732984293192,4.25555555555556,2.4346617378555377,-1.1199999999999761,7.700000000000003,5.120000000000001,9,0.47250000000000325,2.6674104617453547,3,8.139999999999961,2.7133333333333205,39,66.68000000000008,1.7097435897435918,1.9093447307766789,0.34910994764397946,15,10,7.539267015706807,1,0,13.14,1,train,call_2741c273bfcc
134.0,27,11,16,0.6875,1.8418181818181816,0.9940001829156582,0.4000000000000057,3.479999999999997,1.6599999999999984,0.5396842059265667,4.517500000000001,3.0735592830896667,0.29999999999999716,9.86,3.999999999999999,20.259999999999998,72.28000000000002,0.15119402985074626,0.539402985074627,2.409999999999999,0.2958764220799903,2.0799999999999983,3.0,2.289999999999999,8,1.8850000000000007,1.680705634122595,1,0.8599999999999994,0.8599999999999994,25,41.239999999999995,1.6495999999999997,1.1781075219746857,0.3077611940298507,3,7,4.925373134328358,1,1,9.84,1,train,call_290aacdf95ca
163.0,37,15,22,0.6818181818181818,2.598666666666669,1.9299958055715576,0.6000000000000085,7.0,2.0799999999999983,0.742686944165555,3.7963636363636355,2.8626104394657936,0.2599999999999909,9.36,3.2999999999999985,38.98000000000004,83.51999999999998,0.23914110429447877,0.5123926380368097,1.9218181818181832,0.2672009798566674,1.460000000000008,2.280000000000001,1.9599999999999937,11,1.2799999999999971,1.1007472209569458,1,1.3799999999999955,1.3799999999999955,35,40.67999999999999,1.1622857142857141,0.7940776585014161,0.24957055214723922,4,11,5.521472392638037,1,0,10.26,1,train,call_29a23dea3118
161.0,61,35,26,1.3461538461538463,1.2554285714285693,1.2568689923240004,0.23999999999999488,4.200000000000003,0.6400000000000006,1.0011473539221685,3.7938461538461534,2.8862696712858646,0.30000000000001137,11.540000000000006,3.35,43.93999999999993,98.63999999999997,0.2729192546583846,0.612670807453416,-2.23473684210526,2.719320520565247,-8.599999999999994,1.4200000000000017,-2.299999999999997,19,1.37,1.6224201240195277,16,46.85999999999995,2.9287499999999964,44,63.220000000000034,1.4368181818181827,1.5400268386777494,0.39267080745341637,16,7,13.043478260869566,1,0,3.48,0,train,call_29e423c5b8aa
140.0,19,9,10,0.9,5.473333333333334,4.901377357437399,0.29999999999999716,16.980000000000004,3.8000000000000043,0.8955013442333859,6.255999999999999,4.691740259931981,0.6000000000000085,15.159999999999982,5.629999999999999,49.260000000000005,62.559999999999995,0.35185714285714287,0.44685714285714284,1.7199999999999995,2.657517638699694,-4.259999999999998,3.200000000000003,2.6799999999999926,7,1.1100000000000012,1.4164038971988178,2,5.979999999999997,2.9899999999999984,16,33.18,2.07375,1.5996286027283548,0.237,2,3,3.8571428571428568,1,0,10.16,1,train,call_29f2b21b3d8a
188.0,45,18,27,0.6666666666666666,2.494444444444446,1.967211290491672,0.28000000000000114,8.499999999999998,1.9899999999999949,0.7886370429587991,3.6207407407407413,2.2997624056643633,0.3999999999999986,8.800000000000011,3.1000000000000014,44.90000000000003,97.76,0.2388297872340427,0.52,0.7399999999999995,1.3256545553046626,-2.3200000000000074,1.740000000000002,1.3400000000000034,11,1.5018181818181773,1.1190158013345286,4,5.0,1.25,40,48.65999999999996,1.216499999999999,0.8054161211480221,0.2588297872340423,7,15,5.74468085106383,1,1,9.38,0,train,call_29fddbedd6a4
162.0,44,20,24,0.8333333333333334,1.621,1.4009842404913986,0.21999999999999886,6.0600000000000005,1.5200000000000031,0.8642715857442311,3.5391666666666683,2.3945262155803304,0.3400000000000034,8.379999999999995,3.580000000000009,32.42000000000001,84.94000000000004,0.2001234567901235,0.5243209876543212,-0.04500000000000245,2.5130803264664534,-4.860000000000014,2.519999999999996,0.9600000000000009,12,1.3200000000000012,1.0108214481301745,6,13.500000000000002,2.2500000000000004,37,52.97999999999994,1.4318918918918904,1.5133881007671304,0.3270370370370367,8,12,7.4074074074074066,1,0,4.14,0,train,call_2a34be1bd407
115.0,25,6,19,0.3157894736842105,3.0133333333333323,4.956154423206229,0.3799999999999999,13.079999999999998,1.0399999999999991,1.6447415121259614,3.3463157894736844,2.827005110490046,0.3400000000000034,10.36,2.5,18.079999999999995,63.580000000000005,0.15721739130434778,0.5528695652173914,0.6433333333333328,1.7910183323089313,-1.96,2.1000000000000014,1.6199999999999974,6,1.643999999999997,0.2475479751482575,2,3.2800000000000002,1.6400000000000001,22,34.8,1.5818181818181818,2.3776812160943614,0.3026086956521739,0,13,3.1304347826086953,1,0,5.0,1,train,call_2cd6a0b37e59
150.0,34,11,23,0.4782608695652174,3.467272727272729,2.405997052820685,0.5,8.480000000000004,2.719999999999999,0.6939162973525831,3.5982608695652156,3.4465313949138032,0.3200000000000003,13.260000000000005,2.8400000000000003,38.14000000000002,82.75999999999996,0.2542666666666668,0.5517333333333331,1.1249999999999991,0.9658600904301378,-1.1400000000000006,1.9599999999999937,1.3299999999999983,8,1.2274999999999996,0.6439110408833078,2,1.4199999999999946,0.7099999999999973,31,28.54,0.9206451612903226,0.5659324782096109,0.19026666666666667,3,14,4.4,1,1,8.62,0,train,call_2d2c74bdeb7b
172.0,55,44,11,4.0,1.0649999999999977,1.0734263766307013,0.20000000000000284,4.339999999999996,0.6799999999999784,1.007912090733055,5.683636363636367,6.300608340037136,0.8400000000000003,23.200000000000017,3.180000000000007,46.85999999999991,62.52000000000004,0.27244186046511576,0.3634883720930235,-3.0820000000000034,5.725168216839669,-17.620000000000005,2.4000000000000004,-1.2500000000000142,10,1.1488888888888869,0.8242033190367009,9,34.50000000000005,3.833333333333339,45,96.14000000000011,2.1364444444444475,1.7844035870890205,0.5589534883720937,34,1,15.348837209302326,1,0,3.38,1,val,call_2d4374d86df7
128.0,28,10,18,0.5555555555555556,3.7659999999999982,3.314185671724905,0.4200000000000017,9.439999999999998,3.309999999999995,0.8800280594065074,3.283333333333333,2.576931599904862,0.29999999999999716,9.32,2.7800000000000002,37.65999999999998,59.1,0.29421874999999986,0.46171875,0.6733333333333342,2.7277646526047667,-6.100000000000001,2.200000000000003,1.8600000000000012,9,2.162222222222224,1.9528298554775474,3,7.940000000000005,2.6466666666666683,24,37.86000000000003,1.5775000000000012,1.3296395392540907,0.2957812500000002,1,8,4.6875,1,1,10.14,1,train,call_30c4f6565eec
132.0,33,16,17,0.9411764705882353,1.5912499999999985,0.7474389607185351,0.4400000000000013,2.980000000000004,1.4900000000000002,0.4697181214256313,3.9376470588235284,3.963924080711822,0.3800000000000008,15.36,2.6399999999999935,25.459999999999976,66.93999999999998,0.1928787878787877,0.507121212121212,2.6066666666666682,1.5360013020827805,0.6000000000000014,6.359999999999999,2.319999999999993,9,1.1900000000000002,1.8218358088164006,2,2.699999999999994,1.349999999999997,30,41.82000000000003,1.394000000000001,1.3717962048300782,0.31681818181818205,7,8,7.2727272727272725,1,0,10.86,1,train,call_312805f2b67f
140.0,59,37,22,1.6818181818181819,1.4783783783783782,1.9131787299812988,0.21999999999999886,10.400000000000006,0.6799999999999997,1.2941062707368933,3.334545454545454,1.9702180862430707,0.28000000000000114,7.699999999999999,3.1000000000000014,54.699999999999996,73.35999999999999,0.3907142857142857,0.5239999999999999,-1.5374999999999988,1.9006086744338866,-5.920000000000002,1.4200000000000017,-1.1599999999999984,16,0.4680000000000015,1.298654248498366,17,30.959999999999972,1.8211764705882338,41,42.27999999999997,1.0312195121951213,0.8063007972275333,0.3019999999999998,21,6,15.857142857142856,1,0,2.74,0,train,call_3332ecee2806
147.0,36,16,20,0.8,2.0862500000000006,1.988670829138563,0.2999999999999998,6.199999999999996,1.4500000000000008,0.9532274795151887,4.194,3.10306537746824,0.29999999999999716,12.340000000000003,3.3500000000000014,33.38,83.88,0.2270748299319728,0.5706122448979591,0.03600000000000074,2.053285713733534,-3.4200000000000017,3.7600000000000016,0.0999999999999992,10,1.420000000000001,1.0622408180613108,6,9.32,1.5533333333333335,29,37.86,1.3055172413793104,1.0737903034408307,0.25755102040816324,6,9,6.530612244897958,1,1,1.02,0,train,call_349b9fddaff0
223.0,88,63,25,2.52,2.002222222222223,2.6626935455592164,0.19999999999998863,12.279999999999987,0.8400000000000034,1.329869140401384,5.569599999999999,2.8679907019839948,0.9799999999999969,11.460000000000008,4.920000000000002,126.14000000000006,139.23999999999998,0.5656502242152469,0.6243946188340807,-3.963478260869565,3.1530052168103375,-10.800000000000011,0.879999999999999,-3.4200000000000017,23,0.05000000000000031,1.817384305612246,34,106.83999999999996,3.142352941176469,53,64.49999999999994,1.2169811320754707,1.2552621315358483,0.2892376681614347,40,2,16.95067264573991,1,0,0.66,0,train,call_34f4c668dbe8
99.0,32,19,13,1.4615384615384615,1.9042105263157891,2.883929255931286,0.23999999999999488,11.820000000000007,0.7199999999999989,1.5145012676256067,3.6046153846153857,3.046573527162977,0.2400000000000002,10.180000000000007,2.740000000000002,36.17999999999999,46.860000000000014,0.36545454545454537,0.4733333333333335,-1.7380000000000007,3.3977175345287964,-9.219999999999999,2.0,-0.7300000000000004,10,0.9044444444444433,2.210447415745911,9,26.14,2.9044444444444446,22,42.519999999999996,1.9327272727272726,1.7076583293202912,0.42949494949494943,9,3,11.515151515151516,1,0,5.64,0,train,call_35966c559fcc
159.0,72,44,28,1.5714285714285714,1.3795454545454537,1.7705365821082353,0.20000000000000284,8.14,0.6199999999999974,1.2834202572119011,3.4035714285714294,2.237353288028008,0.23999999999999488,8.379999999999999,3.210000000000008,60.69999999999997,95.30000000000003,0.381761006289308,0.5993710691823901,-1.8066666666666638,2.4195089438585997,-8.079999999999998,1.5199999999999996,-1.2199999999999989,18,0.3258823529411764,2.133468592525823,19,45.67999999999996,2.4042105263157874,52,48.37999999999997,0.9303846153846147,0.928608407597429,0.3042767295597482,26,10,16.60377358490566,1,0,1.12,0,train,call_36640e327eaf
142.0,30,12,18,0.6666666666666666,3.2050000000000005,1.6847362890483375,0.8200000000000074,5.980000000000004,2.820000000000001,0.5256587485330225,3.6400000000000006,2.4582729470815345,0.3200000000000003,8.159999999999997,3.4699999999999998,38.46000000000001,65.52000000000002,0.27084507042253525,0.46140845070422554,2.8799999999999972,0.4887739763939988,2.1599999999999966,3.519999999999996,2.859999999999985,9,0.6224999999999978,1.1936229363939486,2,2.5600000000000023,1.2800000000000011,27,40.27999999999997,1.4918518518518509,1.1495184176830704,0.28366197183098574,3,9,5.070422535211268,1,0,10.98,1,val,call_36d72e4b1aef
149.0,30,13,17,0.7647058823529411,3.689230769230768,3.642065488928091,0.3400000000000034,11.819999999999993,3.280000000000001,0.9872154160981067,4.009411764705881,2.4074168484815726,0.480000000000004,8.279999999999994,3.9799999999999995,47.95999999999999,68.15999999999998,0.3218791946308724,0.45744966442953006,0.39200000000000185,2.7782840427541315,-3.9400000000000013,4.420000000000016,1.7699999999999991,10,0.40888888888888986,2.8182106222053585,5,17.160000000000004,3.432000000000001,24,49.400000000000034,2.058333333333335,1.9542677193364733,0.3315436241610741,3,7,5.23489932885906,1,0,9.38,1,train,call_373750027ccd
116.0,37,24,13,1.8461538461538463,1.1800000000000006,1.312375874047755,0.20000000000000284,4.640000000000001,0.7100000000000009,1.1121829441082662,3.3199999999999985,3.179989517802432,0.2799999999999869,9.359999999999992,2.6600000000000037,28.320000000000014,43.15999999999998,0.2441379310344829,0.3720689655172412,-1.459999999999999,3.398621569317268,-7.140000000000001,3.520000000000003,-1.8100000000000023,8,1.0374999999999992,1.6342910214699016,9,18.599999999999994,2.066666666666666,26,62.31999999999999,2.396923076923077,1.636314808906328,0.5372413793103448,16,4,12.413793103448276,1,1,4.2,1,train,call_374f870c8124
143.0,33,10,23,0.43478260869565216,4.172,4.192513963403502,0.23999999999999488,11.14,2.2200000000000024,1.0049170573833897,2.7626086956521725,2.9551822238712413,0.21999999999999886,11.759999999999991,1.8800000000000003,41.72,63.53999999999997,0.29174825174825175,0.4443356643356641,1.2533333333333339,2.6684077649414824,-1.2000000000000028,5.18,-0.5799999999999983,9,1.6911111111111086,1.2677977406160317,6,6.060000000000002,1.0100000000000005,26,43.32000000000003,1.6661538461538472,1.4124902178013876,0.30293706293706313,1,13,4.195804195804196,1,1,12.24,1,train,call_37e63dcc8185
165.0,38,12,26,0.46153846153846156,3.308333333333333,2.255683058544808,0.6000000000000014,8.299999999999999,2.6600000000000037,0.6818185567389848,2.821538461538462,1.8834345060186022,0.35999999999999943,8.079999999999998,2.5900000000000034,39.699999999999996,73.36000000000001,0.24060606060606057,0.44460606060606067,3.7750000000000004,1.3339415279539077,2.3799999999999955,6.480000000000004,3.3699999999999974,8,1.4057142857142861,1.3783426901277365,1,1.5999999999999943,1.5999999999999943,36,52.63999999999998,1.4622222222222219,1.5328388436606513,0.3190303030303029,4,18,4.363636363636363,1,0,11.88,1,train,call_387c5493a07f
192.0,37,19,18,1.0555555555555556,3.3347368421052646,2.247129943384702,0.4200000000000017,7.420000000000002,3.0999999999999943,0.6738552544872052,4.276666666666669,3.912184586045769,0.30000000000001137,14.760000000000005,3.2800000000000065,63.36000000000003,76.98000000000005,0.3300000000000001,0.4009375000000002,3.882222222222221,1.0935010034034927,3.0999999999999943,6.439999999999998,3.4399999999999977,9,0.8224999999999936,1.7326260003655876,2,3.420000000000009,1.7100000000000044,34,53.17999999999992,1.5641176470588212,1.590553777485403,0.2769791666666663,10,9,5.9375,1,0,12.28,1,train,call_39880aff21ed
167.0,42,24,18,1.3333333333333333,2.526666666666666,2.347058597046741,0.23999999999999488,9.26,1.7900000000000027,0.9289150120237764,4.238888888888889,3.1724139795298347,0.21999999999999886,9.97999999999999,4.390000000000008,60.639999999999986,76.3,0.36311377245508974,0.45688622754491015,-0.3311111111111097,2.7801818485687404,-7.339999999999989,1.4400000000000004,0.8199999999999932,9,0.5575000000000023,1.5917802253182716,7,12.119999999999987,1.7314285714285695,34,41.02,1.2064705882352942,1.4812257052920152,0.24562874251497008,15,9,8.622754491017965,1,0,8.74,0,train,call_3adbf4ac0f30
123.0,25,11,14,0.7857142857142857,2.047272727272727,1.3172781855712252,0.3999999999999986,4.880000000000001,1.6000000000000014,0.6434307300747549,5.044285714285713,4.123293519815131,0.3999999999999915,17.72,4.409999999999993,22.519999999999996,70.61999999999998,0.1830894308943089,0.5741463414634145,0.4220000000000006,2.6228813672498927,-7.02,1.5599999999999987,1.1899999999999977,10,1.4120000000000017,0.42176349349421444,1,7.02,7.02,23,35.70000000000002,1.552173913043479,1.200086953371369,0.29024390243902454,1,3,5.365853658536586,1,1,0.78,0,train,call_3b1bf9fab29d
156.0,52,25,27,0.9259259259259259,1.1615999999999993,0.8891554044897532,0.3400000000000034,3.0200000000000102,0.7199999999999989,0.7654574763169367,3.591851851851851,2.7424091556892045,0.3999999999999986,9.540000000000006,2.719999999999999,29.039999999999985,96.97999999999998,0.18615384615384606,0.6216666666666665,-0.057777777777777484,1.7267022481003427,-4.200000000000017,2.5,0.11000000000000387,18,0.881176470588237,0.9240527741486226,12,14.93999999999999,1.2449999999999992,38,43.74000000000003,1.151052631578948,0.7498280504643438,0.28038461538461557,7,9,9.615384615384615,1,0,1.42,0,val,call_3b9afdd4a2df
212.0,61,25,36,0.6944444444444444,2.2871999999999986,1.9311730459317533,0.28000000000000114,7.160000000000011,1.5600000000000023,0.8443393869935968,3.461111111111111,2.3045393438389334,0.35999999999999943,11.400000000000006,3.280000000000001,57.179999999999964,124.59999999999998,0.2697169811320753,0.5877358490566037,-0.4233333333333328,1.454490005627603,-4.5,1.240000000000002,-0.6800000000000033,18,1.0255555555555569,1.1459351291680688,12,18.01999999999999,1.5016666666666658,48,46.98000000000004,0.9787500000000007,0.8692124706588923,0.22160377358490585,7,17,7.0754716981132075,1,1,2.9,0,train,call_3ca96b2dd5c4
139.0,33,14,19,0.7368421052631579,2.9185714285714295,3.04234185390859,0.28000000000000114,11.06,1.8700000000000045,1.0424078794596243,3.1936842105263152,4.391289623949152,0.29999999999999716,18.89999999999999,1.6199999999999974,40.860000000000014,60.68,0.2939568345323742,0.43654676258992803,1.3355555555555554,2.114586904758888,-4.279999999999998,2.3200000000000003,1.9599999999999937,9,1.2975000000000012,1.9338026934366532,3,7.159999999999993,2.3866666666666645,29,44.13999999999997,1.5220689655172404,1.3365343758882655,0.3175539568345322,5,10,6.043165467625899,1,0,9.9,1,train,call_3cd08cbaf55c
146.0,42,17,25,0.68,2.2282352941176446,1.8887437468265704,0.28000000000000114,7.559999999999999,1.3799999999999955,0.8476410690615558,3.093600000000001,2.077351839883331,0.2600000000000051,7.519999999999996,3.180000000000007,37.87999999999996,77.34000000000002,0.25945205479452027,0.5297260273972604,0.5261538461538449,0.8299150404462944,-1.2199999999999989,1.540000000000001,0.7999999999999972,13,0.9166666666666684,1.0927807176966933,6,4.580000000000005,0.7633333333333342,35,35.22000000000003,1.0062857142857151,0.6900600387957965,0.24123287671232896,4,12,6.986301369863014,1,0,9.46,0,train,call_3d69be34ef44
175.0,41,21,20,1.05,2.564761904761904,2.2155893551098753,0.28000000000000114,8.200000000000003,1.9400000000000048,0.8638577136521982,4.075000000000002,2.8259316116431803,0.21999999999999886,9.800000000000011,4.599999999999998,53.859999999999985,81.50000000000004,0.3077714285714285,0.46571428571428597,1.2553846153846142,0.5999529896113441,0.46000000000000796,2.5,1.3200000000000003,13,1.2100000000000006,1.1884137632690364,2,1.9399999999999977,0.9699999999999989,38,40.45999999999996,1.0647368421052623,0.697786991590559,0.23119999999999977,8,7,7.2,1,0,9.24,0,train,call_3f3ac4984431
124.0,32,15,17,0.8823529411764706,1.2626666666666666,0.8880755008658285,0.3200000000000074,3.619999999999999,1.0399999999999991,0.7033332900204556,3.678823529411764,2.5932071898349665,0.6599999999999966,9.679999999999993,3.319999999999993,18.939999999999998,62.539999999999985,0.15274193548387094,0.5043548387096773,2.377777777777778,0.8267069882639476,0.5799999999999983,3.4800000000000004,2.3400000000000034,9,1.599999999999998,0.5203844732503063,0,0.0,0.0,31,42.040000000000006,1.3561290322580648,0.9831299589215209,0.3390322580645162,6,7,7.258064516129031,1,1,11.64,1,train,call_415d987a1504
77.0,24,8,16,0.5,1.5875,1.6711651196524109,0.30000000000000426,4.620000000000001,0.889999999999997,1.0527024375763219,2.901250000000001,2.9518849909845764,0.3399999999999963,9.740000000000009,1.9100000000000037,12.7,46.420000000000016,0.16493506493506493,0.6028571428571431,0.42285714285714426,1.5291578759316535,-1.3799999999999955,1.9399999999999977,1.0399999999999991,7,1.4199999999999995,0.21633307652784148,3,3.539999999999992,1.1799999999999973,20,20.39999999999998,1.0199999999999991,0.586694576688579,0.2649350649350647,1,8,6.233766233766233,1,1,10.1,1,train,call_41fc5fd779c9
142.0,27,12,15,0.8,3.8183333333333365,3.5840399585164255,0.46000000000000796,12.900000000000006,2.5700000000000056,0.938639884377937,3.970666666666665,3.9062650533043275,0.35999999999999943,14.959999999999994,1.9599999999999973,45.820000000000036,59.559999999999974,0.3226760563380284,0.4194366197183097,2.0422222222222235,1.8784420258406842,-1.240000000000009,3.6000000000000014,2.5,9,1.2824999999999993,1.2124797494627062,3,3.940000000000012,1.3133333333333372,23,38.76000000000001,1.6852173913043487,1.1158725471584914,0.27295774647887333,3,6,5.070422535211268,1,0,11.08,1,train,call_450b4e13468b
134.0,43,22,21,1.0476190476190477,1.5372727272727273,1.4179165863644612,0.259999999999998,5.039999999999999,0.8500000000000014,0.9223585127149067,3.0190476190476194,2.488457162102464,0.22000000000000064,8.33999999999999,2.4599999999999937,33.82,63.400000000000006,0.25238805970149253,0.473134328358209,1.3711111111111105,1.4096492865642545,-1.0400000000000063,2.6599999999999966,1.759999999999998,9,0.5933333333333357,1.2643179979736099,6,4.359999999999985,0.7266666666666642,36,39.279999999999966,1.0911111111111103,0.8122975449841655,0.2931343283582087,13,11,9.850746268656716,1,1,9.96,1,train,call_4789ebd9b148
146.0,41,14,27,0.5185185185185185,2.0385714285714323,1.4813811494312024,0.3000000000000007,4.860000000000003,1.4500000000000046,0.7266761069389207,2.9918518518518513,2.592992089692519,0.21999999999999886,9.420000000000002,2.4599999999999795,28.54000000000005,80.77999999999999,0.19547945205479486,0.5532876712328766,-0.011666666666667233,2.568189434153362,-5.579999999999998,1.5600000000000023,1.2299999999999933,12,1.9766666666666646,1.5900562216094096,4,11.919999999999998,2.9799999999999995,36,47.27999999999997,1.3133333333333326,1.184393756918945,0.32383561643835596,2,14,5.753424657534247,1,1,1.28,0,val,call_47bef2f628eb
140.0,66,46,20,2.3,1.8182608695652167,1.8865268550644139,0.19999999999998863,7.140000000000001,1.1199999999999974,1.037544659648052,3.470999999999998,2.574306038323218,0.4199999999999946,10.400000000000006,3.6199999999999903,83.63999999999997,69.41999999999996,0.5974285714285712,0.49585714285714255,-2.8725000000000005,2.725434521931015,-10.180000000000007,0.539999999999992,-2.759999999999998,16,0.5760000000000008,1.7710077841242169,17,54.16,3.185882352941176,48,41.04000000000007,0.8550000000000013,0.7231667945681394,0.29314285714285765,30,4,19.71428571428571,1,0,0.84,0,train,call_486215b37ca1
155.0,38,19,19,1.0,1.7210526315789505,1.7481478920936808,0.379999999999999,6.919999999999998,1.4000000000000057,1.015743423540669,4.363157894736846,3.0355761902837375,0.22000000000001307,11.779999999999987,4.140000000000015,32.70000000000006,82.90000000000006,0.21096774193548426,0.5348387096774198,0.6114285714285687,1.9379245724102998,-4.82,2.9599999999999937,1.1499999999999995,14,1.483076923076921,1.081259948820393,3,6.859999999999999,2.2866666666666666,34,45.699999999999896,1.3441176470588203,1.0202766043461526,0.2948387096774187,5,5,7.354838709677419,1,0,8.76,0,train,call_488e7b893457
152.0,36,17,19,0.8947368421052632,3.2188235294117673,2.8301101620629114,0.33999999999999986,10.620000000000001,2.84,0.8792374406993687,3.178947368421051,2.3808539428272417,0.23999999999999488,7.640000000000001,2.4000000000000004,54.72000000000004,60.39999999999997,0.36000000000000026,0.39736842105263137,-0.4299999999999997,1.7352105219700458,-2.980000000000004,1.3999999999999986,-0.2199999999999962,10,1.2755555555555536,0.9269184310271184,6,11.139999999999999,1.8566666666666665,29,47.5,1.6379310344827587,1.50904269396752,0.3125,7,9,6.710526315789474,1,0,1.08,0,train,call_4ac92327c83b
165.0,38,20,18,1.1111111111111112,1.409,1.3883496450253827,0.2600000000000051,4.659999999999997,0.9199999999999982,0.9853439638221311,4.750000000000001,3.4201771539944965,0.3400000000000034,10.68,3.789999999999999,28.18,85.50000000000001,0.1707878787878788,0.5181818181818183,2.353333333333334,1.2981525334104655,-1.0200000000000102,3.200000000000003,2.780000000000001,9,2.1375,0.5281165996796013,1,1.0200000000000102,1.0200000000000102,36,50.819999999999986,1.4116666666666662,1.1106381691879434,0.30799999999999994,11,9,7.2727272727272725,1,0,10.64,1,val,call_4affad158a4c
213.0,58,42,16,2.625,1.4223809523809536,2.116408381362518,0.21999999999999886,12.460000000000008,0.7599999999999909,1.4879335791299912,4.497499999999999,4.646144638299584,0.19999999999999574,16.75999999999999,4.209999999999997,59.740000000000045,71.95999999999998,0.28046948356807533,0.33784037558685437,-0.6676923076923063,4.355850766203532,-11.139999999999986,4.640000000000015,-0.09999999999999432,13,1.3366666666666676,0.9990116327772325,7,25.3,3.6142857142857143,50,105.85999999999999,2.1171999999999995,2.4232142930834817,0.49699530516431917,29,3,11.830985915492958,1,0,4.32,1,train,call_4b1bec58d02d
151.0,37,17,20,0.85,2.674117647058823,2.5838901360727613,0.2400000000000091,8.26,1.539999999999992,0.966258959816035,4.094999999999997,3.516941703720494,0.37999999999999545,13.219999999999999,2.7399999999999998,45.45999999999999,81.89999999999995,0.30105960264900655,0.5423841059602645,-0.847272727272726,4.1454290270346945,-11.159999999999997,3.1400000000000006,0.8200000000000074,11,0.9259999999999987,1.5356229282534755,5,22.699999999999996,4.539999999999999,31,33.76000000000006,1.0890322580645182,0.7982954959942637,0.22357615894039776,6,9,6.754966887417218,1,0,8.94,0,train,call_4baef170cf46
130.0,28,14,14,1.0,3.107142857142857,3.4796782091970004,0.3400000000000034,10.680000000000007,1.6699999999999984,1.1198964351438623,4.8342857142857145,3.3153204144621458,0.5799999999999983,10.739999999999995,4.510000000000005,43.50000000000001,67.67999999999999,0.33461538461538465,0.5206153846153846,-0.7088888888888893,2.635926992750579,-6.740000000000002,1.3200000000000003,0.8999999999999915,9,1.2275000000000007,0.35180148623092206,4,11.599999999999998,2.8999999999999995,23,29.419999999999998,1.2791304347826087,1.4360232748287194,0.2263076923076923,5,5,6.461538461538462,1,0,0.46,0,train,call_4c278007298d
154.0,38,16,22,0.7272727272727273,1.8612499999999992,1.2856431594082927,0.21999999999999886,4.400000000000006,1.8999999999999986,0.6907417914886733,3.5045454545454575,1.794307738304738,0.7400000000000091,6.300000000000011,3.7400000000000055,29.779999999999987,77.10000000000007,0.19337662337662329,0.5006493506493511,1.5927272727272714,1.836872836693334,-2.4599999999999973,4.0,1.8600000000000003,11,1.2399999999999993,0.7921111033182141,3,3.499999999999993,1.1666666666666643,34,50.059999999999945,1.472352941176469,1.1203788829475152,0.3250649350649347,5,10,6.233766233766233,1,1,9.4,0,train,call_4c8c40f7c2fd
141.0,30,13,17,0.7647058823529411,3.347692307692306,2.484478999193975,0.20000000000000284,7.420000000000002,2.1400000000000006,0.742146759869524,4.264705882352941,4.146881535634727,0.28000000000000114,14.540000000000006,2.780000000000001,43.51999999999998,72.5,0.3086524822695034,0.5141843971631206,0.6060000000000005,1.7021829122237908,-1.0599999999999952,2.740000000000009,0.4599999999999973,10,0.8466666666666668,2.000424954853342,6,9.33999999999999,1.5566666666666649,23,32.98000000000001,1.4339130434782614,1.205373345144885,0.23390070921985823,3,7,5.531914893617021,1,0,9.6,1,train,call_4cd5b14fbe3c
151.0,31,9,22,0.4090909090909091,3.106666666666665,2.2505110530721706,0.1999999999999993,6.260000000000005,2.519999999999996,0.7244134291004845,3.556363636363635,3.8544205239902865,0.37999999999999545,18.079999999999984,2.5500000000000043,27.959999999999987,78.23999999999997,0.1851655629139072,0.5181456953642382,2.6799999999999997,1.914001044931796,-0.9000000000000021,4.859999999999999,2.5799999999999983,9,1.3333333333333357,1.2088837826689525,3,1.879999999999992,0.6266666666666639,27,45.52000000000003,1.6859259259259274,1.3948897371897822,0.30145695364238434,0,12,3.576158940397351,1,1,12.62,1,train,call_4d8129939686
100.0,29,13,16,0.8125,2.5476923076923077,2.2523844914747357,0.23999999999999488,7.700000000000003,1.9600000000000009,0.8840881156150835,2.8562499999999997,2.1319189321672947,0.3000000000000007,6.82,2.62,33.12,45.699999999999996,0.3312,0.45699999999999996,0.28999999999999937,1.5578740092098007,-2.6799999999999926,1.5799999999999983,0.9699999999999989,8,0.8624999999999994,0.788520314078392,5,4.8399999999999945,0.9679999999999989,23,24.42,1.0617391304347827,0.6457388451428967,0.24420000000000003,5,7,7.8,1,1,8.72,0,train,call_4e60206f7e8a
136.0,33,13,20,0.65,2.610769230769228,2.4748012093178384,0.47999999999998977,8.540000000000001,1.6800000000000068,0.9479203217776055,3.2220000000000013,2.5142197701536735,0.259999999999998,9.680000000000007,2.7899999999999934,33.93999999999996,64.44000000000003,0.2495588235294115,0.4738235294117649,1.9039999999999995,2.8582325541028584,-6.1000000000000085,4.0,2.7200000000000006,10,1.484444444444448,1.9659038068475745,3,7.800000000000004,2.6000000000000014,29,44.820000000000014,1.545517241379311,1.3844018466133337,0.32955882352941185,3,10,5.735294117647059,1,0,11.08,1,train,call_4e9cec0da4ea
152.0,61,36,25,1.44,2.1155555555555567,3.0423866988594366,0.20000000000001705,12.299999999999997,0.8599999999999994,1.4381029563936405,3.387199999999999,2.7288879297862976,0.2799999999999869,9.920000000000002,3.0800000000000125,76.16000000000004,84.67999999999998,0.5010526315789476,0.5571052631578945,-2.1273684210526356,2.777970566409272,-8.200000000000003,1.1000000000000005,-1.3200000000000074,19,-0.16315789473684011,1.9430475851426396,26,57.98000000000003,2.2300000000000013,34,47.88,1.408235294117647,1.32343096484727,0.315,17,5,14.210526315789474,1,1,0.66,0,train,call_4f0dad5104b3
132.0,38,22,16,1.375,1.3445454545454545,1.353231501937309,0.21999999999999886,4.6200000000000045,0.6300000000000003,1.0064602110419472,4.907499999999997,2.848436998308604,0.3199999999999932,11.379999999999995,4.75,29.58,78.51999999999997,0.2240909090909091,0.5948484848484846,-0.9599999999999973,3.0563304068041393,-6.579999999999998,1.4600000000000009,0.8800000000000026,10,1.4380000000000015,0.5227661469954242,4,16.39999999999999,4.099999999999998,33,38.32000000000003,1.161212121212122,0.7979495503153582,0.2903030303030305,12,5,10.0,1,1,0.96,0,train,call_51851f91f064
164.0,42,20,22,0.9090909090909091,1.7210000000000025,1.394356671126789,0.29999999999999716,5.019999999999996,1.3900000000000006,0.810201435866814,4.35818181818182,4.727394970114428,0.2400000000000091,20.0,2.940000000000005,34.42000000000005,95.88000000000004,0.20987804878048813,0.5846341463414636,-1.7254545454545487,6.258505194751166,-19.200000000000017,2.3200000000000003,1.0399999999999991,11,1.421818181818182,0.22617772577414294,4,27.40000000000004,6.85000000000001,37,60.09999999999995,1.624324324324323,2.3315237513272287,0.36646341463414606,9,10,7.317073170731708,1,1,0.9,0,train,call_5273f6be303c
146.0,29,11,18,0.6111111111111112,3.3945454545454576,2.1089161369592855,0.5200000000000031,6.82,2.5999999999999943,0.6212661356869876,3.9211111111111103,2.566934287041046,0.29999999999999716,8.11999999999999,4.249999999999993,37.34000000000003,70.57999999999998,0.2557534246575345,0.48342465753424646,1.3555555555555552,1.4564263722474171,-1.1799999999999926,2.6399999999999864,1.8599999999999994,9,1.8999999999999997,0.3581898937714474,2,2.3399999999999963,1.1699999999999982,26,38.59999999999997,1.4846153846153836,0.8596986949820548,0.2643835616438354,2,8,4.52054794520548,1,1,9.52,1,train,call_52ba7c3bd761
164.0,45,25,20,1.25,1.9487999999999994,1.650616854391109,0.3400000000000034,7.299999999999997,1.1799999999999997,0.8469914072203969,3.2619999999999996,2.69438324160309,0.35999999999999943,9.099999999999994,2.169999999999998,48.719999999999985,65.24,0.29707317073170725,0.39780487804878045,2.6311111111111125,2.2338332773757097,-1.259999999999998,4.780000000000001,3.700000000000003,9,1.5425000000000022,1.0786466388157745,3,2.339999999999989,0.7799999999999964,41,51.740000000000016,1.2619512195121954,1.343397222552204,0.3154878048780489,16,11,9.146341463414634,1,0,12.22,1,train,call_52bfee0220ab
124.0,30,11,19,0.5789473684210527,2.27090909090909,1.5828420928535787,0.3199999999999932,4.219999999999999,1.8599999999999994,0.6970081273574609,3.186315789473685,1.925144180823624,0.23999999999999488,7.079999999999998,3.299999999999997,24.97999999999999,60.54000000000001,0.20145161290322572,0.488225806451613,2.135999999999999,1.2035059894602376,-1.1000000000000014,2.9799999999999995,2.289999999999999,10,0.6711111111111108,1.871553128049299,3,6.080000000000005,2.0266666666666686,26,44.0,1.6923076923076923,1.1285116133821849,0.3548387096774194,1,9,5.32258064516129,1,0,10.62,1,train,call_54a09817b7e2
124.0,34,15,19,0.7894736842105263,1.9813333333333325,2.030446350178299,0.19999999999998863,7.119999999999997,1.2399999999999949,1.0247878617992767,3.8210526315789477,3.7660676437201737,0.23999999999999488,14.86,2.8800000000000003,29.719999999999988,72.60000000000001,0.2396774193548386,0.585483870967742,0.15166666666666476,2.3098596310493673,-6.400000000000006,1.2800000000000011,1.0999999999999988,12,1.1750000000000012,1.8258771242138057,5,10.319999999999997,2.063999999999999,28,30.74000000000001,1.097857142857143,1.1079021120780896,0.2479032258064517,3,6,7.258064516129031,1,1,0.7,0,train,call_565b6523733e
154.0,42,23,19,1.2105263157894737,1.6373913043478272,1.6250236848380357,0.240000000000002,5.619999999999999,0.9400000000000013,0.9924467538840891,4.209473684210526,3.4258777848153352,0.29999999999999716,11.460000000000008,3.8000000000000007,37.660000000000025,79.97999999999999,0.2445454545454547,0.5193506493506492,0.09384615384615294,2.7433116801338833,-5.0800000000000125,4.1200000000000045,0.8799999999999955,13,0.8046153846153831,1.8416324976526264,8,17.840000000000003,2.2300000000000004,33,52.15999999999997,1.5806060606060597,1.316942337846316,0.3387012987012985,10,5,8.96103896103896,1,1,1.46,0,train,call_568b5e814bc3
134.0,36,23,13,1.7692307692307692,1.5939130434782616,2.199763911155497,0.21999999999999886,7.6,0.6399999999999997,1.3801028356949376,5.121538461538463,3.306079869356471,0.5999999999999943,12.399999999999991,5.180000000000007,36.66000000000002,66.58,0.27358208955223895,0.496865671641791,-1.2749999999999992,3.3426892509731485,-4.9399999999999995,3.3400000000000034,-2.540000000000001,8,1.3874999999999984,0.2991296899817364,5,17.9,3.5799999999999996,30,47.479999999999976,1.5826666666666658,1.0907097762887943,0.35432835820895503,15,4,10.298507462686567,1,1,2.66,0,val,call_569ffb0869eb
159.0,35,15,20,0.75,1.840000000000001,1.8923152863244401,0.3199999999999932,7.520000000000001,1.1799999999999997,1.0284322208284995,4.173000000000002,3.581221638080031,0.7199999999999989,14.5,3.0200000000000045,27.600000000000016,83.46000000000004,0.17358490566037746,0.5249056603773588,2.1836363636363636,1.6385559052243053,-1.6999999999999886,5.3999999999999915,2.1400000000000006,11,1.410909090909089,0.8527303740978645,2,2.59999999999998,1.29999999999999,32,49.45999999999993,1.5456249999999976,1.0647214916769119,0.31106918238993664,4,8,5.660377358490567,1,1,10.44,1,train,call_56f58de34ea0
148.0,25,8,17,0.47058823529411764,4.725,2.7670252205985673,0.5200000000000102,8.959999999999994,4.249999999999993,0.5856138033012841,4.518823529411764,3.306164474041146,0.3400000000000034,11.83999999999999,3.740000000000009,37.8,76.81999999999998,0.2554054054054054,0.5190540540540539,1.6457142857142881,2.216775865552323,-3.3400000000000034,2.8800000000000097,2.4399999999999977,7,1.4766666666666701,0.22464787260659244,1,3.3400000000000034,3.3400000000000034,23,35.160000000000046,1.528695652173915,1.1982233224381762,0.2375675675675679,1,10,3.243243243243243,1,0,10.48,1,train,call_578504f9f39e
173.0,44,23,21,1.0952380952380953,1.4791304347826115,1.3190144841836138,0.21999999999999886,4.939999999999998,0.7199999999999989,0.8917499452152574,4.722857142857141,3.2748941095204005,0.45999999999997954,14.339999999999975,4.8600000000000065,34.02000000000007,99.17999999999994,0.19664739884393104,0.5732947976878608,-1.1753846153846141,5.05691047871559,-13.899999999999977,3.240000000000009,1.779999999999994,13,1.8523076923076955,1.804264179872013,6,31.259999999999977,5.209999999999996,37,69.93999999999996,1.890270270270269,1.6717829578800774,0.40427745664739856,10,7,7.976878612716763,1,1,9.5,0,train,call_57f113803718
146.0,30,10,20,0.5,3.16,1.9123226134148452,0.5400000000000063,5.919999999999995,3.3299999999999965,0.6051653839920396,3.115000000000001,2.7225829454282637,0.29999999999999716,10.060000000000002,2.469999999999999,31.6,62.300000000000026,0.21643835616438356,0.42671232876712345,3.38,1.4200782451056078,0.0,5.180000000000001,3.610000000000001,10,1.0022222222222235,1.3336208023439189,3,1.3999999999999915,0.46666666666666384,25,52.019999999999975,2.080799999999999,1.5426112061479837,0.35630136986301353,0,10,4.109589041095891,1,0,12.82,1,train,call_5823cd70919d
150.0,31,12,19,0.631578947368421,3.6799999999999997,2.851156065369083,0.4399999999999977,9.16,2.8500000000000014,0.7747706699372509,3.414736842105262,2.5717684542851313,0.3200000000000003,9.7,2.9000000000000004,44.16,64.87999999999998,0.2944,0.4325333333333332,2.731111111111109,0.3297136805034195,2.239999999999995,3.16,2.719999999999999,9,-0.6649999999999983,3.7943529469086417,2,13.04,6.52,28,52.50000000000002,1.8750000000000007,2.050507615562907,0.35000000000000014,3,10,4.8,1,0,11.44,1,train,call_58a0f7394bc3
133.0,40,19,21,0.9047619047619048,1.5315789473684216,1.457674186877068,0.26000000000000156,6.460000000000008,1.08,0.9517460326688757,3.6371428571428575,3.184263090350956,0.3199999999999932,13.97999999999999,3.2799999999999976,29.100000000000012,76.38000000000001,0.2187969924812031,0.5742857142857144,0.34833333333333455,1.756886881717636,-3.4400000000000004,1.8999999999999986,1.0200000000000014,12,0.8533333333333326,0.9738894218855685,5,9.440000000000005,1.888000000000001,34,36.379999999999995,1.0699999999999998,0.6791661554190304,0.27353383458646613,7,8,8.571428571428571,1,1,0.7,0,val,call_58ed2170e352
144.0,34,17,17,1.0,2.084705882352941,1.5239837501063562,0.1999999999999993,5.220000000000001,1.9199999999999982,0.7310305799042905,4.67764705882353,3.6108993502515485,0.3999999999999915,12.019999999999996,3.819999999999993,35.44,79.52000000000001,0.24611111111111109,0.5522222222222223,0.5177777777777787,1.8494984305060782,-3.3999999999999986,2.8400000000000034,1.0,9,0.962222222222225,0.9743430835411346,3,6.300000000000001,2.1,30,34.24,1.1413333333333335,0.884142808457507,0.23777777777777778,8,7,7.083333333333334,1,1,9.16,0,train,call_5a6307557d57
145.0,35,21,14,1.5,2.0333333333333328,1.7170129100660043,0.21999999999999886,6.68,1.5799999999999983,0.844432578720986,4.188571428571429,2.3804035118275406,1.1600000000000037,8.480000000000004,4.070000000000008,42.69999999999999,58.64000000000001,0.29448275862068957,0.4044137931034483,2.668571428571429,2.581623704644219,-1.1599999999999966,5.300000000000001,3.719999999999999,7,1.7399999999999989,0.3028751117760144,2,2.039999999999992,1.019999999999996,32,44.7,1.396875,1.4120870792393923,0.3082758620689655,14,6,8.689655172413794,1,1,12.98,1,train,call_5a7a7e3c9588
65.0,32,21,11,1.9090909090909092,1.3790476190476184,1.6317288523584572,0.20000000000000018,7.180000000000001,0.72,1.1832287948731912,3.7618181818181835,3.384369418907511,0.860000000000003,10.14,2.74,28.959999999999987,41.38000000000002,0.44553846153846133,0.6366153846153849,-2.826666666666666,2.7137243780457876,-7.799999999999997,1.0199999999999996,-2.3200000000000003,9,0.7822222222222214,1.7610350491811466,12,29.979999999999997,2.498333333333333,19,24.979999999999997,1.314736842105263,1.2874236478808398,0.38430769230769224,12,1,19.384615384615387,1,1,0.72,0,train,call_5c9d19646f57
129.0,25,9,16,0.5625,2.4466666666666663,1.7294507798720384,0.5600000000000023,5.159999999999998,2.219999999999999,0.7068599917733128,4.338749999999998,2.7148723113005993,0.35999999999999943,8.780000000000001,3.799999999999997,22.019999999999996,69.41999999999997,0.17069767441860462,0.5381395348837207,3.054285714285715,0.3285755693320866,2.4399999999999977,3.4399999999999977,3.1400000000000006,7,1.4114285714285717,0.6716007884507154,0,0.0,0.0,24,36.460000000000036,1.519166666666668,1.1794395008782275,0.28263565891472897,2,8,4.186046511627907,1,1,10.9,1,train,call_5d86f0ca06aa
96.0,29,24,5,4.8,1.038333333333333,0.826178560901185,0.28000000000000114,3.379999999999999,0.7599999999999945,0.7956775867427145,2.48,2.092414872820397,0.240000000000002,4.859999999999999,2.96,24.919999999999995,12.4,0.2595833333333333,0.12916666666666668,1.0600000000000005,3.4394573215358655,-3.3200000000000003,4.0,1.7800000000000011,4,0.8399999999999999,0.9957911427603685,2,3.3599999999999994,1.6799999999999997,26,62.02,2.3853846153846154,2.2339816127609113,0.6460416666666667,20,1,15.0,1,0,4.3,1,val,call_5e4539a471f6
112.0,45,30,15,2.0,1.271333333333333,1.4634553663147374,0.23999999999999488,6.26,0.5900000000000034,1.1511185366922425,3.7800000000000016,2.9935168042192206,0.3999999999999915,9.399999999999999,2.6799999999999997,38.139999999999986,56.700000000000024,0.34053571428571416,0.5062500000000002,-2.5569230769230775,2.632474705846777,-7.239999999999995,1.2799999999999976,-1.9200000000000017,13,1.4416666666666653,1.409357257329696,14,35.46000000000002,2.5328571428571443,30,51.06,1.7020000000000002,1.56588941345563,0.45589285714285716,17,2,16.07142857142857,1,0,1.02,0,train,call_5f7a4b3e8ca9
153.0,39,13,26,0.5,2.3476923076923084,1.7548891410672933,0.4000000000000057,5.6200000000000045,2.680000000000007,0.7474953746354785,3.1746153846153815,2.27015106240837,0.28000000000000114,9.259999999999998,2.8500000000000028,30.52000000000001,82.53999999999992,0.19947712418300662,0.539477124183006,1.3345454545454531,1.2716946460244587,-1.1999999999999993,2.4199999999999946,1.8200000000000003,11,1.4363636363636372,0.7031254898988192,3,2.580000000000002,0.8600000000000007,35,41.50000000000006,1.1857142857142875,0.7519632567458301,0.27124183006535985,2,14,5.098039215686275,1,1,10.14,1,val,call_6058d9c5c82f
211.0,48,19,29,0.6551724137931034,1.475789473684209,1.0555583871922616,0.26000000000000156,3.240000000000002,1.0799999999999983,0.7152499770560982,4.79103448275862,3.7096999732627465,0.37999999999999545,15.840000000000003,3.8799999999999955,28.03999999999997,138.94,0.13289099526066336,0.6584834123222749,-0.1328571428571433,2.4202429266864574,-4.940000000000001,2.9399999999999977,1.0500000000000043,14,1.4900000000000018,0.596025296313969,5,14.760000000000012,2.9520000000000026,42,58.020000000000046,1.3814285714285723,1.241748514322565,0.27497630331753575,5,14,5.402843601895735,1,1,0.84,0,train,call_60ffdefc5f5a
183.0,53,24,29,0.8275862068965517,3.3874999999999993,3.9624972911799836,0.2599999999999909,15.759999999999998,1.2899999999999956,1.169740897765309,2.8337931034482775,2.3917363892504993,0.30000000000001137,8.419999999999987,2.1000000000000085,81.3,82.18000000000005,0.4442622950819672,0.4490710382513664,0.2305882352941163,3.312998020276037,-5.319999999999993,10.800000000000004,0.5200000000000102,17,-0.03058823529412055,3.3794460910558906,16,32.38000000000005,2.0237500000000033,36,50.92,1.4144444444444444,1.9438260422526707,0.2782513661202186,7,11,7.868852459016394,1,1,9.22,0,train,call_624a4731ab56
122.0,30,11,19,0.5789473684210527,1.8290909090909075,1.0945451525218552,0.28000000000000114,3.440000000000005,1.7600000000000016,0.5984093776212931,3.5157894736842095,3.4901358072740343,0.29999999999999716,12.86,2.5999999999999943,20.119999999999983,66.8,0.1649180327868851,0.5475409836065573,1.072000000000002,0.7971170275157575,-1.1400000000000001,1.6000000000000085,1.2800000000000082,10,1.6320000000000014,0.6561978021569069,1,1.1400000000000001,1.1400000000000001,28,35.30000000000003,1.2607142857142866,0.7321501999889874,0.28934426229508226,1,8,5.409836065573771,1,1,1.1,0,train,call_63a156c6b8d9
146.0,66,38,28,1.3571428571428572,1.4552631578947375,1.4357477321931826,0.20000000000000018,6.34,0.9000000000000057,0.9865897617240672,2.8057142857142847,2.001324429196696,0.29999999999999716,9.100000000000009,2.8900000000000023,55.300000000000026,78.55999999999997,0.3787671232876714,0.5380821917808217,-1.431000000000001,1.7283210593551561,-4.540000000000006,1.4200000000000017,-1.0499999999999972,20,0.922105263157894,1.247644798754697,20,34.140000000000015,1.7070000000000007,45,46.560000000000024,1.0346666666666673,0.8631801665932779,0.31890410958904125,18,8,15.616438356164386,1,0,0.52,0,val,call_64637c20ee66
132.0,48,27,21,1.2857142857142858,1.3681481481481474,1.0094668700969647,0.20000000000000284,3.4200000000000017,1.0599999999999987,0.737834474624203,3.661904761904762,2.7374141430328343,0.3200000000000074,10.799999999999997,3.0600000000000023,36.93999999999998,76.9,0.27984848484848474,0.5825757575757576,-2.6783333333333332,3.4954875673263848,-10.079999999999998,2.3799999999999955,-1.5099999999999993,12,0.20999999999999916,1.1550836254653494,16,40.25999999999998,2.5162499999999985,31,56.61999999999998,1.8264516129032253,1.9958916944348424,0.4289393939393938,15,8,12.272727272727272,1,1,1.04,0,train,call_65a7cdefc22d
184.0,38,13,25,0.52,3.22923076923077,2.674242763657472,0.8600000000000012,9.620000000000005,1.9600000000000009,0.8281361583503365,3.4823999999999997,3.2488322004478274,0.240000000000002,12.660000000000004,2.3200000000000074,41.98000000000001,87.05999999999999,0.22815217391304354,0.47315217391304343,3.621818181818182,0.8275484056152627,2.259999999999991,5.099999999999994,3.5599999999999987,11,0.5900000000000016,1.9156954060833584,3,5.0999999999999766,1.6999999999999922,34,59.55999999999999,1.7517647058823527,1.4736729430097448,0.323695652173913,2,14,4.239130434782608,1,0,11.94,1,train,call_6756c4a91509
166.0,33,15,18,0.8333333333333334,3.2746666666666644,3.0331263142334235,0.240000000000002,10.519999999999996,2.6400000000000006,0.926239713222748,4.403333333333332,3.211781620295904,0.47999999999998977,11.46,4.080000000000004,49.11999999999997,79.25999999999999,0.29590361445783114,0.47746987951807224,0.3644444444444471,2.66547890214456,-5.47999999999999,2.3400000000000034,1.480000000000004,9,2.102500000000002,0.744306964325102,2,8.219999999999992,4.109999999999996,30,40.10000000000005,1.3366666666666684,1.0540442094154765,0.24156626506024126,6,9,5.421686746987952,1,0,9.9,0,val,call_678ee1dd2242
159.0,28,7,21,0.3333333333333333,1.7142857142857117,0.9364980359982447,0.5799999999999983,2.759999999999991,1.4200000000000017,0.5462905209989769,3.2885714285714287,2.9325113566946097,0.29999999999999716,10.539999999999992,2.1599999999999966,11.999999999999982,69.06,0.07547169811320743,0.43433962264150944,2.122857142857143,1.7064750636493753,-0.6799999999999926,4.420000000000002,1.6999999999999957,7,1.9714285714285735,0.6672188189649281,1,0.6799999999999926,0.6799999999999926,26,77.38000000000001,2.976153846153846,3.4564074724176566,0.48666666666666675,0,13,2.6415094339622645,1,1,22.6,1,train,call_68544c09a58b
98.0,21,10,11,0.9090909090909091,1.9540000000000006,1.528457464969903,0.35999999999999943,5.040000000000003,1.490000000000001,0.7822197875997454,4.712727272727274,3.0689056385268376,0.9799999999999969,10.560000000000002,4.0600000000000005,19.540000000000006,51.84000000000001,0.19938775510204088,0.5289795918367348,0.0519999999999996,3.974760370135537,-7.039999999999999,2.2799999999999976,1.7199999999999989,5,2.8400000000000025,2.359279551049431,1,7.039999999999999,7.039999999999999,19,26.839999999999982,1.4126315789473676,1.5238432483736772,0.273877551020408,5,5,6.122448979591836,1,1,9.38,0,val,call_6971b2685c1d
152.0,32,11,21,0.5238095238095238,3.0418181818181824,2.9851426035679345,0.30000000000001137,7.780000000000001,2.0799999999999983,0.9813678613044612,3.477142857142857,3.375732724694217,0.23999999999999488,12.700000000000003,2.9200000000000017,33.46000000000001,73.02,0.22013157894736848,0.48039473684210526,1.7449999999999974,2.253169196614276,-3.5799999999999983,4.0200000000000005,2.1799999999999926,8,2.0775000000000015,1.2119140705040525,1,3.5799999999999983,3.5799999999999983,30,47.979999999999976,1.5993333333333326,1.2480548543794958,0.31565789473684197,3,12,4.342105263157895,1,1,11.66,1,train,call_6afd8cabf618
153.0,43,17,26,0.6538461538461539,2.2164705882352926,2.9561312157456556,0.240000000000002,10.58,1.0199999999999818,1.3337110049807903,3.322307692307692,2.4793116910825184,0.21999999999999886,9.079999999999998,2.3399999999999928,37.67999999999997,86.38,0.24627450980392138,0.5645751633986927,-0.5781818181818162,2.7729183838757985,-6.18,1.740000000000009,0.3400000000000034,11,0.8579999999999999,1.4066018942433178,5,16.78,3.3560000000000003,37,45.280000000000044,1.223783783783785,1.3277369036391529,0.2959477124183009,6,15,6.666666666666667,1,0,1.12,0,train,call_6b0cc9c966a1
162.0,44,34,10,3.4,1.1082352941176468,1.2793949104550926,0.19999999999999574,4.920000000000002,0.7399999999999949,1.154443390538035,4.728,3.27994850908093,0.4200000000000017,9.519999999999996,4.3100000000000005,37.67999999999999,47.28,0.23259259259259255,0.29185185185185186,-3.0125,3.9658101316124545,-9.260000000000005,2.3799999999999955,-2.62,8,0.9685714285714307,0.7038804010963956,6,27.619999999999994,4.603333333333333,37,104.13999999999999,2.814594594594594,3.4407578255980793,0.6428395061728395,26,2,12.592592592592592,1,0,3.9,1,train,call_6b31fbd81fc3
139.0,21,8,13,0.6153846153846154,4.842499999999999,3.729625603577005,0.519999999999996,10.519999999999996,3.849999999999998,0.7701859790556541,4.5938461538461555,4.58052678641067,0.29999999999999716,16.900000000000006,3.6400000000000006,38.739999999999995,59.72000000000002,0.278705035971223,0.4296402877697843,2.523333333333334,3.4951032412028473,-4.3799999999999955,5.260000000000002,3.6099999999999994,6,2.1800000000000006,0.49578221024962066,1,4.3799999999999955,4.3799999999999955,19,44.03999999999999,2.317894736842105,1.9907440790579023,0.31683453237410064,2,7,3.4532374100719423,1,0,13.46,1,train,call_6b6499e4474f
129.0,24,8,16,0.5,5.534999999999996,4.190011933157235,1.259999999999991,14.26,4.649999999999999,0.7570030592876673,3.8849999999999993,2.896052485712232,0.28000000000000114,9.980000000000004,2.99,44.279999999999966,62.15999999999998,0.3432558139534881,0.48186046511627895,0.9857142857142869,1.6076780061407079,-1.4399999999999977,2.1799999999999997,1.7399999999999949,7,1.4133333333333364,0.9613878856458875,3,3.1999999999999886,1.0666666666666629,20,25.100000000000023,1.2550000000000012,0.7509397621086454,0.1945736434108529,1,9,3.7209302325581395,1,0,9.24,1,val,call_6c8d4490f8d7
154.0,69,43,26,1.6538461538461537,1.1260465116279061,1.1653369419448403,0.20000000000001705,5.76,0.7999999999999972,1.0348923689307759,3.4592307692307713,2.777477881930904,0.21999999999999886,11.839999999999996,2.9800000000000004,48.419999999999966,89.94000000000005,0.3144155844155842,0.5840259740259743,-2.0623529411764707,3.197013312084741,-10.29999999999999,1.2800000000000011,-1.7399999999999993,17,0.8564705882352942,0.7017918243367346,14,40.67999999999999,2.9057142857142852,54,54.63999999999997,1.0118518518518513,0.7447681013629862,0.3548051948051946,26,8,16.753246753246753,1,1,0.46,0,train,call_6d88a2e95795
132.0,38,24,14,1.7142857142857142,1.7283333333333326,2.3273042189486617,0.2999999999999998,10.180000000000007,0.8999999999999968,1.3465598180995155,2.8828571428571417,2.53040412877964,0.28000000000000114,8.759999999999998,2.3000000000000003,41.47999999999998,40.359999999999985,0.3142424242424241,0.3057575757575757,-1.7199999999999984,2.0833215237760516,-4.799999999999997,0.18000000000000327,-0.6599999999999966,8,0.7257142857142854,1.478274412311609,8,16.459999999999987,2.0574999999999983,29,61.780000000000015,2.1303448275862076,2.658300319966314,0.46803030303030313,16,6,10.909090909090908,1,0,4.74,1,train,call_6dfa70c50ea5
165.0,34,16,18,0.8888888888888888,3.077499999999999,3.2252080036280857,0.32000000000000006,10.100000000000001,1.8799999999999955,1.0479961019100201,4.778888888888888,2.911829602498564,0.3400000000000034,10.200000000000003,4.260000000000007,49.23999999999998,86.01999999999998,0.2984242424242423,0.5213333333333332,-0.20769230769230743,2.1464628028695394,-5.519999999999996,1.6799999999999988,0.9399999999999977,13,1.7783333333333327,1.1806764881613312,5,12.080000000000002,2.4160000000000004,28,39.94000000000004,1.426428571428573,1.1368840270692913,0.2420606060606063,3,5,5.818181818181818,1,0,1.86,0,train,call_6e83cb807322
163.0,51,25,26,0.9615384615384616,1.8504000000000012,1.3244384973766556,0.2599999999999909,5.700000000000001,1.460000000000008,0.715757942810557,2.5992307692307697,3.197441380950617,0.2600000000000051,15.120000000000005,1.4800000000000004,46.260000000000026,67.58000000000003,0.28380368098159525,0.4146012269938652,1.138333333333333,3.083722170404204,-7.439999999999998,4.520000000000001,2.1699999999999946,12,0.8999999999999998,1.4608341328283503,7,12.57999999999998,1.7971428571428543,43,61.19999999999994,1.4232558139534868,1.5874743656426507,0.3754601226993861,13,13,9.202453987730062,1,1,12.8,1,train,call_70101b573bb2
170.0,44,26,18,1.4444444444444444,2.08923076923077,1.5239971734276236,0.23999999999999488,6.68,1.6900000000000048,0.7294537280765501,3.521111111111111,2.9385108050905644,0.5400000000000205,12.719999999999999,2.9399999999999955,54.32000000000002,63.38,0.319529411764706,0.3728235294117647,2.230909090909087,2.0759453487288866,-1.1800000000000068,4.439999999999998,2.9000000000000057,11,1.3760000000000006,1.0538311060127246,5,3.5000000000000284,0.7000000000000057,38,54.68000000000001,1.4389473684210528,1.2364985207227874,0.32164705882352945,15,7,9.176470588235293,1,0,11.7,1,train,call_70de89818ee5
211.0,64,32,32,1.0,1.6518749999999978,1.5071944402250042,0.21999999999999886,5.6200000000000045,0.9800000000000004,0.9124143414150624,4.053749999999999,3.4135118138400817,0.3199999999999932,13.340000000000003,3.5899999999999963,52.85999999999993,129.71999999999997,0.25052132701421764,0.6147867298578198,-1.805882352941173,3.783660692410742,-11.380000000000003,1.5999999999999943,0.020000000000003126,17,0.8387500000000002,1.3619293912191859,11,43.21999999999995,3.9290909090909043,51,71.32000000000005,1.3984313725490205,1.8461109095057324,0.33800947867298603,15,15,9.09952606635071,1,0,0.7,0,train,call_716d56beca2a
101.0,30,12,18,0.6666666666666666,2.001666666666669,1.7802442801395804,0.4000000000000057,6.560000000000002,1.3599999999999994,0.8893809892454179,2.5655555555555556,2.1218061735013634,0.38000000000000966,7.0,1.9699999999999984,24.020000000000028,46.18,0.2378217821782181,0.45722772277227725,1.0977777777777757,1.278180129889539,-0.9399999999999977,2.239999999999995,1.7399999999999949,9,1.4111111111111105,0.9277451757412212,4,2.0799999999999983,0.5199999999999996,25,31.87999999999997,1.275199999999999,0.7399612602472271,0.31564356435643537,3,8,7.128712871287129,1,1,10.42,1,train,call_71fec5a6b017
103.0,33,13,20,0.65,2.0276923076923077,3.0189019909180934,0.4200000000000017,11.239999999999998,0.9199999999999999,1.488836338464917,2.556,1.9489009048286938,0.5,7.68,2.0,26.36,51.12,0.25592233009708737,0.4963106796116505,-0.5750000000000021,1.3702056912608556,-1.3400000000000034,2.4399999999999977,-1.1600000000000037,12,1.863333333333336,1.026833910030186,11,12.500000000000025,1.1363636363636387,21,37.04000000000003,1.7638095238095248,0.9024770146129832,0.35961165048543714,1,7,7.572815533980583,1,1,5.64,1,val,call_743448b8a861
148.0,54,32,22,1.4545454545454546,1.3825000000000003,1.577492906788408,0.21999999999999886,5.82,0.6899999999999906,1.1410436938794992,3.8718181818181803,2.4061481495845,0.21999999999999886,8.5,3.6400000000000006,44.24,85.17999999999996,0.2989189189189189,0.5755405405405403,-1.8324999999999998,2.6205839043999326,-6.959999999999994,1.019999999999996,-1.1500000000000035,16,0.8560000000000006,1.7447750571348755,15,37.179999999999986,2.4786666666666664,38,53.90000000000003,1.41842105263158,1.4119366158267799,0.36418918918918936,16,6,12.972972972972972,1,0,0.6,0,val,call_74b20933dd43
140.0,47,26,21,1.2380952380952381,1.4661538461538457,0.9402088147771306,0.35999999999999943,3.059999999999995,1.2500000000000018,0.641275686888914,3.548571428571429,3.0524322854312156,0.44000000000000483,13.219999999999985,3.06,38.11999999999999,74.52000000000001,0.27228571428571424,0.5322857142857144,-0.611666666666668,2.7296148024395244,-7.399999999999999,1.759999999999998,0.10999999999999854,12,0.8883333333333331,1.7207072189461337,10,19.34000000000001,1.934000000000001,36,45.98000000000002,1.2772222222222227,0.9795060303500241,0.32842857142857157,14,8,11.142857142857142,1,1,2.78,0,train,call_750153d8eb40
150.0,36,14,22,0.6363636363636364,2.0885714285714285,2.0336207086900915,0.35999999999999943,8.060000000000002,1.6200000000000045,0.9736898058023694,3.815454545454544,2.2449768845405087,0.29999999999999716,8.059999999999995,3.799999999999993,29.240000000000002,83.93999999999997,0.19493333333333335,0.5595999999999998,1.2181818181818196,1.8957521894056626,-3.9800000000000004,2.4000000000000057,2.0799999999999983,11,1.369090909090909,1.2281160738745702,3,5.419999999999991,1.8066666666666638,32,41.100000000000016,1.2843750000000007,0.8897079531708613,0.2740000000000001,3,10,5.6,1,1,9.8,1,train,call_7519d635bbbb
143.0,28,10,18,0.5555555555555556,5.019999999999996,4.166703999832749,0.6199999999999903,15.12,4.109999999999992,0.8300207170981578,3.3255555555555563,2.9708371215222122,0.2599999999999909,12.560000000000002,2.7999999999999985,50.19999999999996,59.860000000000014,0.3510489510489508,0.4186013986013987,2.7342857142857153,0.6818322653668137,2.0799999999999983,3.9000000000000057,2.540000000000001,7,1.2142857142857184,0.6003015115439104,1,0.09999999999999432,0.09999999999999432,26,32.52000000000001,1.250769230769231,1.0717347547856175,0.2274125874125875,3,10,4.195804195804196,1,1,10.82,1,train,call_7601ac7d4fbf
61.0,25,13,12,1.0833333333333333,1.5138461538461527,1.0181154032618194,0.37999999999999545,3.24,1.0599999999999952,0.6725355814229503,1.7833333333333325,1.310983900693974,0.41999999999999815,3.9599999999999995,1.7300000000000004,19.679999999999986,21.39999999999999,0.3226229508196719,0.3508196721311474,1.245714285714286,2.163476039023444,-1.240000000000002,3.8599999999999994,1.4800000000000004,7,0.506666666666668,1.5565945736339553,5,5.160000000000002,1.0320000000000005,19,23.940000000000023,1.2600000000000011,1.1818441333591991,0.392459016393443,6,5,12.78688524590164,1,0,9.96,1,train,call_76856257e3ef
179.0,63,44,19,2.3157894736842106,1.1745454545454534,1.0923613307672517,0.21999999999999886,4.719999999999999,0.6800000000000068,0.9300289967832647,5.931578947368422,5.569333954949586,0.46000000000000085,19.120000000000005,3.0,51.67999999999995,112.70000000000002,0.2887150837988824,0.6296089385474861,-4.685333333333333,5.260768366838043,-16.819999999999993,1.259999999999998,-2.719999999999999,15,1.0685714285714292,0.9148926556862114,14,73.1,5.221428571428571,48,83.82000000000004,1.7462500000000005,1.8485608260643138,0.4682681564245812,29,4,14.748603351955307,1,0,7.66,0,train,call_7744ab92baa3
156.0,51,40,11,3.6363636363636362,0.7979999999999995,0.6222012206467932,0.22000000000001307,2.9200000000000017,0.609999999999995,0.7797007777528742,3.7181818181818174,2.396772071690667,0.9199999999999999,7.660000000000011,3.1199999999999974,31.91999999999998,40.89999999999999,0.20461538461538448,0.26217948717948714,-1.9799999999999998,2.7342860128377198,-4.5,3.219999999999999,-2.2699999999999996,6,1.8960000000000015,1.6123523188186883,5,15.099999999999998,3.0199999999999996,45,96.64000000000003,2.1475555555555563,2.9885548008995597,0.6194871794871797,34,5,15.384615384615383,1,0,4.28,1,train,call_794031bf2233
153.0,41,21,20,1.05,1.8380952380952384,1.4050893887849942,0.29999999999999716,4.819999999999993,1.4799999999999969,0.7644268695462403,3.7099999999999995,2.4768188425775834,0.35999999999999943,9.920000000000002,3.0400000000000076,38.60000000000001,74.19999999999999,0.25228758169934645,0.48496732026143785,1.1381818181818166,1.3785631518491852,-1.1199999999999974,2.3999999999999915,1.740000000000002,11,1.7300000000000015,0.4157189221363681,3,2.8999999999999986,0.9666666666666662,37,41.160000000000004,1.1124324324324326,0.7652791988890408,0.2690196078431373,10,9,8.23529411764706,1,0,10.04,1,train,call_7a250598cb8b
131.0,26,11,15,0.7333333333333333,2.6763636363636367,2.480464765834309,0.2400000000000091,8.579999999999998,2.540000000000001,0.926804090495156,4.516000000000002,2.7668362541254345,0.28000000000000114,8.680000000000007,3.8800000000000026,29.440000000000005,67.74000000000004,0.22473282442748096,0.5170992366412217,1.9974999999999996,0.19196353820452433,1.6799999999999997,2.239999999999995,2.009999999999998,8,1.7371428571428555,0.408154965902017,0,0.0,0.0,25,31.679999999999964,1.2671999999999985,0.8016000665335974,0.241832061068702,3,7,5.0381679389312986,1,0,9.6,1,train,call_7a345e2b0f37
243.0,49,27,22,1.2272727272727273,2.319999999999999,1.7023422777952844,0.4399999999999977,6.800000000000011,1.8999999999999986,0.7337682231876229,4.540909090909094,4.651498385406283,0.28000000000000114,20.580000000000013,2.8500000000000085,62.63999999999997,99.90000000000006,0.25777777777777766,0.41111111111111137,2.9399999999999986,2.2922602694408707,-0.9199999999999946,5.5,3.6999999999999886,15,1.4742857142857126,1.7401048345329198,5,5.760000000000012,1.1520000000000024,43,84.89999999999999,1.9744186046511627,1.752991052493369,0.3493827160493827,12,7,6.666666666666667,1,0,12.38,1,train,call_7ae75e4aa32f
81.0,20,17,3,5.666666666666667,0.5964705882352961,0.32925941855303387,0.26000000000000156,1.1399999999999997,0.5199999999999996,0.5520128318936447,3.4400000000000013,0.4728636167014756,3.0,3.9400000000000004,3.3800000000000026,10.140000000000033,10.320000000000004,0.1251851851851856,0.12740740740740744,-2.520000000000001,0.39597979746446504,-2.8,-2.240000000000002,-2.520000000000001,2,0.14000000000000057,0.0,2,5.040000000000002,2.520000000000001,17,61.21999999999997,3.6011764705882334,2.826990189125489,0.7558024691358021,15,1,12.592592592592592,1,0,4.9,1,train,call_7b14e69a57bd
124.0,31,11,20,0.55,2.0672727272727283,1.2832855559780219,0.5799999999999983,4.400000000000002,1.5399999999999991,0.6207625820474157,3.2510000000000012,3.3242425334281247,0.35999999999999943,14.540000000000006,2.4800000000000004,22.74000000000001,65.02000000000002,0.18338709677419363,0.5243548387096776,1.4749999999999979,3.6739974337031245,-7.140000000000001,4.440000000000005,2.2199999999999918,8,0.40249999999999875,1.82078279868852,3,11.800000000000004,3.933333333333335,27,47.57999999999997,1.762222222222221,1.971858423169788,0.3837096774193546,3,11,5.32258064516129,1,1,10.98,1,val,call_7b1e73c133f8
131.0,27,8,19,0.42105263157894735,4.45,2.060707229500175,0.23999999999999488,6.160000000000004,5.560000000000002,0.4630802762921742,3.3947368421052624,2.449170763115667,0.3200000000000003,8.879999999999995,2.9400000000000004,35.6,64.49999999999999,0.2717557251908397,0.49236641221374033,1.9999999999999993,0.3958354636534158,1.5799999999999983,2.6199999999999974,1.8599999999999994,8,1.4600000000000013,0.4024922359499663,0,0.0,0.0,26,30.380000000000017,1.168461538461539,0.7782066168194269,0.231908396946565,0,11,3.6641221374045805,1,0,10.36,1,train,call_7d4f3b80384e
129.0,25,9,16,0.5625,3.5622222222222226,2.9382553402392446,0.480000000000004,9.959999999999999,3.0800000000000054,0.8248377436729007,4.07125,2.812836942779775,0.29999999999999716,9.54,4.18,32.06,65.14,0.24852713178294575,0.5049612403100775,2.4657142857142853,0.19173394264423946,2.1799999999999997,2.799999999999997,2.4200000000000017,7,1.245714285714286,0.5658874193941515,0,0.0,0.0,24,29.78,1.2408333333333335,0.934451323163662,0.2308527131782946,2,8,4.186046511627907,1,1,10.24,1,train,call_7d5b26105bb5
127.0,32,16,16,1.0,1.8437500000000009,1.6730685381458021,0.2600000000000051,5.8199999999999985,1.3599999999999994,0.9074270037400957,4.021250000000001,4.7393302972747815,0.38000000000000966,20.260000000000005,2.4799999999999978,29.500000000000014,64.34000000000002,0.23228346456692925,0.5066141732283466,0.6200000000000009,1.3201212065564294,-2.5600000000000023,1.6600000000000037,1.0,11,1.5459999999999978,0.44731793316759866,2,3.880000000000002,1.940000000000001,29,34.21999999999997,1.179999999999999,0.6529712310442369,0.26944881889763755,5,5,7.559055118110236,1,0,1.0,0,train,call_7f82debeb19b
154.0,34,8,26,0.3076923076923077,3.3475000000000037,2.334730024160025,0.8400000000000034,6.380000000000001,2.8600000000000065,0.6974548242449656,3.357692307692309,2.3966197991209333,0.3400000000000034,7.960000000000001,2.79,26.78000000000003,87.30000000000004,0.17389610389610408,0.5668831168831171,2.247499999999998,0.30122369476140953,2.0,2.739999999999995,2.1100000000000003,8,1.269999999999997,1.6214279421018287,1,2.5,2.5,32,40.81999999999992,1.2756249999999976,1.0256168482210302,0.26506493506493456,0,17,3.1168831168831166,1,1,9.74,1,train,call_802282383eb2
112.0,32,17,15,1.1333333333333333,1.764705882352942,1.676984338206007,0.29999999999999716,5.5,1.0600000000000023,0.9502911249834035,3.3640000000000017,3.15473521641901,0.35999999999999943,9.440000000000005,2.16,30.000000000000014,50.46000000000002,0.26785714285714296,0.4505357142857145,0.5422222222222213,3.69531384924805,-8.64,3.1000000000000014,2.219999999999999,9,1.0599999999999992,0.5790632829961561,4,9.899999999999999,2.4749999999999996,27,39.73999999999997,1.4718518518518506,2.016182678378275,0.3548214285714283,8,6,9.107142857142858,1,0,10.38,1,val,call_810c24005ecc
131.0,32,13,19,0.6842105263157895,1.9415384615384605,2.126475355111701,0.28000000000000114,7.960000000000001,1.3200000000000003,1.0952527581795612,3.732631578947369,2.4975740276099567,0.3999999999999915,8.080000000000005,3.680000000000007,25.239999999999988,70.92000000000003,0.19267175572519074,0.5413740458015269,1.1779999999999984,2.1885652326987595,-3.0400000000000027,3.3400000000000034,2.219999999999999,10,1.2820000000000011,0.970564555068625,5,6.640000000000001,1.328,26,39.679999999999986,1.5261538461538455,0.9405661143080893,0.3029007633587785,3,8,5.954198473282443,1,1,9.84,1,val,call_810e3066a7b4
132.0,38,16,22,0.7272727272727273,1.8175000000000003,1.6665633301297995,0.2400000000000091,5.559999999999988,1.2099999999999973,0.9169536892048413,3.098181818181817,2.9532800753506603,0.5,13.519999999999996,2.3599999999999994,29.080000000000005,68.15999999999998,0.22030303030303033,0.5163636363636362,0.46363636363636335,1.6075526288571242,-1.5399999999999991,2.960000000000001,0.5600000000000023,11,1.135999999999999,1.2820400409763608,7,7.580000000000002,1.0828571428571432,30,41.060000000000024,1.3686666666666674,0.9362092800714771,0.31106060606060626,5,11,7.2727272727272725,1,0,9.5,1,train,call_81b12145be34
169.0,38,16,22,0.7272727272727273,2.7687500000000007,1.9926929015781625,0.20000000000000284,6.6,2.0899999999999963,0.7197084971839862,4.100909090909091,3.2261696425902007,0.5799999999999983,14.300000000000011,2.8799999999999963,44.30000000000001,90.22,0.26213017751479295,0.5338461538461539,0.36399999999999844,2.982598419722865,-6.219999999999999,3.960000000000001,1.1700000000000008,10,0.6319999999999959,1.8611394359370252,4,14.759999999999998,3.6899999999999995,33,47.83999999999998,1.4496969696969693,1.4761869902905358,0.28307692307692295,6,11,5.680473372781065,1,1,8.3,0,train,call_81b98c77cf99
138.0,27,13,14,0.9285714285714286,2.787692307692309,2.595759856144097,0.480000000000004,9.72,1.759999999999998,0.9311500587713369,5.115714285714283,3.9290177169084197,0.2799999999999869,11.0,6.1299999999999955,36.240000000000016,71.61999999999996,0.26260869565217404,0.5189855072463765,2.531111111111112,0.9877302825726819,0.4200000000000017,3.8799999999999955,2.700000000000003,9,-0.173333333333332,1.838015233886816,5,7.519999999999996,1.5039999999999991,21,36.94000000000002,1.7590476190476199,1.1923166725409189,0.26768115942028997,4,4,5.6521739130434785,1,1,10.6,1,train,call_850d796d23a7
168.0,33,14,19,0.7368421052631579,4.552857142857145,4.508498690202807,0.37999999999999545,18.0,4.140000000000001,0.9902570075751376,3.6073684210526324,2.8242695065474988,0.2799999999999727,10.96,3.739999999999995,63.74000000000003,68.54000000000002,0.3794047619047621,0.4079761904761906,2.046666666666667,1.59600258221102,-0.7800000000000011,5.699999999999999,2.089999999999989,12,0.4563636363636357,2.56458679996319,5,10.599999999999973,2.1199999999999948,27,44.55999999999994,1.6503703703703678,1.1574025344626777,0.2652380952380949,2,7,5.0,1,0,9.42,1,train,call_8570ae0e7d61
128.0,27,10,17,0.5882352941176471,3.022,1.0577313248436775,1.539999999999992,4.52000000000001,3.039999999999999,0.350010365600158,3.8941176470588252,2.8490240847164,0.35999999999999943,9.14,3.5799999999999983,30.22,66.20000000000003,0.23609375,0.5171875000000002,1.4200000000000006,0.6272692138680717,0.9200000000000017,2.760000000000005,1.1999999999999957,7,1.5971428571428556,0.36704742135562046,0,0.0,0.0,26,29.89999999999997,1.1499999999999988,0.7386961486294621,0.23359374999999977,3,9,4.6875,1,1,9.36,0,train,call_8834a90f11cd
176.0,26,8,18,0.4444444444444444,7.747499999999999,6.040917030669153,0.3399999999999963,17.14,7.049999999999997,0.7797246893409685,4.947777777777776,4.348198485046361,0.3199999999999932,15.319999999999993,3.5799999999999996,61.97999999999999,89.05999999999996,0.35215909090909087,0.506022727272727,0.49142857142857416,2.612938502729754,-4.8799999999999955,2.240000000000009,1.7199999999999989,7,0.7085714285714292,2.373628927552551,3,10.519999999999982,3.5066666666666606,22,34.24000000000003,1.5563636363636377,1.575607352146634,0.19454545454545472,1,10,2.7272727272727275,1,1,9.88,1,train,call_8893de2fe204
131.0,24,9,15,0.6,3.4177777777777782,3.0295287495655905,0.259999999999998,6.720000000000006,2.1200000000000045,0.8864030801719867,4.390666666666665,2.986626062649164,0.3399999999999892,8.579999999999998,4.579999999999998,30.760000000000005,65.85999999999999,0.23480916030534354,0.5027480916030533,1.8885714285714301,2.918877801321531,-3.1199999999999974,4.4,2.5400000000000063,7,1.394285714285715,1.0587863672283322,3,4.719999999999999,1.573333333333333,20,38.26000000000002,1.913000000000001,1.7720909445594124,0.2920610687022902,2,7,4.122137404580153,1,1,12.06,1,train,call_88cd54e1e505
142.0,21,8,13,0.6153846153846154,6.307500000000003,7.441988501546001,0.45999999999999375,21.460000000000008,3.770000000000003,1.179863416812683,5.312307692307694,4.130306997964668,0.7800000000000011,14.399999999999999,3.96,50.46000000000002,69.06000000000004,0.3553521126760565,0.4863380281690144,1.3399999999999972,1.3617635624439361,-0.980000000000004,2.3599999999999994,1.9699999999999989,8,1.3257142857142818,0.36945261955389797,2,1.6800000000000068,0.8400000000000034,18,23.519999999999946,1.3066666666666638,0.7262474055841068,0.16563380281690104,0,5,3.380281690140845,1,0,9.52,1,train,call_88d7858b7921
153.0,35,16,19,0.8421052631578947,2.3524999999999987,1.836676346012001,0.2599999999999909,6.519999999999996,2.09,0.7807338346490976,4.47578947368421,4.188198121957928,0.2600000000000051,18.799999999999997,4.260000000000005,37.63999999999998,85.03999999999999,0.2460130718954247,0.5558169934640522,-0.9872727272727271,5.44942031946351,-17.19999999999999,1.7999999999999972,0.8000000000000007,11,2.3690909090909105,5.1920505670600985,6,22.96,3.8266666666666667,28,51.50000000000002,1.839285714285715,3.1628139470243997,0.3366013071895426,5,7,6.274509803921569,1,1,9.22,0,train,call_893d552b156a
136.0,32,17,15,1.1333333333333333,2.5529411764705925,2.6107943348382547,0.21999999999999886,8.960000000000008,1.5999999999999999,1.0226613753974714,4.541333333333332,3.0074333306152,0.5,9.279999999999987,4.140000000000001,43.40000000000007,68.11999999999999,0.31911764705882406,0.5008823529411764,-0.22363636363636566,1.8054100516352094,-4.159999999999997,1.7399999999999993,-0.10000000000002274,11,1.469999999999999,1.3134263926421208,7,9.320000000000025,1.331428571428575,24,33.01999999999996,1.375833333333332,0.926442079968432,0.24279411764705852,6,4,7.5,1,0,1.2,0,train,call_8a3996f823e4
183.0,42,14,28,0.5,4.157142857142856,4.509762791939336,0.3400000000000034,16.680000000000007,2.1299999999999955,1.0848226647276757,2.9935714285714288,3.1719934312735116,0.27999999999999936,13.319999999999993,2.4200000000000017,58.19999999999998,83.82000000000001,0.3180327868852458,0.45803278688524596,0.8750000000000012,2.472497816893968,-1.240000000000009,4.459999999999994,-0.9399999999999977,12,0.6900000000000017,2.8485849756741275,9,17.379999999999974,1.9311111111111083,32,56.83999999999999,1.7762499999999997,1.7598639060285128,0.3106010928961748,2,15,4.59016393442623,1,1,11.18,1,train,call_8a570a10920b
174.0,66,35,31,1.1290322580645162,1.177142857142856,1.0505924699021623,0.20000000000000284,4.939999999999998,0.7199999999999989,0.8924936030722261,2.934193548387095,2.074982368107496,0.20000000000000284,6.819999999999993,2.539999999999999,41.19999999999996,90.95999999999994,0.23678160919540206,0.5227586206896548,-0.7924999999999978,2.45289352941922,-6.0,3.760000000000005,-0.990000000000002,16,1.337500000000002,0.6324502615489527,10,22.779999999999994,2.2779999999999996,55,63.7000000000001,1.15818181818182,1.5357626780746443,0.3660919540229891,19,14,12.068965517241379,1,1,0.76,0,train,call_8a61615c9927
134.0,56,30,26,1.1538461538461537,1.7453333333333345,2.0229165243202227,0.28000000000000114,7.299999999999997,0.8100000000000017,1.1590430811613186,2.938461538461537,2.8010108065592223,0.23999999999999488,12.280000000000001,1.7699999999999996,52.360000000000035,76.39999999999996,0.3907462686567167,0.570149253731343,-1.9952941176470584,2.9287499843087037,-9.0,1.6000000000000005,-1.1400000000000006,17,0.13500000000000068,2.159709857056421,18,49.220000000000006,2.7344444444444447,37,54.040000000000006,1.4605405405405407,1.4402583602063,0.4032835820895523,13,9,13.432835820895521,1,0,1.14,0,train,call_8a9391c1823b
142.0,34,17,17,1.0,2.0164705882352956,1.2782260225429132,0.480000000000004,3.8599999999999994,1.5399999999999991,0.6338927182972436,3.82,4.269033848542312,0.21999999999999886,18.099999999999994,2.8000000000000007,34.28000000000002,64.94,0.2414084507042255,0.4573239436619718,2.350909090909089,0.9630935006057771,-0.240000000000002,3.299999999999997,2.4000000000000057,11,0.9400000000000002,1.427133879883422,3,2.440000000000005,0.8133333333333349,30,43.91999999999998,1.4639999999999993,1.081957357818657,0.3092957746478872,6,6,7.183098591549296,1,0,10.76,1,train,call_8ade6f74aa33
160.0,36,16,20,0.8,1.7674999999999996,1.6656670335534256,0.21999999999999886,6.280000000000001,0.9899999999999984,0.9423858747119808,4.021,3.2363818329148124,0.41999999999999993,13.060000000000002,3.3100000000000023,28.279999999999994,80.42,0.17674999999999996,0.502625,2.997777777777779,2.475630110586886,-3.1799999999999926,5.200000000000003,3.700000000000003,9,1.115555555555555,1.5980543725974334,3,6.039999999999997,2.0133333333333323,32,56.92,1.77875,1.7702337188503778,0.35575,7,10,6.0,1,1,12.72,1,train,call_8ae3fce602f3
131.0,23,10,13,0.7692307692307693,4.258000000000001,2.8837236730002807,0.5,9.48,4.470000000000002,0.6772483966651668,4.5892307692307694,4.504794596757363,0.3400000000000034,16.819999999999993,3.3400000000000034,42.58000000000001,59.660000000000004,0.32503816793893137,0.4554198473282443,2.008888888888887,0.432910049676735,1.4800000000000004,2.780000000000001,1.9400000000000013,9,0.9599999999999977,1.0831699510497597,2,1.2199999999999989,0.6099999999999994,20,28.75999999999998,1.437999999999999,0.7858726292941383,0.21954198473282427,1,4,4.580152671755726,1,0,9.16,1,train,call_8c2ebe3761bb
151.0,29,9,20,0.45,7.2666666666666675,7.38088748051344,0.5,24.540000000000006,5.34,1.0157184606211156,2.685999999999999,2.376650451459163,0.33999999999999986,9.679999999999993,2.0399999999999974,65.4,53.719999999999985,0.433112582781457,0.3557615894039734,1.957500000000002,1.544591947963697,-1.8200000000000003,2.74,2.5500000000000007,8,0.682857142857144,2.2827886037747356,2,6.219999999999999,3.1099999999999994,26,36.86000000000003,1.4176923076923087,1.3073983561020959,0.24410596026490083,1,12,3.576158940397351,1,0,11.0,1,train,call_8c6b33721067
176.0,35,15,20,0.75,3.034666666666669,3.1765971610844086,0.3199999999999932,12.480000000000004,2.480000000000004,1.0467697147685873,4.430999999999996,3.3225638483429916,0.4200000000000017,13.159999999999997,3.779999999999997,45.52000000000004,88.61999999999992,0.25863636363636383,0.5035227272727268,1.443999999999999,2.365037937210404,-5.18,2.8400000000000034,1.9599999999999937,10,1.3999999999999997,0.7449384762068147,2,5.68,2.84,32,46.940000000000026,1.4668750000000008,1.258648628874532,0.2667045454545456,5,9,5.113636363636364,1,1,10.06,1,val,call_8cafd2754e55
136.0,37,16,21,0.7619047619047619,1.6275000000000013,1.0665802048291213,0.4399999999999977,4.18,1.3000000000000043,0.6553488201715026,3.0428571428571423,2.729339009462076,0.2600000000000051,10.18,2.480000000000004,26.04000000000002,63.9,0.19147058823529428,0.4698529411764706,3.365000000000001,1.9629933410846985,-1.1200000000000045,5.0800000000000125,3.789999999999999,8,0.8914285714285702,1.2132522212553156,3,2.720000000000013,0.9066666666666711,33,47.06000000000001,1.4260606060606063,1.5007954961326753,0.346029411764706,8,13,7.0588235294117645,1,0,12.52,1,train,call_8d3ea77f4bb4
141.0,40,15,25,0.6,2.1960000000000006,1.7780277998790834,0.3400000000000034,5.539999999999999,1.6600000000000001,0.809666575536923,3.114399999999998,2.3372028866432073,0.3400000000000034,7.680000000000007,2.8,32.94000000000001,77.85999999999997,0.23361702127659584,0.5521985815602835,-0.36444444444444435,2.6840413144692414,-5.519999999999996,1.1000000000000014,0.9599999999999937,9,1.1133333333333328,0.9856469956328167,3,11.599999999999994,3.866666666666665,36,41.26000000000003,1.146111111111112,1.0957457415654088,0.2926241134751775,6,15,6.382978723404255,1,1,9.26,0,train,call_8d6cd93e02b8
164.0,37,12,25,0.48,3.7883333333333318,3.396141750262904,0.5,10.439999999999998,3.519999999999996,0.896473845207982,3.3824,2.746338896300551,0.7200000000000006,12.180000000000007,2.280000000000001,45.45999999999998,84.56,0.27719512195121937,0.515609756097561,1.0866666666666664,1.7874173004815104,-1.3200000000000074,3.0600000000000023,2.0700000000000003,12,1.305454545454548,1.2036641029486885,6,6.600000000000003,1.1000000000000005,30,39.10000000000002,1.3033333333333341,0.9147237507739078,0.2384146341463416,0,13,4.390243902439025,1,0,5.7,1,val,call_8d75a71e6126
185.0,42,14,28,0.5,2.178571428571431,1.9479450993008274,0.20000000000000284,6.5,1.7300000000000004,0.8941387341052968,4.047857142857143,3.338637288146011,0.45999999999999375,16.14,2.7400000000000087,30.500000000000036,113.34,0.16486486486486507,0.6126486486486487,0.35499999999999793,1.7703646260279013,-3.740000000000002,2.3200000000000003,1.1599999999999966,12,1.7309090909090907,0.6530766347903503,4,7.160000000000013,1.7900000000000031,37,46.27999999999997,1.25081081081081,0.9652471715069171,0.250162162162162,2,16,4.54054054054054,1,0,1.1,0,val,call_8da8b9947630
129.0,30,10,20,0.5,3.1100000000000056,2.5566340719347718,0.7400000000000091,7.879999999999999,2.6400000000000077,0.8220688334195393,3.2960000000000003,2.213076924484146,0.37999999999999545,8.780000000000001,2.8200000000000003,31.100000000000055,65.92,0.2410852713178299,0.5110077519379845,1.793333333333331,1.1374093370462537,-1.1799999999999997,2.5,2.2200000000000006,9,0.8549999999999947,1.3318408313308325,2,3.440000000000005,1.7200000000000024,27,33.77999999999995,1.2511111111111093,0.8933141980346323,0.2618604651162787,1,11,4.651162790697675,1,0,10.5,1,train,call_8e6c9fa78a21
167.0,32,12,20,0.6,3.838333333333335,4.543570548955229,0.28000000000000114,13.939999999999998,2.580000000000002,1.1837352711129552,3.865000000000001,2.7211907223435166,0.8799999999999955,9.5,3.0499999999999936,46.060000000000024,77.30000000000003,0.27580838323353307,0.4628742514970061,1.663636363636362,1.4280285202143062,-1.3000000000000114,2.980000000000004,2.1599999999999966,11,1.7927272727272732,1.1666798267656044,3,2.3800000000000026,0.7933333333333342,28,45.19999999999995,1.6142857142857128,1.015974002916993,0.27065868263473025,1,8,4.311377245508982,1,1,9.96,1,train,call_8ed994ce484f
127.0,29,11,18,0.6111111111111112,3.3545454545454563,3.2216280469239864,0.38000000000000966,9.22,1.8400000000000034,0.9603769245572854,3.397777777777778,2.234835315831772,0.3999999999999986,7.68,2.799999999999999,36.90000000000002,61.160000000000004,0.2905511811023624,0.4815748031496063,0.8381818181818179,1.9230071148168875,-1.2800000000000011,4.980000000000004,1.480000000000004,11,1.5259999999999985,0.3099892471253367,4,4.540000000000006,1.1350000000000016,24,32.319999999999986,1.3466666666666665,0.9885196075408694,0.2544881889763778,0,7,5.196850393700787,1,0,9.22,1,train,call_8ee1e10130a2
120.0,25,8,17,0.47058823529411764,5.024999999999999,4.995984101541673,0.3199999999999932,14.520000000000001,3.4599999999999937,0.9942256918490894,3.211764705882355,2.175500618518982,0.7199999999999989,7.3999999999999995,2.8800000000000097,40.19999999999999,54.60000000000003,0.3349999999999999,0.45500000000000024,1.4514285714285697,1.7952848295041195,-1.0400000000000063,3.8599999999999994,2.0,7,1.4099999999999984,0.6056731791981521,2,1.9800000000000182,0.9900000000000091,22,25.859999999999992,1.175454545454545,0.9579130454260464,0.21549999999999994,1,10,4.0,1,0,9.74,1,train,call_8f8e2145bc91
144.0,28,9,19,0.47368421052631576,5.424444444444446,5.091736224293022,0.7000000000000028,16.5,5.0,0.9386650147201391,3.3684210526315788,3.084818134668007,0.22000000000000064,11.620000000000001,2.4000000000000057,48.820000000000014,64.0,0.3390277777777779,0.4444444444444444,1.8049999999999964,1.0586109497153002,-0.7599999999999909,2.4799999999999898,2.09,8,-0.8114285714285739,5.970883319831967,3,15.199999999999992,5.066666666666664,24,44.73999999999997,1.8641666666666652,2.9778718935664026,0.3106944444444442,1,11,3.75,1,0,10.18,1,train,call_9083846f078a
133.0,34,13,21,0.6190476190476191,2.481538461538461,2.8663386812966527,0.3400000000000034,10.019999999999996,1.1000000000000014,1.1550651846514723,3.2161904761904787,2.959605507817683,0.29999999999999716,14.040000000000006,2.3999999999999986,32.25999999999999,67.54000000000003,0.24255639097744355,0.5078195488721807,0.22363636363636186,2.1530967127710388,-4.32,2.1999999999999886,1.7000000000000028,11,1.6127272727272735,0.30202949886032615,5,9.100000000000009,1.8200000000000016,28,40.69999999999998,1.4535714285714278,1.047990013684801,0.30601503759398485,2,9,5.864661654135338,1,1,9.52,1,train,call_91a25cd95998
150.0,38,15,23,0.6521739130434783,1.7839999999999983,1.5105382200678381,0.29999999999999716,5.02,1.4399999999999977,0.8467142489169505,3.0539130434782624,2.6212379780457584,0.5600000000000023,13.340000000000003,2.7,26.759999999999973,70.24000000000002,0.1783999999999998,0.46826666666666683,1.519999999999999,1.558204094462598,-1.0199999999999996,3.6799999999999997,1.5100000000000051,10,1.2700000000000018,0.526645569197688,3,2.0400000000000134,0.6800000000000045,34,53.56000000000002,1.5752941176470594,1.4009266095762813,0.35706666666666675,5,12,6.0,1,1,6.54,0,train,call_924e8a27e4de
234.0,64,43,21,2.0476190476190474,1.4906976744186051,1.8561575714988614,0.2600000000000051,9.159999999999997,0.7599999999999909,1.2451603053736509,4.068571428571435,4.886964585214718,0.3800000000000239,18.439999999999998,2.4000000000000057,64.10000000000002,85.44000000000013,0.273931623931624,0.36512820512820565,-2.895714285714289,5.502598986333241,-15.180000000000007,6.219999999999999,-1.530000000000003,14,1.7442857142857093,2.1477025803463494,14,49.70000000000006,3.5500000000000043,49,133.1399999999999,2.7171428571428553,2.733828207233707,0.5689743589743586,29,6,11.025641025641026,1,1,5.32,1,val,call_925ba94f05a4
172.0,33,12,21,0.5714285714285714,4.518333333333336,5.781056577435922,0.35999999999999943,17.279999999999998,2.3100000000000094,1.2794665977357251,3.949523809523808,3.4408174554754805,0.21999999999999886,10.900000000000006,3.239999999999995,54.220000000000034,82.93999999999997,0.3152325581395351,0.48220930232558123,-0.593999999999997,4.66585754890424,-9.120000000000001,2.6200000000000045,2.020000000000003,10,2.0079999999999987,2.1899000484547746,4,21.859999999999996,5.464999999999999,28,55.32,1.9757142857142858,2.272765371494038,0.3216279069767442,2,10,4.186046511627907,1,1,9.46,1,train,call_927c1f5f2007
153.0,34,8,26,0.3076923076923077,1.8800000000000017,1.1986182521076976,0.3400000000000034,3.319999999999993,1.730000000000004,0.6375629000572853,2.7569230769230777,2.345403622800597,0.3400000000000034,8.480000000000018,1.8799999999999994,15.040000000000013,71.68000000000002,0.09830065359477133,0.46849673202614395,2.6200000000000014,2.574516135768687,-1.1799999999999997,6.200000000000003,1.8199999999999985,7,1.648571428571426,0.9330135506595179,2,1.499999999999993,0.7499999999999964,31,65.77999999999997,2.121935483870967,2.5630261012519804,0.42993464052287567,1,18,3.1372549019607847,1,1,10.04,1,train,call_9491f635b944
168.0,56,31,25,1.24,1.543870967741935,1.4283362755769506,0.21999999999999886,5.24,0.9000000000000057,0.9251655775780502,3.3496000000000015,2.9767998477111837,0.3400000000000034,13.560000000000002,2.16,47.859999999999985,83.74000000000002,0.2848809523809523,0.4984523809523811,0.0012499999999976974,1.3661716583211665,-2.3600000000000136,1.6400000000000006,0.33999999999999586,16,0.6773333333333332,1.687057737460046,11,15.480000000000013,1.4072727272727283,44,50.219999999999985,1.141363636363636,0.867462460575328,0.2989285714285713,15,9,11.071428571428573,1,0,0.62,0,train,call_94a8c8502249
149.0,21,10,11,0.9090909090909091,5.368000000000001,6.197456108938751,0.3800000000000239,19.440000000000012,3.4099999999999966,1.1545186492061754,7.0545454545454565,3.5081173402164394,0.7999999999999972,11.159999999999997,7.739999999999998,53.680000000000014,77.60000000000002,0.36026845637583904,0.520805369127517,0.5879999999999985,3.0444441200324266,-7.0800000000000125,2.799999999999997,1.8399999999999963,10,0.29111111111110965,1.0551829751806603,4,11.800000000000011,2.950000000000003,16,21.299999999999983,1.331249999999999,0.8282984566768993,0.1429530201342281,0,1,4.026845637583892,1,0,9.78,1,val,call_957a8384caff
226.0,56,22,34,0.6470588235294118,2.539999999999999,2.8249096066448356,0.28000000000000114,11.36,1.509999999999998,1.1121691364743451,3.2670588235294113,2.526287885670083,0.26000000000000156,11.719999999999999,2.949999999999999,55.87999999999998,111.07999999999998,0.2472566371681415,0.491504424778761,0.4800000000000012,1.8505051285444298,-2.8799999999999955,3.4000000000000057,1.2199999999999989,14,1.6157142857142848,2.0588895972407952,8,11.400000000000002,1.4250000000000003,47,69.62000000000005,1.4812765957446818,1.2511587968260123,0.308053097345133,8,19,5.84070796460177,1,1,9.7,0,val,call_95ccefc6e4ce
135.0,32,12,20,0.6,2.310000000000002,1.9076592034122954,0.20000000000000284,6.100000000000001,1.7900000000000063,0.825826494983677,3.9520000000000004,2.306935994823117,0.36000000000001364,8.259999999999998,3.8299999999999983,27.720000000000024,79.04,0.2053333333333335,0.5854814814814815,0.47777777777777786,1.2665877168378208,-2.0999999999999943,1.6400000000000006,0.960000000000008,9,1.3599999999999983,0.6445153217728801,4,3.1400000000000006,0.7850000000000001,27,31.019999999999975,1.148888888888888,0.7702613609045701,0.22977777777777758,3,10,5.333333333333333,1,1,9.52,0,train,call_9741efdd34af
142.0,46,33,13,2.5384615384615383,1.0127272727272725,1.278532539494188,0.19999999999999574,7.1200000000000045,0.5399999999999991,1.2624648056046743,3.6107692307692307,2.732600902493389,0.2600000000000051,7.699999999999996,2.980000000000004,33.419999999999995,46.940000000000005,0.2353521126760563,0.3305633802816902,-1.0550000000000015,2.403862422322573,-5.039999999999999,2.0400000000000063,-1.2199999999999984,12,1.5472727272727262,1.1658566885264303,10,20.220000000000006,2.0220000000000007,35,80.2,2.2914285714285714,1.6390046169714665,0.5647887323943662,21,1,13.943661971830986,1,0,6.58,1,train,call_97701e543c60
126.0,30,15,15,1.0,2.0066666666666664,1.729271798295731,0.26,6.939999999999998,1.620000000000001,0.8617633546324243,5.11866666666667,4.178882056016326,0.960000000000008,15.120000000000005,3.3599999999999994,30.099999999999998,76.78000000000006,0.23888888888888887,0.6093650793650798,-1.1314285714285712,3.0225344143143,-7.06,1.6000000000000014,-0.980000000000004,7,1.3628571428571417,0.2777117381815346,4,11.720000000000002,2.9300000000000006,25,29.59999999999996,1.1839999999999984,1.572524509612914,0.23492063492063459,8,7,7.142857142857142,1,1,0.74,0,train,call_989dad5aa1af
215.0,45,25,20,1.25,2.4511999999999987,2.0613432513776084,0.2599999999999909,10.159999999999997,2.0999999999999943,0.8409526972003956,5.534999999999999,4.190178365755102,0.29999999999999716,15.879999999999995,5.089999999999998,61.27999999999996,110.69999999999999,0.28502325581395327,0.5148837209302325,0.6199999999999997,1.509754947002987,-2.3599999999999994,1.980000000000004,1.3799999999999955,11,1.414000000000001,1.083904464834834,4,5.619999999999983,1.4049999999999958,40,47.660000000000025,1.1915000000000007,0.8700355135692995,0.22167441860465129,14,9,6.976744186046512,1,0,9.6,0,val,call_9a3d5b0a64a3
123.0,33,11,22,0.5,1.8381818181818195,1.2676104936597696,0.4200000000000017,3.799999999999999,1.1000000000000085,0.6896001696467585,3.3772727272727265,3.5185348436369708,0.37999999999999545,16.379999999999995,2.5200000000000014,20.220000000000013,74.29999999999998,0.16439024390243914,0.6040650406504063,0.26800000000000035,1.433851069284704,-1.9000000000000057,1.5999999999999943,0.9299999999999979,10,1.5711111111111098,0.4064616969790714,3,5.34,1.78,29,32.28000000000001,1.1131034482758622,0.7990043064798823,0.26243902439024397,1,12,5.365853658536586,1,0,0.56,0,val,call_9bb847dfc83e
141.0,20,9,11,0.8181818181818182,4.900000000000001,1.8402445489662471,2.1200000000000045,7.320000000000002,4.700000000000003,0.37556011203392786,6.056363636363636,4.280344081326344,0.4199999999999875,12.739999999999995,5.360000000000014,44.10000000000001,66.61999999999999,0.3127659574468086,0.47248226950354605,2.195,0.1712975689928426,1.8999999999999995,2.3800000000000026,2.25,8,0.6857142857142884,2.0289147932072544,1,3.8799999999999955,3.8799999999999955,18,32.44,1.8022222222222222,1.0447378255730055,0.23007092198581558,1,3,3.829787234042553,1,0,9.62,1,train,call_9c2dbbd1fe2e
152.0,41,18,23,0.782608695652174,2.3277777777777775,1.393618040149476,0.29999999999999716,5.340000000000003,2.5199999999999996,0.5986903275105148,3.1095652173913053,2.5516545047208994,0.20000000000000284,8.780000000000001,2.6599999999999966,41.89999999999999,71.52000000000002,0.27565789473684205,0.47052631578947385,2.4755555555555566,0.24571889991976625,2.1999999999999957,2.960000000000008,2.4399999999999977,9,0.679999999999997,1.3162717912997426,2,2.640000000000015,1.3200000000000074,38,39.620000000000005,1.0426315789473686,0.9188026409571716,0.26065789473684214,9,14,7.105263157894737,1,0,10.5,1,train,call_9dc1a304389f
128.0,39,22,17,1.2941176470588236,1.5554545454545456,2.2189395306525697,0.23999999999999488,9.840000000000003,0.8000000000000034,1.426553760209133,3.785882352941177,2.2029271970026874,0.29999999999999716,7.839999999999996,4.0,34.220000000000006,64.36000000000001,0.26734375000000005,0.5028125000000001,-1.2507692307692295,2.4492667662604033,-6.939999999999998,1.3400000000000034,-0.29999999999999716,13,1.7383333333333306,0.7071303510197618,8,20.599999999999994,2.5749999999999993,30,49.61999999999997,1.6539999999999992,1.5242513142410334,0.38765624999999976,9,4,10.3125,1,0,0.4,0,val,call_9f11e2c5441c
158.0,44,21,23,0.9130434782608695,1.8352380952380958,1.5337262436550374,0.21999999999999886,5.739999999999998,1.720000000000006,0.8357096812858271,3.7304347826086937,2.8185997140115675,0.5999999999999943,14.159999999999997,2.6599999999999966,38.54000000000001,85.79999999999995,0.24392405063291148,0.543037974683544,-0.18909090909090887,2.5629727058455183,-5.060000000000002,2.1599999999999966,1.0600000000000023,11,1.0509090909090915,0.8490636553928662,6,13.340000000000018,2.2233333333333363,37,45.62000000000004,1.232972972972974,1.234010770853553,0.2887341772151901,10,11,7.974683544303797,1,1,1.02,0,train,call_a0fbbe7bfec4
137.0,35,17,18,0.9444444444444444,2.247058823529411,2.2774101648195773,0.32000000000000006,7.66,1.3799999999999955,1.0135071414118542,4.201111111111113,2.780981394461291,0.3400000000000034,10.020000000000003,4.550000000000004,38.19999999999998,75.62000000000003,0.27883211678832104,0.5519708029197082,0.13800000000000026,2.6458428608752347,-6.460000000000001,3.0,0.9299999999999997,10,0.288000000000001,1.6151284778617474,6,13.079999999999998,2.1799999999999997,28,35.27999999999999,1.2599999999999996,1.4658684696692166,0.2575182481751824,7,7,7.445255474452555,1,1,0.94,0,train,call_a2aa58c1750b
111.0,44,24,20,1.2,1.1175000000000004,1.036487588801299,0.29999999999999716,3.7799999999999994,0.7399999999999984,0.9275056723054127,2.4419999999999993,1.5100909697240443,0.37999999999999545,5.119999999999997,1.8599999999999994,26.82000000000001,48.83999999999998,0.2416216216216217,0.43999999999999984,-0.7583333333333325,2.147039540362214,-4.259999999999991,2.4000000000000057,-1.0799999999999983,12,1.2366666666666666,1.4118674502125554,11,16.80000000000001,1.5272727272727282,32,50.960000000000015,1.5925000000000002,1.3607659133619354,0.45909909909909924,12,7,12.972972972972972,1,1,4.24,1,train,call_a381913d938c
129.0,26,11,15,0.7333333333333333,2.4854545454545462,1.3973715585796318,0.4000000000000057,5.18,2.5999999999999943,0.5622197199844896,4.530666666666665,3.405087510238314,0.3199999999999932,13.5,3.96,27.340000000000007,67.95999999999998,0.21193798449612408,0.5268217054263564,1.7644444444444456,1.1814727156298512,-1.2999999999999972,2.739999999999995,2.1000000000000014,9,1.4599999999999995,0.5887274411813999,1,1.2999999999999972,1.2999999999999972,24,33.62000000000001,1.4008333333333338,0.7806458678648669,0.2606201550387598,2,5,5.116279069767442,1,1,9.92,1,val,call_a3a1f51a4bf9
139.0,38,20,18,1.1111111111111112,1.2360000000000013,1.1253556163088603,0.20000000000000284,4.220000000000001,0.8699999999999974,0.9104818902175236,3.5322222222222233,2.7024097210921965,0.28000000000000114,10.760000000000005,2.7200000000000024,24.720000000000027,63.58000000000002,0.17784172661870523,0.4574100719424462,2.3474999999999993,1.644312709223609,-1.2199999999999989,4.5600000000000005,2.559999999999995,8,1.9571428571428555,1.5451182725573052,2,2.0799999999999983,1.0399999999999991,35,51.779999999999966,1.4794285714285704,1.2291028360200806,0.37251798561151056,12,10,8.633093525179856,1,0,12.74,1,train,call_a426226cf8b9
165.0,40,18,22,0.8181818181818182,2.247777777777779,2.737763268147614,0.2400000000000091,10.180000000000007,1.3700000000000045,1.2179866244848498,4.070909090909091,3.0804559172318413,0.3399999999999892,10.280000000000001,2.9500000000000055,40.46000000000002,89.56,0.24521212121212135,0.5427878787878788,0.06166666666666595,2.462909710570859,-6.299999999999997,2.559999999999988,0.8900000000000006,12,1.386666666666665,0.5953354033015686,5,10.679999999999993,2.1359999999999983,34,44.199999999999974,1.2999999999999992,1.1448117484520937,0.2678787878787877,6,9,6.545454545454546,1,1,0.42,0,train,call_a4683528fef4
181.0,34,15,19,0.7894736842105263,3.700000000000001,3.396300508326249,0.8599999999999994,13.78,3.0,0.9179190563043914,4.126315789473685,3.6569450069184417,0.4200000000000017,12.039999999999992,2.6199999999999974,55.500000000000014,78.4,0.30662983425414375,0.4331491712707183,2.355999999999998,2.408684288154013,-1.240000000000002,5.060000000000002,3.3599999999999994,10,0.436000000000001,3.86776765934391,5,15.200000000000006,3.0400000000000014,28,61.03999999999999,2.1799999999999997,2.1874253426413497,0.33723756906077346,5,8,4.972375690607735,1,1,12.22,1,train,call_a49598543013
123.0,30,15,15,1.0,1.6159999999999997,1.1164791598080601,0.3200000000000074,3.919999999999998,1.5,0.6908905691881562,3.6173333333333324,2.8179411599521353,0.3399999999999892,10.64,3.479999999999997,24.239999999999995,54.259999999999984,0.19707317073170727,0.4411382113821137,3.4074999999999998,0.6208692063781006,2.8400000000000034,4.700000000000003,3.2099999999999973,8,1.4600000000000004,0.7349376390778591,1,0.18000000000000682,0.18000000000000682,28,43.34000000000003,1.547857142857144,1.3470663794660709,0.35235772357723605,7,7,7.317073170731708,1,0,12.22,1,train,call_a6481017c744
136.0,33,9,24,0.375,3.0711111111111156,1.6881087379405098,0.44000000000001194,6.0,2.9000000000000057,0.5496736122092825,3.095000000000001,2.6213852959008537,0.259999999999998,11.559999999999988,2.4000000000000004,27.64000000000004,74.28000000000003,0.20323529411764735,0.5461764705882355,1.8955555555555534,0.22288512237872263,1.5,2.219999999999999,1.8999999999999773,9,1.324999999999998,0.36781206381209813,0,0.0,0.0,32,32.79999999999994,1.0249999999999981,0.7159744093462486,0.24117647058823485,0,15,3.9705882352941178,1,0,10.52,1,train,call_a71916766a4f
93.0,33,20,13,1.5384615384615385,1.476,1.94722582692728,0.20000000000000284,6.84,0.5399999999999991,1.3192586903301355,3.566153846153846,2.0744699662867236,0.21999999999999886,6.859999999999999,3.799999999999997,29.52,46.36,0.3174193548387097,0.49849462365591396,-2.1022222222222218,1.8900117577529607,-4.119999999999999,0.9800000000000004,-2.719999999999999,9,1.182499999999999,0.8384637312200427,8,20.159999999999997,2.5199999999999996,24,36.019999999999996,1.5008333333333332,1.2567103940418243,0.3873118279569892,11,4,12.903225806451612,1,0,3.02,0,train,call_a766613f8c8a
123.0,51,30,21,1.4285714285714286,1.1373333333333335,1.178341714190879,0.19999999999998863,5.0,0.6000000000000014,1.0360566068501278,3.5133333333333354,2.9483306010916297,0.28000000000000114,9.379999999999995,2.9000000000000004,34.120000000000005,73.78000000000004,0.2773983739837399,0.5998373983739841,-1.1280000000000003,3.0519296003863325,-8.2,2.3799999999999955,-0.23999999999999488,15,0.6271428571428557,1.5314871031950403,13,29.399999999999967,2.261538461538459,37,43.85999999999992,1.185405405405403,0.9076911938006791,0.3565853658536579,15,6,14.634146341463415,1,0,9.0,0,val,call_a7c95e99f3b6
173.0,31,15,16,0.9375,3.844,3.0494514729233337,0.3999999999999986,13.14,3.5,0.7933016318739162,4.433749999999998,3.8466936018698825,0.22000000000000242,14.800000000000011,4.069999999999993,57.66,70.93999999999997,0.33329479768786124,0.4100578034682079,1.4254545454545462,3.036960202690722,-7.619999999999997,3.379999999999999,2.0200000000000102,11,1.180000000000001,1.8745073426844159,3,11.64,3.8800000000000003,27,54.42000000000004,2.0155555555555567,1.781074294078055,0.3145664739884395,4,5,5.202312138728324,1,0,9.94,1,train,call_a7df1d46e72b
168.0,50,21,29,0.7241379310344828,2.009523809523808,1.3729037700817777,0.2600000000000051,5.779999999999998,1.8599999999999994,0.6831985585715012,2.8468965517241385,2.2215006244947424,0.2600000000000051,8.099999999999994,2.4200000000000017,42.199999999999974,82.56000000000002,0.251190476190476,0.49142857142857155,0.3092307692307674,1.6538362551880281,-1.7399999999999949,2.4399999999999995,-0.6200000000000045,13,1.744615384615389,0.5634509056492175,7,7.3000000000000185,1.0428571428571456,41,49.64000000000003,1.210731707317074,0.940724163195309,0.29547619047619067,8,15,7.500000000000001,1,1,10.74,1,train,call_a7ea289a43fd
163.0,28,11,17,0.6470588235294118,5.6800000000000015,6.791795049911327,0.37999999999999545,23.78,3.180000000000007,1.1957385651252332,3.5294117647058805,3.3737154418167736,0.23999999999998067,11.68,1.9000000000000001,62.48000000000002,59.999999999999964,0.38331288343558295,0.3680981595092022,1.5420000000000034,1.435779308327787,-1.1599999999999966,2.66,2.000000000000007,10,2.0822222222222204,0.6321743781935769,2,2.259999999999991,1.1299999999999955,25,41.30000000000002,1.6520000000000004,0.8743187824434114,0.25337423312883445,1,7,4.049079754601227,1,0,10.84,1,train,call_a8ca5b456ce4
100.0,22,7,15,0.4666666666666667,2.102857142857144,2.2073340955831338,0.3200000000000003,6.700000000000001,1.9000000000000057,1.0496833334974136,2.026666666666667,2.456683788788301,0.28000000000000114,8.540000000000006,0.98,14.72000000000001,30.400000000000002,0.1472000000000001,0.30400000000000005,1.4833333333333336,0.9353003082789326,0.34000000000000075,2.8200000000000003,1.740000000000002,6,1.0299999999999976,6.023404353021636,3,9.100000000000001,3.0333333333333337,18,54.95999999999999,3.053333333333333,3.8204650163529137,0.5495999999999999,1,8,4.2,1,1,4.08,1,train,call_a9d29125d786
119.0,35,17,18,0.9444444444444444,1.5447058823529407,1.4877420712570553,0.21999999999999886,4.859999999999999,0.74,0.9631231992143925,3.5466666666666655,2.2545953073667127,0.35999999999999943,7.780000000000001,2.979999999999997,26.259999999999987,63.83999999999998,0.22067226890756292,0.5364705882352939,-0.3618181818181824,2.1438554903809117,-4.740000000000009,1.6799999999999997,1.0,11,1.8980000000000026,1.0418978410147053,5,11.660000000000018,2.3320000000000034,29,38.64000000000005,1.3324137931034499,1.0409942197328652,0.3247058823529416,6,7,8.571428571428571,1,0,0.76,0,val,call_abf730747901
146.0,21,7,14,0.5,6.337142857142857,5.617679575191504,0.8400000000000034,17.18,6.5,0.8864688238579921,4.895714285714285,3.9662745827708465,0.28000000000000114,13.33999999999999,4.530000000000002,44.36,68.53999999999999,0.30383561643835616,0.4694520547945205,3.6133333333333333,0.7594383889866686,2.280000000000001,4.26,3.870000000000001,6,-1.2320000000000029,5.241175440681224,1,10.540000000000006,10.540000000000006,19,42.680000000000014,2.246315789473685,2.962934376080421,0.29232876712328776,1,8,2.8767123287671237,1,0,11.92,1,train,call_ac80248cae29
148.0,36,15,21,0.7142857142857143,2.2280000000000006,1.987227789085664,0.29999999999999716,6.02000000000001,1.6599999999999966,0.89193347804563,3.572380952380952,2.271453069649263,0.3399999999999892,7.560000000000002,3.3799999999999955,33.42000000000001,75.02,0.22581081081081086,0.5068918918918919,0.6818181818181811,1.7021505114520168,-4.219999999999999,1.7199999999999989,1.240000000000009,11,1.8890909090909092,1.4492857174860636,3,5.439999999999998,1.8133333333333326,32,44.43999999999999,1.3887499999999997,0.998798471713276,0.3002702702702702,4,9,6.081081081081081,1,1,9.22,0,train,call_acda78859d0d
116.0,31,18,13,1.3846153846153846,1.1777777777777763,0.9828144194132148,0.28000000000000114,3.4400000000000013,0.6299999999999937,0.8344650730866929,4.621538461538463,3.0393580631273824,0.22000000000000242,8.399999999999991,4.980000000000004,21.199999999999974,60.08000000000002,0.18275862068965495,0.5179310344827588,2.616666666666667,0.9589508155618142,1.1999999999999993,4.140000000000001,2.630000000000001,6,0.2766666666666717,1.685676916454241,2,3.26,1.63,28,37.50000000000001,1.3392857142857146,1.2377935224555043,0.3232758620689656,12,6,9.310344827586206,1,1,11.8,1,train,call_ad8e23b11d98
116.0,22,11,11,1.0,1.6272727272727279,1.2943345078386121,0.46000000000000796,4.300000000000001,0.9399999999999977,0.7954010942024988,7.121818181818184,6.0598313807924,1.3200000000000074,22.879999999999995,6.280000000000001,17.900000000000006,78.34000000000002,0.15431034482758627,0.6753448275862071,0.6559999999999979,2.773842901904223,-5.279999999999998,3.4000000000000004,2.1299999999999955,10,0.9039999999999992,0.32602658378318417,4,8.880000000000006,2.2200000000000015,17,27.839999999999975,1.637647058823528,1.0049100047502058,0.2399999999999998,1,0,5.689655172413793,1,1,11.96,1,train,call_adf30039caa2
128.0,38,16,22,0.7272727272727273,2.0812499999999985,2.0453455290814126,0.28000000000000114,6.699999999999989,1.2500000000000053,0.9827486025616404,2.6518181818181814,2.374159773906262,0.21999999999999886,8.119999999999997,1.8800000000000026,33.299999999999976,58.33999999999999,0.2601562499999998,0.4557812499999999,1.276666666666667,1.9110174982945294,-1.2999999999999972,3.3200000000000003,2.170000000000002,12,0.8872727272727281,1.6951288500234492,7,8.860000000000003,1.2657142857142862,30,44.62000000000003,1.4873333333333345,1.0959799058481814,0.34859375000000026,4,10,7.5,1,0,10.02,1,train,call_aed9b45d6c31
142.0,23,11,12,0.9166666666666666,4.014545454545454,2.4685719095718603,0.3000000000000007,7.799999999999997,3.5999999999999996,0.6149069521125559,5.138333333333332,2.906387427509944,1.3199999999999932,11.459999999999994,4.82,44.15999999999999,61.65999999999998,0.3109859154929577,0.43422535211267593,2.5899999999999994,2.228497251512777,-1.7800000000000011,4.339999999999999,3.509999999999998,6,1.6440000000000055,0.411193385160803,1,1.7800000000000011,1.7800000000000011,21,36.260000000000026,1.726666666666668,1.6044105875159673,0.2553521126760565,5,6,4.647887323943662,1,0,12.04,1,val,call_af9ad367dcce
155.0,37,12,25,0.48,2.388333333333333,1.1606724800996207,0.6800000000000068,5.34,2.1199999999999974,0.48597591630130665,3.1943999999999995,2.6654800693308522,0.28000000000000114,12.780000000000001,2.719999999999999,28.659999999999997,79.85999999999999,0.1849032258064516,0.5152258064516128,1.8719999999999986,1.748502851648299,-1.3800000000000097,4.039999999999999,2.209999999999998,10,1.5577777777777793,0.2585429257288704,2,2.3600000000000136,1.1800000000000068,34,45.52000000000004,1.3388235294117659,1.0355843459667617,0.293677419354839,2,15,4.64516129032258,1,0,9.84,1,train,call_b0836ff3142a
160.0,21,11,10,1.1,5.669090909090912,6.366093707361611,0.5800000000000125,21.16000000000001,3.3200000000000003,1.1229478957821952,6.711999999999999,5.035061072122166,0.30000000000001137,16.22,6.31,62.36000000000003,67.11999999999999,0.38975000000000015,0.41949999999999993,2.1828571428571384,0.6076653214205542,1.8199999999999932,3.5,1.88,7,1.9833333333333307,0.8511090803573106,0,0.0,0.0,20,29.95999999999999,1.4979999999999996,1.0008606822446127,0.18724999999999994,4,3,4.125,1,0,9.58,1,train,call_b167dd907a80
185.0,28,8,20,0.4,8.317500000000004,6.2583104748805765,3.640000000000015,20.299999999999997,5.5,0.7524268680349352,4.074999999999998,2.923472160579645,0.4199999999999946,11.080000000000005,3.7900000000000063,66.54000000000003,81.49999999999997,0.3596756756756759,0.44054054054054037,2.3099999999999943,0.33823069050575005,1.7999999999999972,2.759999999999991,2.349999999999995,8,1.6999999999999988,0.4062839729384667,0,0.0,0.0,27,35.019999999999996,1.297037037037037,0.9008833904512141,0.18929729729729727,0,12,2.5945945945945943,1,0,10.64,1,train,call_b2594d9c3ffd
126.0,26,9,17,0.5294117647058824,2.551111111111112,1.894204611733145,0.38000000000000256,6.5000000000000036,1.7399999999999998,0.7425018077351175,4.2823529411764705,3.17999121345438,0.4399999999999977,10.440000000000005,3.46,22.960000000000004,72.8,0.18222222222222226,0.5777777777777777,1.1800000000000022,0.9917949096749521,-0.94,2.0199999999999996,1.5299999999999994,8,1.5549999999999957,0.45578817135030975,1,0.94,0.94,24,29.419999999999998,1.2258333333333333,0.7671172274038102,0.23349206349206347,1,8,4.285714285714286,1,1,1.1,0,train,call_b382ffa5187d
126.0,33,14,19,0.7368421052631579,2.2557142857142822,1.7139460286167096,0.28000000000000114,5.859999999999999,1.6999999999999993,0.7598240785507907,2.758947368421052,2.3262126938601337,0.4399999999999977,8.879999999999995,2.16,31.57999999999995,52.41999999999998,0.2506349206349202,0.41603174603174586,1.5000000000000018,1.7316548649856798,-1.019999999999996,3.4399999999999977,2.250000000000007,8,1.3800000000000017,0.45506671410433286,3,1.5399999999999991,0.5133333333333331,29,42.680000000000064,1.4717241379310366,2.236627034758105,0.3387301587301592,6,10,6.666666666666666,1,1,20.74,1,train,call_b3f14bd5c2b6
141.0,43,23,20,1.15,3.8286956521739124,5.690185573222329,0.30000000000000426,26.86,2.539999999999992,1.486194278720345,3.6109999999999998,3.275307779832545,0.28000000000000114,14.76000000000002,3.1800000000000033,88.05999999999999,72.22,0.6245390070921985,0.5121985815602836,-0.5199999999999986,1.7971772739065413,-4.739999999999995,1.5799999999999983,0.12999999999999723,14,-2.307142857142858,7.1114495207175805,14,54.81999999999997,3.915714285714284,28,34.08,1.217142857142857,1.9095914962472187,0.24170212765957447,9,5,9.787234042553191,1,1,0.38,0,train,call_b41c86402714
136.0,32,18,14,1.2857142857142858,2.252222222222223,1.4153800385743656,0.8000000000000043,5.980000000000004,1.9400000000000013,0.6284371162885686,3.795714285714285,5.600264711169002,0.22000000000000242,22.28,2.25,40.54000000000001,53.139999999999986,0.29808823529411776,0.39073529411764696,3.9366666666666656,3.4444951250751794,-1.2600000000000051,7.0,5.5,6,0.9160000000000018,1.426982831010943,3,2.5200000000000067,0.8400000000000022,28,43.46000000000001,1.5521428571428575,2.0410697216081592,0.31955882352941184,12,8,7.9411764705882355,1,0,14.04,1,train,call_b5840ec7dd5e
114.0,24,10,14,0.7142857142857143,1.832,1.3452864213822853,0.29999999999999716,3.619999999999999,1.7900000000000027,0.7343266492261382,4.8728571428571446,2.578235617840018,0.46000000000000085,9.660000000000002,4.400000000000006,18.32,68.22000000000003,0.1607017543859649,0.5984210526315792,0.7657142857142848,1.7741369464508359,-3.239999999999995,1.6599999999999966,1.2999999999999972,7,1.6085714285714268,0.34231703489740956,1,3.239999999999995,3.239999999999995,22,29.599999999999966,1.345454545454544,0.953573366082633,0.25964912280701724,3,6,5.2631578947368425,1,1,8.96,0,train,call_b5c4803ea37c
160.0,54,28,26,1.0769230769230769,1.4499999999999973,1.3038347998060131,0.21999999999999886,5.219999999999999,1.1000000000000014,0.8991964136593211,3.4299999999999997,2.3857594178793478,0.4200000000000017,9.36,2.8599999999999994,40.59999999999992,89.17999999999999,0.25374999999999953,0.557375,-0.7074999999999971,1.7642354340242283,-4.419999999999998,2.0799999999999983,-0.5799999999999983,16,1.276,0.7993282894316444,12,18.29999999999996,1.5249999999999968,41,46.92000000000005,1.1443902439024405,0.9030449844290374,0.29325000000000034,12,10,10.5,1,0,0.76,0,val,call_b5cc1f8d8fee
189.0,54,24,30,0.8,1.8491666666666646,1.3957199067044275,0.29999999999999716,5.699999999999999,1.6399999999999988,0.7547831852389882,3.521999999999999,2.1284629390145886,0.46000000000000796,8.719999999999999,3.3599999999999994,44.37999999999995,105.65999999999998,0.23481481481481456,0.5590476190476189,0.007999999999998201,1.4465881040770183,-2.4200000000000017,1.9799999999999898,0.9200000000000017,15,1.0680000000000027,0.9870822805477913,9,12.240000000000007,1.3600000000000008,44,50.68000000000008,1.1518181818181836,0.7105624131049613,0.2681481481481486,9,14,7.6190476190476195,1,1,0.96,0,val,call_b658b1155216
206.0,56,41,15,2.7333333333333334,1.5380487804878054,1.5721374296037138,0.2600000000000193,6.079999999999998,1.1199999999999903,1.022163568248529,5.288000000000001,4.110674605741217,0.4399999999999977,16.28,3.96,63.06000000000001,79.32000000000001,0.306116504854369,0.3850485436893204,-1.723076923076922,5.117133612703153,-12.620000000000005,5.340000000000003,-1.1999999999999886,13,1.3516666666666632,1.1014191946866765,10,37.34000000000002,3.7340000000000018,45,99.32,2.207111111111111,2.4360779042459946,0.48213592233009706,28,2,11.941747572815535,1,0,3.96,1,val,call_b712f501aeb8
156.0,37,14,23,0.6086956521739131,2.582857142857143,1.8393453207027795,0.28000000000000114,5.32,2.7399999999999984,0.7121359095641291,3.125217391304349,2.0030360355429924,0.29999999999999716,6.019999999999982,3.980000000000004,36.160000000000004,71.88000000000002,0.23179487179487182,0.46076923076923093,2.5514285714285703,2.926724156068399,-4.0,4.219999999999999,3.5600000000000023,7,1.4000000000000006,1.8206592212712416,4,4.740000000000002,1.1850000000000005,32,52.239999999999974,1.6324999999999992,1.7087535544008146,0.3348717948717947,7,15,5.384615384615384,1,1,12.28,1,train,call_b72eccd91b8c
133.0,37,18,19,0.9473684210526315,1.8099999999999998,1.6257088951484229,0.2799999999999976,6.32,1.0,0.8981817100267531,3.913684210526314,4.388991545175923,0.519999999999996,20.0,2.7199999999999998,32.58,74.35999999999997,0.24496240601503758,0.559097744360902,0.4600000000000002,1.6677039196561139,-2.0599999999999996,2.760000000000005,1.1899999999999977,12,0.740000000000001,1.3031151487528232,7,9.379999999999999,1.3399999999999999,29,34.400000000000034,1.1862068965517254,0.7975337601143714,0.2586466165413536,6,6,8.120300751879698,1,1,1.12,0,train,call_b78e6c8e05d3
160.0,33,11,22,0.5,2.799999999999997,2.902633287206636,0.2599999999999909,8.6,1.6999999999999957,1.0366547454309425,4.417272727272728,2.8328702957520178,0.3999999999999915,9.14,4.540000000000006,30.79999999999997,97.18000000000002,0.1924999999999998,0.6073750000000001,1.3360000000000025,1.738934539691857,-1.2199999999999989,4.1200000000000045,1.810000000000004,10,1.2880000000000007,0.35140353504830596,3,2.9199999999999875,0.9733333333333292,29,33.70000000000001,1.1620689655172418,0.8940173348844496,0.21062500000000006,1,11,4.125,1,1,9.94,1,train,call_b7c3a7552903
130.0,38,15,23,0.6521739130434783,1.6373333333333326,1.404500250046595,0.21999999999999886,4.379999999999999,1.1599999999999966,0.8577973839861129,2.856521739130435,2.2136161461933157,0.2799999999999976,8.36,2.6400000000000006,24.559999999999988,65.7,0.18892307692307683,0.5053846153846154,0.9983333333333331,2.1372107282553365,-2.740000000000002,4.640000000000001,1.870000000000001,12,1.5072727272727284,0.9769860890421193,5,6.68000000000001,1.336000000000002,32,45.160000000000025,1.4112500000000008,1.0780141539557966,0.34738461538461557,3,11,6.923076923076923,1,0,10.06,1,train,call_b956718b62ae
137.0,56,33,23,1.434782608695652,1.3230303030303041,2.0945293099651354,0.2400000000000091,10.559999999999995,0.46000000000000796,1.5831302617693406,3.348695652173914,2.5193565274198417,0.4000000000000057,10.799999999999997,2.780000000000001,43.66000000000004,77.02000000000004,0.3186861313868616,0.5621897810218981,-1.4541176470588244,1.5124775156325867,-4.099999999999994,0.9400000000000119,-1.0399999999999991,17,0.8637499999999967,1.6058263708549951,18,30.28000000000003,1.6822222222222238,37,47.13999999999995,1.2740540540540528,1.0187232190330175,0.34408759124087557,16,6,14.452554744525548,1,0,2.74,0,train,call_b96e9305d9a2
165.0,52,28,24,1.1666666666666667,1.3521428571428573,1.2175182929429818,0.20000000000000284,4.039999999999992,0.8499999999999943,0.9004361384681322,3.7499999999999996,3.28334929739369,0.36000000000001364,13.780000000000001,2.8099999999999996,37.86000000000001,89.99999999999999,0.2294545454545455,0.5454545454545454,0.03866666666666501,1.6829814813795985,-4.32,1.92,0.799999999999983,15,1.0728571428571425,0.8602542430220035,6,10.5,1.75,45,44.959999999999994,0.999111111111111,0.764995015498386,0.27248484848484844,13,9,10.181818181818182,1,0,9.92,0,train,call_bac44092a11a
149.0,27,13,14,0.9285714285714286,3.2769230769230755,3.178656384426667,0.40000000000000213,11.280000000000001,2.219999999999999,0.9700125116794998,4.895714285714285,3.830285617560124,0.4400000000000013,15.420000000000016,3.9499999999999957,42.59999999999998,68.53999999999999,0.28590604026845623,0.45999999999999996,1.380000000000002,2.734867455654846,-4.960000000000001,4.220000000000001,2.0400000000000063,9,2.0266666666666673,1.8822592807581007,3,6.960000000000004,2.3200000000000016,23,43.90000000000003,1.9086956521739142,1.3291258383129676,0.2946308724832217,4,4,5.23489932885906,1,1,11.88,1,train,call_bba20372ca37
112.0,35,18,17,1.0588235294117647,1.441111111111112,1.1853115196828259,0.240000000000002,4.359999999999999,1.0900000000000034,0.8224983559865403,3.094117647058825,3.097012792239342,0.3999999999999986,10.680000000000007,2.12,25.940000000000015,52.600000000000016,0.23160714285714298,0.4696428571428573,-0.24571428571428758,4.6741232944188145,-10.260000000000005,2.740000000000002,2.299999999999997,7,1.623333333333332,0.7857141125540936,3,11.66000000000001,3.8866666666666703,31,43.59999999999998,1.4064516129032252,2.196277985421543,0.3892857142857141,11,10,9.642857142857142,1,0,10.6,1,train,call_bc24a38d8bf2
192.0,52,20,32,0.625,1.5989999999999995,1.152653232192667,0.26000000000000156,3.58,1.1499999999999986,0.7208588068747138,3.4749999999999996,2.3942889037955966,0.3400000000000034,11.400000000000006,3.530000000000001,31.97999999999999,111.2,0.16656249999999995,0.5791666666666667,0.0900000000000005,2.2704760598741283,-5.400000000000006,2.039999999999999,1.1100000000000065,14,1.3671428571428568,1.319337995834558,6,15.100000000000007,2.516666666666668,45,62.46000000000002,1.3880000000000006,1.2058599345770555,0.3253125000000001,6,17,6.25,1,1,9.16,0,val,call_bc2c7c34acea
157.0,49,24,25,0.96,1.684166666666665,1.1278448731855886,0.3399999999999963,4.800000000000001,1.3000000000000007,0.6696753329157386,3.091999999999999,2.555660384323394,0.28000000000000114,8.2,2.1999999999999886,40.41999999999996,77.29999999999998,0.2574522292993628,0.49235668789808906,0.8733333333333344,1.6831220989577662,-2.3200000000000003,2.879999999999999,1.3200000000000003,9,0.5222222222222239,1.2105141240169186,6,6.179999999999993,1.0299999999999987,42,44.14000000000004,1.050952380952382,0.8402229945698629,0.2811464968152869,15,15,9.171974522292993,1,1,10.04,0,train,call_bc7120020303
273.0,74,32,42,0.7619047619047619,1.9043750000000021,1.176860058279744,0.21999999999999886,5.140000000000001,1.5399999999999991,0.6179770571866059,3.5138095238095253,2.9884411079217936,0.20000000000001705,10.840000000000003,2.729999999999994,60.94000000000007,147.58000000000007,0.22322344322344348,0.5405860805860808,0.8435294117647064,2.20087749879585,-3.7399999999999807,6.940000000000005,0.8000000000000114,17,1.0470588235294112,1.5695690678729424,9,12.000000000000014,1.3333333333333348,64,76.13999999999989,1.189687499999998,1.1976484482332677,0.2789010989010985,15,24,7.032967032967033,1,1,9.4,0,train,call_bd2262567810
151.0,43,22,21,1.0476190476190477,1.5118181818181826,1.274940283806549,0.21999999999999886,4.179999999999993,1.0900000000000105,0.843315882253279,3.746666666666666,4.580481779609361,0.4000000000000057,21.540000000000006,2.4000000000000057,33.26000000000002,78.67999999999999,0.2202649006622518,0.5210596026490065,-1.1,6.25340227396255,-19.0,3.6599999999999984,1.2000000000000028,11,1.096363636363634,1.758404235250087,6,27.41999999999999,4.5699999999999985,36,65.29999999999998,1.8138888888888889,1.5435381947752873,0.4324503311258277,11,9,8.741721854304636,1,1,6.32,0,val,call_bd98a8224da0
143.0,38,17,21,0.8095238095238095,1.8917647058823501,1.5922163612953075,0.2799999999999869,6.32,1.7000000000000028,0.8416566586449088,3.7295238095238097,2.6149158231011485,0.3199999999999932,8.040000000000006,2.96,32.159999999999954,78.32000000000001,0.2248951048951046,0.5476923076923077,0.7200000000000006,1.3652187451914888,-2.48,1.8399999999999999,1.1499999999999986,10,1.2440000000000015,1.1087049502309774,3,4.720000000000006,1.5733333333333352,34,36.500000000000036,1.0735294117647067,0.7619388440938272,0.2552447552447555,7,10,7.132867132867133,1,1,0.82,0,train,call_bda847d77eef
158.0,37,15,22,0.6818181818181818,1.949333333333334,1.7974722992765884,0.259999999999998,7.0,1.2999999999999972,0.9220959127615874,3.541818181818181,2.5765307726690994,0.37999999999999545,9.460000000000008,3.080000000000009,29.24000000000001,77.91999999999999,0.18506329113924055,0.4931645569620252,2.4566666666666648,0.6264957858573087,1.8599999999999994,4.339999999999989,2.3699999999999974,12,1.0050000000000008,1.4013532420809915,2,3.059999999999995,1.5299999999999976,34,52.57999999999999,1.5464705882352936,1.0368334144942288,0.33278481012658223,3,9,5.69620253164557,1,1,10.66,1,train,call_bdfa814252df
130.0,40,19,21,0.9047619047619048,1.2789473684210535,1.0806268486230173,0.2400000000000091,3.4000000000000057,1.1199999999999974,0.8449345729974204,3.558095238095238,3.174453683781855,0.28000000000000114,12.799999999999997,3.0799999999999983,24.30000000000002,74.72,0.18692307692307705,0.5747692307692308,-1.0030769230769236,2.654767361481932,-8.2,1.3200000000000003,-0.8600000000000003,13,1.2969230769230768,1.0007945561351466,9,19.840000000000007,2.2044444444444453,30,49.339999999999996,1.6446666666666667,1.8170736863454915,0.3795384615384615,6,7,8.76923076923077,1,1,0.9,0,val,call_be72006df132
166.0,49,23,26,0.8846153846153846,1.8339130434782593,1.769452249941246,0.21999999999999886,7.699999999999999,1.0799999999999983,0.9648506815706186,3.196153846153844,2.618017688134406,0.23999999999998067,10.060000000000002,2.8800000000000034,42.179999999999964,83.09999999999995,0.25409638554216846,0.500602409638554,0.4914285714285744,1.5570527244808348,-2.5,2.519999999999996,1.230000000000011,14,1.1657142857142868,0.9636606032425313,6,8.519999999999992,1.4199999999999988,42,48.40000000000007,1.1523809523809543,0.6981781501768989,0.29156626506024136,9,11,8.313253012048193,1,1,9.32,0,val,call_bf0384ed27ed
149.0,39,22,17,1.2941176470588236,1.7709090909090899,2.241408802497531,0.21999999999999886,9.280000000000001,0.9499999999999993,1.2656825886793046,4.8635294117647065,3.4884898974636416,0.3000000000000007,13.120000000000005,4.6200000000000045,38.95999999999998,82.68,0.261476510067114,0.5548993288590605,-0.6766666666666662,3.3118172252304845,-8.600000000000001,2.5,0.2600000000000011,12,1.285454545454548,0.6534885406242983,7,18.720000000000002,2.674285714285715,31,44.44,1.433548387096774,0.9028899836528509,0.29825503355704697,10,5,8.859060402684564,1,0,6.38,0,train,call_bf4ed1a05c84
183.0,28,12,16,0.75,5.900000000000002,6.363058155549818,0.29999999999999716,17.88,3.0800000000000125,1.0784844331440366,4.452500000000002,4.117299276629441,0.2600000000000193,15.379999999999995,2.710000000000008,70.80000000000003,71.24000000000004,0.3868852459016395,0.389289617486339,0.73555555555555,3.3362220816033514,-5.5,4.640000000000001,0.5999999999999943,9,1.9775000000000023,0.24081706156926863,4,8.980000000000047,2.2450000000000117,23,48.879999999999995,2.1252173913043477,2.019362792307644,0.267103825136612,3,7,3.934426229508197,1,0,12.32,1,val,call_c04725672945
91.0,20,7,13,0.5384615384615384,2.934285714285713,2.8328010704533964,0.4399999999999977,7.460000000000001,1.1799999999999926,0.9654141914884997,3.4538461538461513,4.087545185196811,0.3999999999999986,15.539999999999992,2.480000000000004,20.53999999999999,44.89999999999997,0.2257142857142856,0.4934065934065931,1.7657142857142871,2.1564697783094253,-1.4599999999999937,4.000000000000001,2.6199999999999974,7,1.4700000000000013,0.9545470129857407,3,3.039999999999992,1.0133333333333308,16,27.32000000000003,1.7075000000000018,1.1290320337941397,0.3002197802197805,0,6,4.615384615384616,1,0,11.64,1,train,call_c1cbe639d50f
110.0,29,11,18,0.6111111111111112,1.8727272727272721,1.906059237846983,0.37999999999999545,6.500000000000002,1.0600000000000023,1.0177986221513018,3.453333333333333,2.6222756170480457,0.3400000000000034,9.019999999999996,2.409999999999998,20.599999999999994,62.16,0.18727272727272723,0.5650909090909091,0.29999999999999966,2.3373679404169296,-5.059999999999995,2.1799999999999926,1.6400000000000006,10,1.4240000000000008,0.3363595959353315,4,8.199999999999996,2.049999999999999,24,34.74,1.4475000000000005,1.2275789180333787,0.31581818181818183,1,7,6.0,1,1,9.76,1,train,call_c1d95df7a179
153.0,40,23,17,1.3529411764705883,1.5869565217391297,1.0689605604707293,0.4399999999999977,4.399999999999999,1.3399999999999963,0.6735915860500489,4.196470588235293,4.424619957093023,0.6200000000000045,19.319999999999993,2.719999999999999,36.499999999999986,71.33999999999999,0.23856209150326788,0.4662745098039215,1.6083333333333314,2.4175939704715943,-1.3599999999999994,4.380000000000001,2.529999999999994,12,1.3833333333333357,1.389855017509727,7,7.819999999999993,1.117142857142856,32,52.10000000000002,1.6281250000000007,1.304343704703633,0.3405228758169936,11,4,9.019607843137255,1,1,12.06,1,val,call_c21f9cf2390e
151.0,53,27,26,1.0384615384615385,1.5859259259259262,1.5191983191023912,0.20000000000000284,5.1,0.980000000000004,0.9579251428249546,3.209999999999999,2.351205648172867,0.2600000000000051,9.36,3.3799999999999955,42.82000000000001,83.46,0.2835761589403974,0.5527152317880795,-0.5557142857142868,2.4373273959738824,-5.18,2.0600000000000005,0.34999999999999787,14,0.6646153846153844,1.3728110781933023,13,21.38,1.6446153846153846,39,45.81999999999999,1.1748717948717946,0.9108321001753552,0.3034437086092715,13,12,10.728476821192054,1,0,0.96,0,train,call_c337629bcbbb
126.0,35,13,22,0.5909090909090909,2.1953846153846164,1.9667427190857791,0.3400000000000034,7.780000000000001,1.8200000000000074,0.8958533758975163,2.6290909090909094,2.152869423176138,0.35999999999999943,8.379999999999995,2.0900000000000034,28.540000000000013,57.84000000000001,0.2265079365079366,0.45904761904761915,1.5216666666666647,1.1464556712148126,-0.7800000000000011,2.9200000000000017,1.7599999999999998,12,0.5816666666666664,1.4496258660479073,5,6.219999999999999,1.2439999999999998,29,44.67999999999998,1.540689655172413,1.5385195366104445,0.3546031746031744,1,9,6.19047619047619,1,1,9.98,1,train,call_c3417b995627
202.0,43,17,26,0.6538461538461539,3.843529411764708,3.686103873293027,0.4000000000000057,15.83999999999999,3.24,0.9590414117842275,3.6046153846153866,3.32677048293895,0.21999999999999886,12.760000000000005,2.089999999999996,65.34000000000002,93.72000000000006,0.32346534653465353,0.46396039603960426,1.4999999999999973,2.0551463857026544,-1.3600000000000136,7.039999999999999,1.909999999999993,16,0.7746666666666671,2.4396658631479693,6,13.22000000000004,2.20333333333334,36,55.01999999999996,1.5283333333333322,1.2147133700707242,0.2723762376237622,1,10,5.0495049504950495,1,0,10.94,1,train,call_c3a3ab5fa472
209.0,45,32,13,2.4615384615384617,2.315625000000001,1.6915862711973118,0.3200000000000003,5.47999999999999,2.269999999999996,0.7305095908004582,5.632307692307692,4.15715077476179,0.2600000000000193,13.900000000000006,4.799999999999983,74.10000000000004,73.22,0.3545454545454547,0.35033492822966505,4.665714285714281,1.6895251516610374,1.579999999999984,7.159999999999997,4.859999999999999,7,2.010000000000002,0.5253189507337435,0,0.0,0.0,44,60.59999999999996,1.3772727272727263,1.6787070933564947,0.28995215311004763,25,6,9.186602870813397,1,0,13.58,1,train,call_c3e9e24958f7
122.0,27,11,16,0.6875,2.13818181818182,2.073537162347559,0.33999999999999986,5.600000000000001,1.3200000000000074,0.9697665300094868,3.8087500000000003,3.7785285936900554,0.3199999999999932,13.840000000000003,2.5000000000000018,23.520000000000017,60.940000000000005,0.1927868852459018,0.4995081967213115,0.8228571428571413,4.727612908172986,-8.540000000000006,4.820000000000007,2.739999999999995,7,2.056666666666667,0.5875258859545385,2,11.040000000000006,5.520000000000003,24,47.479999999999976,1.9783333333333324,2.3661961157036444,0.38918032786885226,4,9,5.409836065573771,1,0,11.8,1,val,call_c49b6face6c3
177.0,48,25,23,1.0869565217391304,1.8983999999999992,1.6249196903231855,0.22000000000000064,4.9,1.1400000000000006,0.8559416826396893,4.021739130434784,2.733821255335923,0.35999999999999943,10.100000000000009,3.200000000000017,47.45999999999998,92.50000000000003,0.26813559322033886,0.5225988700564973,0.5057142857142847,1.6380368845556623,-3.859999999999985,2.1199999999999903,1.0899999999999963,14,1.3457142857142863,1.1337189604653677,4,7.399999999999981,1.8499999999999952,43,43.039999999999964,1.0009302325581386,0.7142622366019759,0.2431638418079094,11,8,8.47457627118644,1,1,9.32,0,val,call_c4fc8a865292
140.0,32,16,16,1.0,1.7274999999999994,1.731848723185718,0.30000000000000426,5.48,0.8499999999999933,1.0025173506140195,4.72375,3.4056440898406666,0.3400000000000034,14.480000000000004,4.020000000000001,27.63999999999999,75.58,0.19742857142857137,0.5398571428571428,-0.032727272727272674,2.356374719390322,-4.800000000000001,2.0400000000000063,1.2600000000000051,11,2.072727272727273,1.3443890129653013,4,11.060000000000002,2.7650000000000006,27,46.56,1.7244444444444444,1.2627970582229002,0.3325714285714286,5,4,6.857142857142857,1,1,1.18,0,train,call_c509bc8280ae
138.0,40,27,13,2.076923076923077,1.5637037037037038,2.018301167105545,0.20000000000000284,7.020000000000001,0.7399999999999949,1.2907184157235838,4.6338461538461555,4.256096682919569,0.240000000000002,14.86,3.9599999999999995,42.22000000000001,60.24000000000002,0.3059420289855073,0.43652173913043496,-0.6072727272727279,2.2665793209552154,-3.6399999999999997,2.8000000000000043,-0.6000000000000014,11,1.3419999999999987,1.3546118755323728,9,15.179999999999993,1.6866666666666659,30,48.85999999999997,1.6286666666666656,1.3498984210400566,0.35405797101449255,16,2,11.73913043478261,1,0,4.04,1,train,call_c5b04c36bb62
137.0,38,16,22,0.7272727272727273,1.7587500000000003,1.4311295073006747,0.2599999999999909,4.300000000000001,1.1499999999999946,0.813719691428955,3.4263636363636376,1.9068037216505596,0.28000000000000114,7.199999999999989,3.6300000000000026,28.140000000000004,75.38000000000002,0.20540145985401462,0.55021897810219,0.5506666666666671,1.4110556669522631,-2.460000000000008,2.4399999999999977,1.0200000000000031,15,1.34285714285714,0.8095148458887479,5,7.299999999999998,1.4599999999999995,32,40.479999999999976,1.2649999999999992,0.685800685801026,0.29547445255474436,1,7,7.007299270072993,1,0,0.8,0,train,call_c647ee088162
142.0,39,12,27,0.4444444444444444,1.636666666666666,1.4064224978377746,0.480000000000004,4.700000000000003,1.129999999999999,0.859321281774608,2.8770370370370384,2.2604063875854354,0.28000000000000114,7.360000000000001,2.700000000000003,19.639999999999993,77.68000000000002,0.13830985915492952,0.5470422535211269,2.4380000000000006,1.4037869417321769,-0.05999999999999517,4.940000000000005,2.3299999999999983,10,0.7719999999999999,1.2985872665665907,3,2.559999999999995,0.8533333333333317,35,45.61999999999997,1.3034285714285707,1.2810150911935225,0.3212676056338026,2,16,5.070422535211268,1,1,9.58,1,train,call_c67ce09b3316
109.0,30,11,19,0.5789473684210527,2.059999999999999,1.267943216394171,0.46000000000000796,4.019999999999996,2.139999999999997,0.615506415725326,3.0210526315789483,1.8541901338944666,0.3399999999999981,6.720000000000006,3.5600000000000023,22.659999999999993,57.40000000000002,0.20788990825688067,0.5266055045871562,1.2799999999999994,1.4765210075424882,-2.22,2.299999999999997,1.8499999999999952,8,1.16,0.8622893117410516,2,2.48,1.24,27,30.139999999999983,1.1162962962962957,0.8434551109671005,0.27651376146788975,3,10,6.055045871559633,1,1,0.9,0,train,call_c6daaae3eb0f
150.0,39,20,19,1.0526315789473684,2.916999999999998,4.716105775341615,0.20000000000000284,20.0,0.8900000000000017,1.6167657783138902,3.3410526315789495,2.3594865136692613,0.5,7.919999999999995,3.319999999999993,58.33999999999997,63.48000000000004,0.38893333333333313,0.42320000000000024,0.012727272727273425,1.8292134424888238,-3.6599999999999966,1.6799999999999926,0.9400000000000013,11,1.0639999999999996,1.0574938928113635,5,9.519999999999984,1.9039999999999968,33,37.17999999999998,1.126666666666666,0.7561856033188328,0.2478666666666665,9,8,8.0,1,0,1.04,0,train,call_c6e878157063
129.0,34,14,20,0.7,2.7485714285714296,3.8743870128414795,0.3999999999999986,15.44,1.6700000000000017,1.4096002645473154,3.1559999999999997,3.4433618823225047,0.27999999999999403,14.64,1.999999999999993,38.48000000000001,63.11999999999999,0.29829457364341094,0.48930232558139525,0.3716666666666675,1.6575438199792836,-1.2999999999999972,2.6000000000000014,-0.3500000000000014,12,0.8083333333333345,1.6001240482215662,9,11.839999999999996,1.3155555555555551,24,37.940000000000005,1.5808333333333333,0.9806382866660711,0.294108527131783,2,7,6.511627906976744,1,1,9.26,1,train,call_c87e905eb0d7
122.0,42,27,15,1.8,2.201481481481481,2.4867583219056404,0.21999999999999886,10.08,1.2199999999999998,1.1295840291294128,4.390666666666667,3.413250371015595,0.480000000000004,14.36,3.82,59.43999999999999,65.86000000000001,0.4872131147540983,0.5398360655737706,-2.374285714285714,2.8127777518529054,-8.600000000000009,1.6599999999999966,-1.6699999999999986,14,1.0476923076923084,2.5732539512135038,16,40.67999999999999,2.5424999999999995,25,34.87999999999999,1.3951999999999996,1.6329551943230636,0.2859016393442622,13,1,13.278688524590164,1,0,2.64,0,val,call_ca184bb77a63
127.0,34,15,19,0.7894736842105263,2.9733333333333336,2.463477990468723,0.20000000000000284,8.200000000000001,2.3200000000000003,0.8285239878258037,2.993684210526315,2.888544828814357,0.3399999999999963,11.099999999999998,2.3200000000000074,44.6,56.87999999999999,0.35118110236220473,0.44787401574803143,0.92,1.7721891957278555,-1.259999999999991,4.299999999999997,0.8700000000000019,12,0.12181818181818277,2.367318390845721,10,12.600000000000001,1.2600000000000002,23,36.86000000000002,1.6026086956521746,1.2333296300197203,0.29023622047244113,3,7,7.086614173228346,1,0,9.42,1,train,call_ca5206a4f854
115.0,27,10,17,0.5882352941176471,2.2659999999999996,2.3079004407565864,0.38000000000000256,6.34,1.0899999999999999,1.0184909270770464,4.044705882352941,4.415209674589444,0.3400000000000034,17.179999999999993,2.1400000000000006,22.659999999999997,68.76,0.19704347826086954,0.5979130434782609,0.8466666666666663,1.4508273501695526,-1.2199999999999989,2.1599999999999966,1.8000000000000114,9,0.8333333333333341,1.1503043075638724,5,4.760000000000005,0.9520000000000011,21,27.28,1.299047619047619,0.8010612009197846,0.23721739130434782,1,7,5.217391304347826,1,1,9.8,1,train,call_cbad95f3aabc
168.0,64,39,25,1.56,1.8241025641025652,1.6992826937900314,0.2600000000000051,7.780000000000001,1.1800000000000033,0.9315719012905704,3.7752000000000026,3.612493506337878,0.38000000000000256,13.939999999999998,2.5800000000000125,71.14000000000004,94.38000000000007,0.4234523809523812,0.5617857142857147,-1.5652631578947367,3.3362643254278885,-8.219999999999999,3.0999999999999943,-0.3600000000000003,19,-0.18105263157895043,1.7906358111539982,22,52.699999999999996,2.3954545454545455,41,53.19999999999989,1.2975609756097535,1.2202392808129985,0.316666666666666,20,5,13.928571428571429,1,1,0.66,0,train,call_cbb902adb22a
131.0,33,13,20,0.65,2.3369230769230738,2.2471143889270695,0.28000000000000114,7.899999999999999,1.4799999999999898,0.961569685847661,3.2329999999999997,2.8278932087333146,0.3399999999999963,8.739999999999995,2.4099999999999966,30.37999999999996,64.66,0.2319083969465646,0.49358778625954197,1.9488888888888911,1.3936323443114822,-0.6000000000000014,3.6000000000000014,2.3200000000000074,9,1.1822222222222234,0.970383658376646,3,1.2800000000000011,0.426666666666667,29,36.240000000000045,1.2496551724137945,1.0155311163503873,0.2766412213740461,4,10,5.954198473282443,1,1,10.84,1,train,call_ce3072c8e106
174.0,40,18,22,0.8181818181818182,2.4233333333333347,2.223608619815466,0.21999999999999886,6.879999999999999,1.8299999999999974,0.917582649167317,3.520909090909092,3.1306015078361247,0.38000000000000966,11.160000000000025,2.6800000000000055,43.620000000000026,77.46000000000002,0.2506896551724139,0.44517241379310357,2.3933333333333313,3.975474814408965,-7.579999999999998,6.659999999999997,2.920000000000016,9,0.6724999999999999,2.1532417421181496,2,12.060000000000002,6.030000000000001,37,64.15999999999995,1.7340540540540528,2.331565353361771,0.36873563218390776,9,13,6.206896551724138,1,0,11.38,1,train,call_ce6146a1c53e
129.0,26,12,14,0.8571428571428571,2.858333333333332,1.8000496626145575,0.7799999999999994,6.099999999999994,2.4299999999999926,0.6297549840050932,3.844285714285717,3.5033889401455385,0.28000000000000114,10.480000000000004,2.4500000000000024,34.29999999999998,53.82000000000003,0.2658914728682169,0.4172093023255816,2.9550000000000005,0.7961155694998056,2.039999999999999,4.5,2.7299999999999986,8,0.788571428571427,2.7310524746052764,1,5.3799999999999955,5.3799999999999955,24,45.099999999999994,1.8791666666666664,1.6243417841956949,0.3496124031007751,4,6,5.5813953488372094,1,0,10.96,1,train,call_cea74e96e420
119.0,35,12,23,0.5217391304347826,1.831666666666668,1.6108599246892006,0.21999999999999997,4.68,1.6999999999999993,0.8794503683471516,3.011304347826088,2.4541973402683492,0.21999999999999886,8.040000000000006,2.259999999999998,21.980000000000018,69.26000000000002,0.18470588235294133,0.5820168067226892,0.6219999999999968,0.9883521639577671,-1.12,1.9600000000000009,0.9599999999999937,10,1.1222222222222211,0.8180124965087285,4,3.1400000000000103,0.7850000000000026,30,28.95999999999997,0.9653333333333322,0.6396536419103671,0.24336134453781486,2,13,6.050420168067227,1,0,1.06,0,val,call_cf313f91b995
198.0,58,43,15,2.8666666666666667,1.4888372093023248,2.3976587879313453,0.2400000000000002,13.200000000000003,0.4000000000000057,1.6104237407223978,4.3986666666666645,3.6066087487647827,0.20000000000000284,13.120000000000005,3.4200000000000017,64.01999999999997,65.97999999999996,0.3233333333333332,0.33323232323232305,0.21666666666666648,5.487823435626009,-6.3799999999999955,14.519999999999996,-1.019999999999996,12,1.2636363636363668,1.281587084261328,9,21.26,2.3622222222222224,48,88.42000000000009,1.842083333333335,2.827612298752559,0.446565656565657,31,3,13.030303030303031,1,0,3.5,1,train,call_d0442c9e97b7
158.0,36,17,19,0.8947368421052632,1.6411764705882343,0.9664489274719907,0.29999999999999716,3.960000000000001,1.2199999999999989,0.5888756905743316,4.062105263157898,3.2891126445143386,0.4399999999999977,10.740000000000009,2.5200000000000102,27.899999999999984,77.18000000000006,0.17658227848101257,0.48848101265822824,3.684999999999997,0.6823279479630261,2.759999999999991,4.5,3.719999999999999,8,1.837142857142852,1.1926680774034102,1,0.5400000000000063,0.5400000000000063,34,52.67999999999996,1.5494117647058812,1.4495076304616283,0.3334177215189871,9,11,6.455696202531645,1,0,12.34,1,train,call_d13864e1e455
148.0,36,14,22,0.6363636363636364,2.5800000000000014,2.270099963912129,0.21999999999999886,8.100000000000001,2.259999999999998,0.8798837069426851,3.7272727272727266,2.7158269490738913,0.29999999999999716,9.959999999999994,3.6599999999999997,36.12000000000002,81.99999999999999,0.24405405405405417,0.554054054054054,0.3533333333333334,1.2338962679253034,-2.259999999999991,1.3199999999999932,0.980000000000004,9,1.1355555555555528,0.955707998176106,4,4.220000000000002,1.0550000000000006,31,32.81999999999999,1.0587096774193545,0.7825076865883734,0.2217567567567567,5,12,5.675675675675675,1,1,1.06,0,train,call_d13e6463c6fb
153.0,27,8,19,0.42105263157894735,5.827500000000003,4.825941062928254,0.5400000000000063,12.4,6.380000000000003,0.8281323145308025,4.064210526315791,3.0349342218562416,0.4000000000000057,11.259999999999991,3.719999999999999,46.620000000000026,77.22000000000003,0.3047058823529413,0.5047058823529413,1.5599999999999978,3.1497664312498754,-6.060000000000002,4.02000000000001,2.3699999999999974,8,1.2742857142857105,2.403822352995717,2,8.420000000000002,4.210000000000001,24,37.17999999999995,1.5491666666666646,1.4349667975757894,0.2430065359477121,0,11,3.1372549019607847,1,0,9.56,1,train,call_d147a02786d2
151.0,27,10,17,0.5882352941176471,3.2559999999999993,2.291778542723724,0.38000000000000966,6.699999999999999,3.0,0.7038631887972127,4.114117647058825,2.807096050243762,0.3399999999999892,11.52000000000001,3.8200000000000003,32.559999999999995,69.94000000000003,0.21562913907284764,0.46317880794702004,3.6111111111111103,0.6290557297339497,2.780000000000001,4.640000000000001,3.559999999999995,9,1.4775000000000005,0.6699626855280842,1,0.04000000000000625,0.04000000000000625,25,47.67999999999998,1.9071999999999991,1.4641479888772635,0.31576158940397336,1,8,3.9735099337748347,1,0,12.06,1,train,call_d17b2416d506
112.0,37,17,20,0.85,1.5211764705882356,1.5521351517866486,0.20000000000000284,5.460000000000001,0.96,1.020351801251857,2.7400000000000007,2.0349679940584076,0.27999999999999403,8.33999999999999,2.58,25.860000000000007,54.80000000000001,0.2308928571428572,0.4892857142857144,0.5666666666666672,1.3945434791183522,-2.8400000000000034,1.9199999999999946,1.0000000000000018,12,0.8183333333333328,0.8668210818149197,5,5.900000000000007,1.1800000000000013,31,35.51999999999999,1.1458064516129032,0.793258151312456,0.31714285714285706,5,7,9.107142857142858,1,1,0.98,0,train,call_d38f7d5159e7
150.0,41,21,20,1.05,1.6895238095238108,1.604364285910391,0.240000000000002,5.899999999999999,0.9200000000000159,0.9495955469029929,4.570999999999996,2.406644092813412,0.3199999999999932,9.819999999999993,4.18,35.480000000000025,91.41999999999993,0.2365333333333335,0.6094666666666662,-1.2212499999999968,3.0406707045211796,-8.779999999999987,1.6399999999999988,-0.4399999999999977,16,1.5173333333333339,2.204668639393185,10,30.49999999999997,3.049999999999997,30,48.98000000000002,1.6326666666666674,1.8079173259502945,0.32653333333333345,5,4,8.4,1,0,0.54,0,train,call_d3e854cbb77d
136.0,28,11,17,0.6470588235294118,2.574545454545456,2.4872811004643727,0.4000000000000057,8.319999999999999,1.2000000000000028,0.9661049472142685,4.3599999999999985,4.205216997968119,0.3200000000000003,15.279999999999994,3.1599999999999966,28.320000000000014,74.11999999999998,0.20823529411764716,0.5449999999999998,1.8577777777777769,1.116845756783117,-1.0200000000000102,2.700000000000003,2.24,9,1.1775000000000033,1.3479481761975447,2,2.7800000000000082,1.3900000000000041,25,36.00000000000003,1.440000000000001,0.991917335265394,0.2647058823529414,2,8,4.852941176470589,1,0,10.4,1,train,call_d437831f4543
144.0,31,9,22,0.4090909090909091,6.186666666666664,8.689292261168344,0.3399999999999963,25.340000000000003,1.6199999999999974,1.404519223249194,3.1499999999999986,2.7402450359671957,0.2600000000000051,11.04,2.3999999999999986,55.67999999999998,69.29999999999997,0.3866666666666665,0.4812499999999998,0.4742857142857146,1.4494005328969315,-1.3400000000000034,2.0600000000000023,0.6000000000000014,7,-0.8942857142857132,5.479315216164812,4,16.1,4.025,26,34.32000000000004,1.3200000000000014,2.7418592232279173,0.23833333333333362,2,14,3.75,1,1,9.82,1,val,call_d4518fcb700a
143.0,34,22,12,1.8333333333333333,2.2499999999999996,3.367179121771699,0.23999999999999844,16.319999999999997,1.3799999999999955,1.4965240541207554,6.776666666666667,4.939273655348958,1.0799999999999983,20.60000000000001,6.089999999999996,49.49999999999999,81.32000000000001,0.3461538461538461,0.5686713286713287,0.43599999999999994,3.703113404810727,-7.98,3.259999999999998,1.6499999999999986,10,-0.7219999999999999,2.9156809762996283,5,23.800000000000008,4.760000000000002,28,34.22000000000001,1.2221428571428576,0.9563253635966169,0.2393006993006994,12,1,9.230769230769232,1,1,9.18,0,train,call_d557fa43925b
152.0,85,65,20,3.25,1.1427692307692294,1.2847659170208643,0.20000000000000284,6.020000000000003,0.6200000000000045,1.124256658674694,4.146000000000001,2.9011946722541384,0.35999999999999943,10.620000000000005,4.0,74.27999999999993,82.92000000000002,0.48868421052631533,0.5455263157894737,-3.090526315789474,3.062543375990706,-10.299999999999983,1.5600000000000005,-2.6599999999999966,19,0.5222222222222226,1.2351306458906672,23,65.37999999999997,2.8426086956521726,61,59.38000000000004,0.9734426229508203,0.6827563871198907,0.39065789473684237,46,1,25.657894736842106,1,0,1.72,0,train,call_d5d00276dd35
170.0,37,17,20,0.85,2.2494117647058838,2.165422795288011,0.3799999999999999,6.6200000000000045,1.5799999999999983,0.9626618075286654,4.8050000000000015,3.6026941673083908,0.28000000000000114,13.680000000000007,3.720000000000002,38.24000000000002,96.10000000000002,0.22494117647058837,0.565294117647059,0.40222222222222115,1.9662513685804361,-3.0199999999999996,1.8800000000000026,1.2800000000000011,9,1.477777777777777,0.6547094351270977,2,6.039999999999996,3.019999999999998,34,39.83999999999993,1.171764705882351,0.8446640737621409,0.23435294117647018,8,10,6.0,1,1,4.54,0,val,call_d60330be1b1f
169.0,41,20,21,0.9523809523809523,2.329000000000003,2.2189373938655246,0.2600000000000193,7.719999999999999,1.8400000000000034,0.9527425478168836,4.04190476190476,3.4593173012136633,0.4399999999999977,14.819999999999993,2.9200000000000017,46.580000000000055,84.87999999999997,0.27562130177514826,0.502248520710059,0.24199999999999866,2.9585799897172893,-6.399999999999999,2.080000000000001,1.509999999999998,10,1.3559999999999985,1.3409051669177303,3,12.240000000000002,4.080000000000001,37,48.859999999999985,1.3205405405405402,1.26811747165707,0.28911242603550286,10,10,7.100591715976331,1,1,9.3,0,train,call_d72a7cb67eb0
134.0,36,15,21,0.7142857142857143,2.1706666666666674,2.3575152375410204,0.21999999999999886,7.0,0.8399999999999999,1.0860788870735656,3.1742857142857135,2.852522693036062,0.7199999999999989,13.219999999999985,2.42,32.56000000000001,66.65999999999998,0.24298507462686575,0.497462686567164,0.21454545454545418,1.5934639226312126,-2.3999999999999773,2.539999999999999,0.5999999999999996,11,1.6760000000000013,0.9927649380504039,6,6.839999999999973,1.1399999999999955,29,38.49999999999998,1.327586206896551,0.8747801975860398,0.2873134328358207,4,10,6.716417910447761,1,0,0.92,0,train,call_d80d9f6f7884
167.0,39,18,21,0.8571428571428571,2.2266666666666666,1.8335821578025266,0.3199999999999932,5.579999999999998,1.2800000000000011,0.8234650409292785,3.8657142857142865,2.998687331864678,0.27999999999999403,8.879999999999995,2.5600000000000023,40.08,81.18000000000002,0.24,0.48610778443113783,1.6150000000000009,3.0717969274736174,-6.060000000000002,4.159999999999997,2.9100000000000037,12,1.4654545454545465,1.7626137616412996,6,8.980000000000004,1.4966666666666673,31,53.28,1.7187096774193549,1.4895899702837347,0.3190419161676647,6,9,6.467065868263473,1,0,11.76,1,val,call_d88d3c23953c
173.0,32,15,17,0.8823529411764706,3.4746666666666663,3.6982348427839105,0.5,14.61999999999999,2.4399999999999977,1.0643423377160142,4.815294117647061,5.791677345172833,0.28000000000000114,25.0,4.0,52.12,81.86000000000003,0.301271676300578,0.47317919075144527,1.3844444444444453,1.6230458335419171,-1.1999999999999993,2.9200000000000017,2.280000000000001,9,1.6111111111111067,1.5643244903507472,3,4.380000000000006,1.460000000000002,28,41.49999999999997,1.482142857142856,1.0497596096703468,0.23988439306358364,6,7,5.202312138728324,1,1,9.86,1,train,call_d88d8e15e430
95.0,16,8,8,1.0,5.385000000000001,6.428354599517892,0.7199999999999989,18.659999999999997,1.9200000000000017,1.1937520147665537,3.750000000000001,2.5967012040004014,0.3400000000000034,9.059999999999999,3.45,43.080000000000005,30.000000000000007,0.45347368421052636,0.3157894736842106,2.727999999999998,1.360411702390126,0.5799999999999983,4.159999999999999,2.6999999999999957,5,1.1900000000000004,1.2752516091605886,1,0.5600000000000023,0.5600000000000023,14,21.47999999999999,1.5342857142857136,1.33075868635853,0.22610526315789464,3,3,5.052631578947369,1,0,11.86,1,train,call_d89caa393417
160.0,44,25,19,1.3157894736842106,1.2079999999999997,0.9548123724934988,0.29999999999999716,4.139999999999997,0.8400000000000034,0.7904075931237575,3.6294736842105273,2.6840133169155713,0.37999999999999545,9.219999999999999,2.96,30.199999999999996,68.96000000000002,0.18874999999999997,0.43100000000000016,2.215384615384615,2.4118893540977897,-4.419999999999998,4.239999999999995,2.799999999999997,13,1.1046153846153846,1.502645530304333,5,9.45999999999999,1.8919999999999981,38,69.75999999999998,1.8357894736842102,1.5310915229920432,0.43599999999999983,12,5,9.375,1,1,11.34,1,train,call_d9b9c625f406
196.0,43,18,25,0.72,2.8877777777777762,2.395290859301558,0.3799999999999999,9.9,2.5799999999999983,0.8294581659759152,4.247999999999998,3.991895957228014,0.37999999999999545,19.640000000000015,3.1400000000000006,51.97999999999997,106.19999999999996,0.2652040816326529,0.5418367346938774,-0.18769230769230902,3.56698321145043,-11.939999999999998,1.3399999999999999,0.9200000000000017,13,1.7200000000000035,1.2469891010677736,4,12.279999999999992,3.069999999999998,38,49.76000000000007,1.3094736842105281,1.7392495234135228,0.25387755102040854,5,12,5.510204081632653,1,0,3.12,0,train,call_db5326bcb672
160.0,38,16,22,0.7272727272727273,2.250000000000001,1.5850299681709483,0.29999999999999716,4.540000000000006,2.0900000000000034,0.7044577636315323,4.2254545454545465,3.1098564157219433,0.3199999999999932,13.900000000000006,3.609999999999996,36.00000000000001,92.96000000000002,0.22500000000000003,0.5810000000000002,0.14571428571428616,1.5744386754831527,-2.8599999999999994,2.5,0.5800000000000054,14,1.647692307692306,0.8375972963000936,6,9.00000000000001,1.5000000000000018,31,40.05999999999999,1.2922580645161286,0.8177966726818222,0.2503749999999999,2,8,6.0,1,0,0.74,0,val,call_dc1a55102190
163.0,32,13,19,0.6842105263157895,2.7892307692307705,2.0118584341285928,0.29999999999999716,7.640000000000001,2.5400000000000027,0.7212950811823413,4.586315789473685,2.9848361401634302,0.7400000000000091,10.04,4.659999999999997,36.26000000000002,87.14000000000001,0.22245398773006148,0.5346012269938651,1.9199999999999975,0.9319513578150607,-0.6000000000000085,2.719999999999999,2.0900000000000016,10,1.4739999999999973,0.2909066287774555,1,0.6000000000000085,0.6000000000000085,30,38.979999999999976,1.2993333333333326,0.7882321263799562,0.23914110429447838,3,8,4.785276073619632,1,1,10.04,1,train,call_dcdbcc7d70e4
147.0,58,38,20,1.9,1.4421052631578957,1.7081919600571773,0.21999999999999886,7.700000000000003,0.7400000000000091,1.1845126730323485,3.7959999999999994,2.7948644633364714,0.5399999999999991,11.760000000000005,3.4800000000000004,54.80000000000003,75.91999999999999,0.3727891156462587,0.5164625850340135,-1.2670000000000017,3.083444929227528,-11.120000000000005,1.9600000000000009,-0.5,20,0.4042105263157912,1.4581811950717305,20,41.84000000000003,2.0920000000000014,37,57.0,1.5405405405405406,1.3058882586745857,0.3877551020408163,18,0,15.510204081632653,1,0,0.72,0,train,call_ddeabfdb99d4
98.0,32,18,14,1.2857142857142858,1.9300000000000006,1.5204217681094856,0.21999999999999886,5.859999999999999,1.779999999999994,0.7877832995385933,3.401428571428571,2.586276971136033,0.3999999999999986,6.86,3.1799999999999997,34.74000000000001,47.62,0.35448979591836743,0.4859183673469388,-0.3780000000000009,2.5862791805990306,-5.219999999999999,2.3599999999999994,0.6799999999999962,10,0.5022222222222226,1.2312775659632715,8,14.679999999999989,1.8349999999999986,23,29.17999999999999,1.2686956521739126,1.1068353919983935,0.29775510204081623,8,4,11.020408163265307,1,0,8.98,0,train,call_ddf2da1910f1
130.0,29,12,17,0.7058823529411765,3.133333333333333,2.904558590571141,0.4200000000000017,10.780000000000001,2.2399999999999984,0.9269867842248324,3.6023529411764694,2.9268744622287883,0.4200000000000017,9.280000000000001,2.6199999999999903,37.599999999999994,61.23999999999998,0.2892307692307692,0.47107692307692295,1.9725000000000006,1.4383298846727932,-1.039999999999992,4.140000000000001,2.1400000000000023,8,0.6950000000000012,1.8877272805451242,2,4.919999999999995,2.4599999999999973,26,35.28000000000001,1.3569230769230773,1.1532728011386357,0.27138461538461545,4,8,5.538461538461539,1,1,9.18,1,train,call_df3e278ab7fe
169.0,30,14,16,0.875,5.0657142857142885,3.3650824982131105,0.8000000000000114,11.699999999999989,5.010000000000012,0.6642858851520519,4.056249999999998,4.394810386505123,0.23999999999999488,17.519999999999982,2.54,70.92000000000006,64.89999999999998,0.4196449704142015,0.38402366863905313,2.676666666666671,0.5071357477704241,1.9400000000000013,3.1400000000000006,2.8100000000000094,6,0.5480000000000012,3.3841572067503027,1,5.420000000000002,5.420000000000002,28,37.09999999999998,1.3249999999999993,1.235471120216453,0.2195266272189348,8,10,4.970414201183432,1,0,10.22,1,train,call_df75973c8794
147.0,23,13,10,1.3,4.038461538461537,2.448298205399847,1.1199999999999974,10.200000000000003,3.2399999999999984,0.6062452699085338,6.421999999999997,4.018318609125516,0.3200000000000074,14.739999999999995,6.269999999999997,52.499999999999986,64.21999999999996,0.35714285714285704,0.43687074829931943,3.4920000000000018,0.6173491718630553,2.8800000000000097,4.480000000000004,3.4000000000000004,5,0.21999999999999797,3.236046971228945,1,4.6000000000000085,4.6000000000000085,21,34.40000000000006,1.6380952380952412,1.6854068323334237,0.2340136054421773,8,5,5.3061224489795915,1,0,11.06,1,train,call_e0a8703be347
129.0,31,18,13,1.3846153846153846,2.6566666666666663,1.8720388382094817,0.37999999999999545,6.139999999999997,2.170000000000004,0.7046570281842467,3.9169230769230765,2.1589016675746064,0.3199999999999932,9.599999999999998,3.5,47.819999999999986,50.919999999999995,0.3706976744186045,0.3947286821705426,-0.26285714285714207,2.558213662471752,-4.719999999999999,1.9399999999999977,1.3800000000000026,7,1.95142857142857,2.04586924127153,3,8.359999999999992,2.786666666666664,27,36.400000000000006,1.3481481481481483,1.3872303259401375,0.28217054263565894,11,5,8.372093023255815,1,1,1.38,0,train,call_e0c1f661d9ca
170.0,34,15,19,0.7894736842105263,2.2786666666666657,1.9044529273208506,0.28000000000000114,6.1200000000000045,1.4799999999999969,0.8357751290173426,4.001052631578945,3.216633669497146,0.28000000000000114,12.099999999999994,3.6799999999999926,34.179999999999986,76.01999999999995,0.20105882352941168,0.447176470588235,3.3240000000000003,0.650456250130117,2.5600000000000023,4.6,3.230000000000011,10,1.4580000000000044,2.338802162551496,1,4.68,4.68,32,63.02000000000005,1.9693750000000017,1.5048736684733752,0.3707058823529415,5,8,5.294117647058823,1,1,12.78,1,train,call_e106a61086bb
150.0,51,27,24,1.125,1.7748148148148146,1.827058102672519,0.20000000000000284,7.240000000000002,1.0,1.02943590926874,3.332499999999998,2.515412058905451,0.23999999999999488,8.340000000000003,2.789999999999992,47.919999999999995,79.97999999999996,0.3194666666666666,0.5331999999999998,-1.564285714285713,2.5862140856285065,-6.180000000000007,1.6200000000000045,-1.3599999999999977,14,0.9723076923076922,1.0840829753463972,12,29.639999999999983,2.4699999999999984,38,49.96000000000003,1.3147368421052636,1.0992152897410785,0.33306666666666684,13,10,10.8,1,0,1.02,0,train,call_e118b75d4937
108.0,33,27,6,4.5,1.3444444444444439,1.4038883730918794,0.23999999999999488,6.940000000000001,0.9399999999999995,1.0442144923823902,4.433333333333334,4.064040682211076,0.23999999999999844,9.860000000000003,4.419999999999998,36.29999999999998,26.6,0.33611111111111097,0.24629629629629632,-2.4500000000000015,3.0443587173656135,-7.840000000000003,0.3200000000000003,-1.8200000000000003,6,1.7440000000000004,1.2399516119591103,4,15.220000000000004,3.805000000000001,28,53.98000000000002,1.9278571428571436,2.6193487417081056,0.499814814814815,21,0,15.0,1,0,4.0,1,train,call_e2200941723b
206.0,53,24,29,0.8275862068965517,2.460833333333335,1.8378577242247973,0.30000000000000004,6.460000000000008,2.0600000000000023,0.7468436400507129,3.43241379310345,2.2030590018238816,0.240000000000002,7.5,3.4000000000000057,59.060000000000045,99.54000000000005,0.2866990291262138,0.48320388349514587,0.6114285714285677,1.6434993489168501,-2.18,2.8400000000000034,1.25,14,1.1553846153846146,2.2755681172863733,7,12.560000000000016,1.7942857142857167,45,57.99999999999992,1.2888888888888872,1.1883338645925112,0.281553398058252,10,15,6.990291262135923,1,0,1.06,0,val,call_e2d538297f0c
118.0,35,19,16,1.1875,2.2136842105263153,2.7643609077090803,0.259999999999998,12.239999999999995,1.0600000000000005,1.2487602769013917,2.736250000000002,2.9875851452301734,0.2599999999999998,8.579999999999998,1.220000000000006,42.05999999999999,43.78000000000003,0.35644067796610157,0.37101694915254263,0.5950000000000012,3.961323240810048,-7.919999999999995,6.040000000000006,1.0000000000000036,12,-0.21272727272727368,1.9661998418731028,11,24.68,2.2436363636363637,23,51.43999999999998,2.236521739130434,2.4812214893175875,0.43593220338983035,7,4,9.661016949152543,1,0,12.78,1,train,call_e3064936e37a
141.0,25,10,15,0.6666666666666666,3.193999999999998,3.0069112982520076,0.6400000000000006,10.140000000000008,1.609999999999994,0.9414249524896711,3.5173333333333336,2.7999680270283376,0.29999999999999716,9.14,2.6799999999999926,31.939999999999984,52.760000000000005,0.22652482269503535,0.37418439716312063,3.211111111111114,1.794160280217771,-1.2399999999999949,5.079999999999998,3.4399999999999977,9,2.6475,1.0871686687380726,1,1.2399999999999949,1.2399999999999949,23,57.00000000000001,2.4782608695652177,1.5251815157962303,0.4042553191489362,1,6,4.25531914893617,1,0,11.44,1,train,call_e3084824935d
149.0,29,12,17,0.7058823529411765,3.3116666666666656,2.220736296134618,0.6199999999999999,6.940000000000001,2.9800000000000004,0.6705796566083398,4.263529411764705,2.6665636622263276,0.5,8.439999999999984,3.980000000000004,39.73999999999999,72.47999999999999,0.2667114093959731,0.4864429530201342,1.4099999999999993,1.4301281993816706,-1.02,4.759999999999991,1.2399999999999993,10,1.4860000000000015,0.20156057815621192,1,1.02,1.02,27,35.78000000000003,1.3251851851851864,0.9484334061629845,0.24013422818791966,2,6,4.832214765100671,1,1,1.06,0,train,call_e31bf946a8fa
153.0,37,16,21,0.7619047619047619,2.275000000000001,2.2684091341731096,0.5,8.44,1.0999999999999996,0.9971029161200479,3.0961904761904755,3.2618560302233996,0.3199999999999932,15.11999999999999,2.2399999999999984,36.40000000000001,65.01999999999998,0.23790849673202621,0.4249673202614378,2.6450000000000022,3.524489831369721,-5.8799999999999955,5.060000000000002,3.5900000000000034,8,0.27999999999999964,3.466314084634185,2,13.399999999999995,6.6999999999999975,34,64.38000000000001,1.8935294117647057,2.2694958489055757,0.42078431372549024,8,13,6.274509803921569,1,0,12.72,1,val,call_e329faf2b6a1
125.0,25,11,14,0.7857142857142857,2.281818181818183,1.9025972678515977,0.4200000000000017,6.0,1.360000000000003,0.833807567584365,4.854285714285715,5.608270972118169,0.28000000000000114,22.679999999999993,3.3000000000000007,25.100000000000016,67.96000000000001,0.20080000000000012,0.54368,1.2975000000000005,2.44903333699529,-4.68,2.9399999999999977,1.9500000000000028,8,1.4457142857142835,0.37411482831065107,1,4.68,4.68,23,34.97999999999998,1.5208695652173905,1.3722771819248556,0.27983999999999987,3,6,5.279999999999999,1,0,9.72,1,val,call_e3f555297277
118.0,26,13,13,1.0,2.6753846153846155,1.9645721136531464,0.740000000000002,6.74,1.66,0.73431390102044,4.501538461538463,3.608189403181431,1.1400000000000006,14.320000000000007,3.8400000000000034,34.78,58.52000000000001,0.2947457627118644,0.4959322033898306,0.9171428571428569,0.9652929483791309,-1.22,1.6600000000000001,1.2399999999999949,7,1.4428571428571415,0.4632391134074023,1,1.22,1.22,24,25.239999999999977,1.0516666666666656,0.6899506388561217,0.21389830508474558,6,5,6.610169491525424,1,1,0.74,0,train,call_e4d9c2e0947a
125.0,34,15,19,0.7894736842105263,1.8,1.575418311796221,0.3200000000000003,5.059999999999995,1.06,0.875232395442345,3.7410526315789467,2.264866674361113,0.2400000000000091,8.0,3.78,27.0,71.08,0.216,0.56864,-0.3577777777777766,2.6855249848855345,-5.420000000000002,2.0199999999999996,0.9000000000000057,9,1.0533333333333335,1.1395174417269796,4,13.0,3.25,29,38.660000000000004,1.333103448275862,1.256494850902633,0.30928000000000005,6,9,7.199999999999999,1,1,0.58,0,val,call_e58669998b76
133.0,36,20,16,1.25,1.6830000000000005,1.7585074412844075,0.20000000000000107,5.980000000000004,0.7800000000000006,1.0448647898303072,5.11125,3.4483230223786583,0.8399999999999963,13.600000000000009,4.399999999999999,33.66000000000002,81.77999999999999,0.2530827067669174,0.6148872180451127,-2.3399999999999994,3.3958477318899063,-10.040000000000006,1.1999999999999957,-1.6999999999999975,12,1.7783333333333349,1.556743882323461,10,31.459999999999994,3.1459999999999995,25,47.21999999999998,1.8887999999999991,1.6168702277342284,0.35503759398496226,8,3,9.022556390977444,1,1,0.48,0,train,call_e618b7b1fa5b
154.0,25,8,17,0.47058823529411764,4.344999999999998,2.751181564346488,0.38000000000000966,7.679999999999998,4.980000000000004,0.6331833289635188,4.518823529411766,2.7468661287750753,0.5200000000000102,11.220000000000002,3.960000000000008,34.759999999999984,76.82000000000004,0.22571428571428562,0.49883116883116907,3.3099999999999996,0.720555341386074,2.4799999999999898,4.700000000000001,3.0699999999999967,8,1.3500000000000014,0.5327020072905961,0,0.0,0.0,24,40.36,1.6816666666666666,1.3381871795590603,0.2620779220779221,0,8,3.1168831168831166,1,1,12.38,1,train,call_e697765a4dfd
154.0,41,21,20,1.05,1.9771428571428569,2.0327152846799343,0.21999999999999886,7.260000000000005,1.1600000000000001,1.0281074416733773,4.1320000000000014,2.469633682616873,0.35999999999999943,11.0,3.8799999999999923,41.519999999999996,82.64000000000003,0.2696103896103896,0.5366233766233768,0.12166666666666333,1.760670499003323,-2.6799999999999997,2.1400000000000006,0.9800000000000004,12,0.705454545454544,1.224813158292836,9,11.060000000000036,1.228888888888893,31,39.58,1.276774193548387,0.945474791120927,0.257012987012987,9,8,8.181818181818182,1,0,1.02,0,train,call_e69e8ba551e4
119.0,25,9,16,0.5625,2.8777777777777773,2.315371340507705,0.23999999999999844,6.440000000000001,2.280000000000001,0.8045691916822142,3.9087499999999995,2.29612971468658,0.6599999999999966,8.14,4.170000000000002,25.899999999999995,62.54,0.21764705882352936,0.5255462184873949,1.6225000000000005,1.557853376559277,-1.6799999999999997,2.8800000000000097,2.219999999999999,8,0.9300000000000024,0.7921760266145748,2,2.319999999999993,1.1599999999999966,21,31.159999999999997,1.4838095238095237,1.0684684187680815,0.2618487394957983,1,7,4.53781512605042,1,1,10.5,1,train,call_e6c59d28e6d7
143.0,44,21,23,0.9130434782608695,1.267619047619046,1.3584767379749454,0.21999999999999886,4.219999999999999,0.5599999999999881,1.0716758639171258,3.730434782608693,3.0951508676122135,0.2600000000000051,14.540000000000006,3.219999999999999,26.61999999999997,85.79999999999994,0.18615384615384595,0.5999999999999995,-1.090909090909087,2.4739986036594885,-5.780000000000001,1.6400000000000006,-1.0799999999999983,11,1.1520000000000012,0.7679236073117333,8,17.67999999999998,2.2099999999999973,35,45.420000000000066,1.2977142857142878,1.3320110530240177,0.3176223776223781,10,12,8.811188811188812,1,0,9.64,0,val,call_e9bd33cdb226
145.0,43,23,20,1.15,1.6539130434782603,1.8233778323122145,0.21999999999999886,6.0,0.86,1.102462937517901,3.601999999999998,2.3220762034732707,0.38000000000000966,8.739999999999995,4.029999999999994,38.039999999999985,72.03999999999996,0.2623448275862068,0.4968275862068963,-0.9799999999999988,2.7862827258861267,-7.579999999999998,1.7999999999999972,0.46000000000000796,15,2.0014285714285744,2.7156465645838876,9,28.41999999999998,3.157777777777776,33,63.36000000000002,1.9200000000000006,1.6859344589870622,0.43696551724137944,8,5,9.517241379310345,1,0,0.38,0,train,call_eb1c9a5a2c08
148.0,34,16,18,0.8888888888888888,1.5100000000000005,0.7272963632522863,0.2600000000000051,2.6000000000000014,1.3499999999999996,0.4816532206968782,3.958888888888888,3.430798035938384,0.4800000000000004,14.299999999999983,3.0900000000000034,24.160000000000007,71.25999999999998,0.1632432432432433,0.48148648648648634,2.8260000000000014,1.60834075991377,-0.9200000000000017,4.199999999999996,3.3300000000000054,10,1.7311111111111106,1.1415827219746768,2,1.7200000000000024,0.8600000000000012,31,53.880000000000024,1.7380645161290331,1.3866636683176845,0.3640540540540542,6,8,6.486486486486486,1,0,10.88,1,train,call_ec545493459e
134.0,33,16,17,0.9411764705882353,2.056249999999998,2.2739946496565624,0.3200000000000003,8.120000000000005,0.9999999999999947,1.105894054544226,4.143529411764706,2.4721775350297746,0.2599999999999909,8.780000000000001,4.439999999999998,32.89999999999997,70.43999999999998,0.24552238805970128,0.5256716417910446,0.18888888888889108,1.8843330679874806,-3.799999999999997,1.4799999999999969,1.0,9,1.4200000000000033,1.1184811129384362,3,6.999999999999996,2.3333333333333317,29,35.88000000000003,1.2372413793103456,0.980724573799992,0.267761194029851,7,7,7.164179104477612,1,1,0.78,0,train,call_ec58505fc522
79.0,20,15,5,3.0,1.6599999999999997,1.798952075912133,0.2999999999999998,6.920000000000002,1.1400000000000006,1.0837060698265863,3.024,3.044384995364416,0.8400000000000003,8.239999999999998,2.16,24.899999999999995,15.12,0.3151898734177215,0.19139240506329114,-1.3199999999999996,3.0104484715736293,-3.34,2.1400000000000006,-2.76,3,2.1,2.404163056034262,2,6.1,3.05,17,38.02,2.2364705882352944,3.0263363601400757,0.48126582278481017,12,2,11.39240506329114,1,0,4.2,1,train,call_ed020e30c242
156.0,47,22,25,0.88,1.9181818181818182,1.8022621667640129,0.21999999999999886,8.299999999999997,1.3900000000000023,0.9395679542371631,3.150399999999999,2.43283182046492,0.21999999999999886,9.759999999999991,2.9399999999999977,42.2,78.75999999999998,0.27051282051282055,0.5048717948717947,0.5186666666666669,1.0521397698205768,-0.9799999999999898,2.120000000000001,0.6999999999999993,15,0.9942857142857139,1.342200915177493,9,6.2200000000000095,0.6911111111111121,37,40.500000000000036,1.0945945945945954,0.8349537398848799,0.25961538461538486,7,10,8.461538461538462,1,0,10.46,0,train,call_ed041799aed9
160.0,33,12,21,0.5714285714285714,2.7616666666666685,2.624021318279994,0.35999999999999943,9.419999999999998,2.330000000000002,0.9501585944284824,4.342857142857141,2.460733920717847,0.5,9.259999999999991,4.460000000000001,33.14000000000002,91.19999999999996,0.20712500000000014,0.5699999999999997,0.761999999999998,2.4426297304339837,-5.1399999999999935,2.259999999999998,2.020000000000003,10,1.5680000000000007,0.4070708374063006,3,7.100000000000016,2.366666666666672,29,41.10000000000003,1.417241379310346,1.2625679516415385,0.2568750000000002,2,10,4.5,1,1,9.8,1,train,call_ed99e3ea3f0e
196.0,56,24,32,0.75,2.2075000000000014,2.6955474558902743,0.19999999999998863,11.36,1.059999999999988,1.221086050233419,3.051250000000001,2.1014215618588192,0.2600000000000051,6.560000000000002,3.1499999999999972,52.98000000000003,97.64000000000003,0.2703061224489798,0.4981632653061226,0.038888888888889195,2.8047058960608817,-5.239999999999995,3.4199999999999875,1.6000000000000085,18,1.1144444444444437,2.6923928177305996,9,31.219999999999978,3.4688888888888862,46,74.75999999999992,1.6252173913043462,1.3550067472245853,0.381428571428571,6,13,7.346938775510204,1,1,9.7,0,train,call_ee227bc9d7ac
184.0,35,14,21,0.6666666666666666,3.0728571428571407,2.5057055771898735,0.480000000000004,8.5,2.559999999999995,0.8154318475280858,3.7590476190476174,3.02185026889471,0.2599999999999909,12.679999999999978,3.279999999999994,43.01999999999997,78.93999999999996,0.23380434782608678,0.42902173913043457,3.320000000000003,1.9762366030187513,-1.3199999999999932,5.82,3.8599999999999994,10,1.1311111111111092,2.905324613724104,2,7.7599999999999945,3.8799999999999972,32,68.70000000000006,2.1468750000000014,1.8817055364233917,0.3733695652173916,4,11,4.565217391304348,1,0,11.98,1,val,call_eed2c7389776
127.0,32,14,18,0.7777777777777778,2.00142857142857,1.9259916811980158,0.21999999999999997,6.280000000000001,1.33,0.9623084774008651,4.046666666666666,2.7426307679692803,0.2799999999999869,8.76,3.1700000000000017,28.019999999999982,72.83999999999997,0.22062992125984238,0.5735433070866139,-0.8624999999999994,3.236778601369844,-6.1,2.700000000000003,0.6100000000000003,8,1.2900000000000011,0.8369331770560564,4,13.580000000000005,3.3950000000000014,27,38.900000000000034,1.440740740740742,1.6867126104346977,0.30629921259842546,6,9,6.6141732283464565,1,1,1.32,0,train,call_f003741555a1
128.0,37,17,20,0.85,1.828235294117649,1.2495410922320522,0.20000000000000284,5.6,1.3200000000000074,0.6834684223920484,3.325,2.2767093058091303,0.4399999999999977,7.020000000000003,3.1500000000000017,31.080000000000034,66.5,0.24281250000000026,0.51953125,0.464444444444444,1.5583894820543978,-1.6000000000000014,1.9200000000000017,1.6200000000000045,9,1.4511111111111095,0.20423298242720572,4,4.659999999999997,1.1649999999999991,32,33.79999999999996,1.0562499999999988,0.7938381650299159,0.2640624999999997,8,10,7.96875,1,1,10.06,1,train,call_f0ad1cf1aa6a
241.0,75,56,19,2.9473684210526314,1.0467857142857124,0.929361671731257,0.19999999999998863,4.960000000000001,0.7499999999999964,0.8878241831618985,4.109473684210529,2.9821645265071988,0.4199999999999875,10.620000000000005,3.180000000000007,58.6199999999999,78.08000000000003,0.24323651452282116,0.32398340248962665,-1.8849999999999998,3.931672093975474,-10.16000000000001,3.460000000000001,-2.510000000000005,12,2.9181818181818175,4.294428525850252,8,31.68000000000002,3.9600000000000026,66,133.5400000000001,2.0233333333333348,2.8724293300985253,0.5541078838174278,44,7,13.941908713692946,1,0,4.24,1,train,call_f1372119b403
134.0,31,14,17,0.8235294117647058,2.148571428571428,1.6589471041915396,0.29999999999998295,6.479999999999997,2.129999999999999,0.7721163383870199,4.438823529411766,3.109473191621334,0.3199999999999932,11.780000000000001,3.4799999999999898,30.079999999999995,75.46000000000002,0.22447761194029847,0.5631343283582091,0.6059999999999975,1.523681214836108,-1.7800000000000002,3.5,0.8899999999999935,10,1.3111111111111111,0.37337797352161445,3,3.579999999999989,1.1933333333333296,27,30.879999999999963,1.1437037037037023,0.8350225614093779,0.23044776119402957,4,7,6.26865671641791,1,0,0.82,0,val,call_f1b82a4a46f6
146.0,52,30,22,1.3636363636363635,1.7600000000000018,2.3086643399339706,0.20000000000000284,11.599999999999994,1.1700000000000017,1.3117411022352092,3.4818181818181837,2.9872676420715902,0.2600000000000051,13.060000000000002,2.8299999999999974,52.800000000000054,76.60000000000004,0.3616438356164387,0.5246575342465756,-1.1973333333333367,2.053037702898758,-5.740000000000009,1.8799999999999955,-1.3399999999999999,15,0.5757142857142858,0.9269031505769353,14,25.440000000000012,1.817142857142858,37,35.61999999999991,0.9627027027027003,0.8476917962215886,0.24397260273972543,15,7,12.328767123287673,1,0,0.4,0,train,call_f202d4ff9f96
149.0,29,11,18,0.6111111111111112,4.430909090909091,4.441120251795609,0.4399999999999977,14.299999999999997,3.780000000000001,1.0023045295394275,3.6599999999999984,2.112394793760361,0.29999999999999716,7.4,2.909999999999993,48.739999999999995,65.87999999999998,0.3271140939597315,0.4421476510067113,1.484999999999999,1.0162536241369236,-0.4000000000000057,2.219999999999999,1.8799999999999977,8,1.9299999999999984,0.8538986222865446,1,0.4000000000000057,0.4000000000000057,27,33.62000000000002,1.2451851851851858,0.9160381683783287,0.22563758389261757,3,9,4.429530201342282,1,1,9.58,1,train,call_f23bfe7d0e9e
87.0,32,18,14,1.2857142857142858,1.3199999999999985,1.0425534264769472,0.29999999999999716,3.6400000000000006,0.8999999999999977,0.789813201876476,2.647142857142858,1.6879046116478196,0.22000000000001307,5.100000000000001,2.7200000000000006,23.759999999999973,37.06000000000002,0.27310344827586175,0.42597701149425304,1.4800000000000004,2.2366939889041593,-1.120000000000001,4.939999999999998,1.4600000000000009,9,0.6555555555555562,1.4339378570139565,6,5.739999999999995,0.9566666666666658,25,30.58000000000001,1.2232000000000003,1.2665133240515078,0.35149425287356334,9,4,12.413793103448276,1,1,11.8,1,train,call_f27db4ab1f5a
116.0,33,12,21,0.5714285714285714,2.573333333333334,3.5575715244412383,0.28000000000000114,12.12,1.0499999999999972,1.3824759810004807,2.8047619047619032,1.9520031225580028,0.8400000000000003,10.060000000000002,2.3999999999999915,30.88000000000001,58.89999999999997,0.26620689655172425,0.5077586206896549,0.0733333333333298,1.764596271105663,-2.9000000000000057,2.0400000000000063,-0.7000000000000028,9,1.9975000000000036,0.7312171848558883,5,6.560000000000031,1.312000000000006,27,31.480000000000047,1.1659259259259276,0.8866499580714755,0.271379310344828,3,12,6.206896551724138,1,0,9.94,1,train,call_f2ab1c408b36
127.0,35,16,19,0.8421052631578947,1.5687499999999996,1.2633071677149614,0.20000000000000284,3.6799999999999997,1.0899999999999994,0.8052954057147166,3.5715789473684216,2.453897723029164,0.2600000000000051,8.599999999999994,3.4399999999999977,25.099999999999994,67.86000000000003,0.1976377952755905,0.5343307086614175,0.18499999999999872,2.15698653428595,-5.2,1.6999999999999993,1.1599999999999966,12,1.6683333333333328,1.0169636923288619,4,9.420000000000012,2.355000000000003,30,42.080000000000005,1.402666666666667,0.8445318365748598,0.33133858267716537,4,6,7.559055118110236,1,1,1.14,0,train,call_f331303c4fb8
132.0,32,14,18,0.7777777777777778,1.091428571428572,0.5594895632883338,0.240000000000002,2.239999999999995,1.1900000000000013,0.5126213276202007,3.9977777777777783,3.186980048582885,0.29999999999999716,9.86,3.7699999999999996,15.280000000000008,71.96000000000001,0.11575757575757582,0.5451515151515152,3.6057142857142885,0.3397478056273089,2.980000000000004,4.0,3.6599999999999966,7,1.8166666666666644,0.3047403266170525,0,0.0,0.0,31,44.199999999999996,1.425806451612903,1.3319779132141514,0.33484848484848484,7,11,6.363636363636363,1,0,11.22,1,train,call_f5251fb3b1d9
180.0,46,17,29,0.5862068965517241,2.282352941176472,1.2151518907721188,0.38000000000000966,5.200000000000003,2.1199999999999974,0.5324119109053095,3.288275862068966,3.2155226957520537,0.4000000000000057,10.259999999999998,1.9399999999999977,38.80000000000002,95.36,0.21555555555555567,0.5297777777777778,1.8046153846153847,1.693913690169481,-1.240000000000002,4.5,2.0800000000000054,13,0.5969230769230793,1.6740538851113522,7,9.259999999999991,1.3228571428571416,38,53.799999999999976,1.41578947368421,1.055274094223988,0.29888888888888876,4,15,5.666666666666667,1,1,10.38,1,train,call_f68d3459fdc7
159.0,36,15,21,0.7142857142857143,2.521333333333332,2.40217124007983,0.21999999999999886,8.64,1.759999999999998,0.9527384611633387,3.6514285714285717,3.217151357512238,0.4000000000000057,11.579999999999984,2.3400000000000034,37.81999999999998,76.68,0.23786163522012566,0.48226415094339625,1.354545454545454,1.9096825057394398,-1.3599999999999994,3.5999999999999943,2.299999999999997,11,1.7854545454545465,0.7083553294267447,4,3.9599999999999937,0.9899999999999984,31,46.940000000000026,1.5141935483870976,1.1159234567345195,0.2952201257861637,4,9,5.660377358490567,1,1,9.82,1,val,call_f6ce5de7ac09
104.0,22,14,8,1.75,2.3428571428571416,2.180047383293904,0.28000000000000114,8.66,1.9899999999999949,0.9305080294547156,5.722499999999998,5.791278541294412,0.21999999999999886,18.439999999999998,5.229999999999998,32.79999999999998,45.77999999999999,0.3153846153846152,0.44019230769230755,2.445714285714286,0.7799755795932989,1.8400000000000007,4.159999999999997,2.16,7,0.4400000000000019,2.4057597552540457,2,4.859999999999999,2.4299999999999997,19,29.460000000000022,1.5505263157894749,1.0325452569269487,0.283269230769231,7,1,8.076923076923077,1,0,9.46,1,val,call_f9fbabf70f7e
125.0,26,9,17,0.5294117647058824,2.9044444444444446,2.4055514498297015,0.360000000000003,6.920000000000002,2.5799999999999983,0.8282311801249929,3.988235294117646,3.541292552328382,0.4399999999999977,14.739999999999995,3.5600000000000023,26.14,67.79999999999998,0.20912,0.5423999999999999,0.39000000000000123,2.2586721763018205,-5.18,1.4200000000000017,1.2000000000000028,8,1.6974999999999993,0.4808846015417867,1,5.18,5.18,24,34.98000000000002,1.4575000000000007,1.2817828955421227,0.27984000000000014,1,8,4.319999999999999,1,1,9.66,0,val,call_fa26d1186721
209.0,51,24,27,0.8888888888888888,2.430833333333335,2.407697649418315,0.2600000000000051,10.419999999999987,1.5100000000000016,0.9904824063428097,4.165185185185184,3.406105796236616,0.2799999999999869,13.199999999999989,3.200000000000003,58.34000000000004,112.45999999999997,0.2791387559808614,0.5380861244019137,0.2957142857142849,1.4787974027032105,-2.78,2.4799999999999898,0.7800000000000011,14,1.2400000000000002,1.1419012485930926,6,9.020000000000008,1.5033333333333347,44,46.64,1.06,0.7492880341627889,0.2231578947368421,10,12,6.889952153110047,1,1,3.4,0,train,call_fa4d7f2897f4
141.0,34,14,20,0.7,2.8642857142857143,2.8070261139497097,0.6200000000000045,10.98,2.1599999999999966,0.9800091170896742,3.527999999999998,3.4617391430806643,0.23999999999999488,9.260000000000005,1.7200000000000006,40.1,70.55999999999996,0.2843971631205674,0.5004255319148934,3.051111111111112,2.6702829646146315,1.5,10.099999999999998,2.3800000000000097,9,-1.1355555555555548,4.255429211933596,4,18.700000000000003,4.675000000000001,29,48.54000000000004,1.6737931034482776,2.1646385607121963,0.3442553191489365,5,10,5.957446808510638,1,1,9.68,1,val,call_fa9e18dd83dd
178.0,69,43,26,1.6538461538461537,1.147441860465119,1.4164343109560706,0.21999999999999886,6.0800000000000125,0.5199999999999818,1.2344279564473224,4.058461538461539,2.3908620910586924,0.21999999999999886,8.640000000000015,4.070000000000007,49.34000000000011,105.52000000000001,0.2771910112359557,0.592808988764045,-2.2350000000000008,2.634666662227428,-6.740000000000009,2.539999999999992,-2.4199999999999875,20,1.2915789473684174,1.1539173047488431,17,52.02,3.06,51,74.31999999999988,1.457254901960782,1.2957902275158169,0.4175280898876398,23,6,14.494382022471909,1,0,5.34,0,val,call_fb1405943fed
193.0,53,16,37,0.43243243243243246,2.0337500000000004,1.5877819959511656,0.46000000000000796,6.68,1.379999999999999,0.780716408580782,2.6243243243243226,2.3262661314033077,0.3199999999999932,8.319999999999993,1.6400000000000006,32.540000000000006,97.09999999999994,0.16860103626943007,0.5031088082901551,3.1240000000000037,2.8978735498829313,-5.039999999999992,4.5,4.0900000000000105,10,0.8359999999999989,2.1358901345028602,5,9.979999999999983,1.9959999999999964,47,72.62000000000005,1.5451063829787242,1.5595733423522482,0.37626943005181374,6,26,4.974093264248705,1,1,12.34,1,val,call_fc8bda4b3374
185.0,43,17,26,0.6538461538461539,3.125882352941177,2.2512970117898963,0.26000000000000156,8.120000000000005,2.2800000000000002,0.7202116898838583,3.736923076923079,2.0967685026836307,0.4399999999999977,8.319999999999993,4.16,53.14000000000001,97.16000000000005,0.2872432432432433,0.5251891891891894,0.17833333333333212,1.814496340502502,-3.980000000000004,2.799999999999997,0.9199999999999946,12,1.4000000000000001,0.9159595068461348,6,8.460000000000012,1.410000000000002,36,42.259999999999955,1.1738888888888879,0.9088997360318313,0.2284324324324322,5,13,5.513513513513513,1,1,0.5,0,train,call_fce92bad5095
153.0,25,7,18,0.3888888888888889,4.088571428571426,4.0567779849343015,0.37999999999999545,11.899999999999999,2.4199999999999875,0.9922238258050359,3.958888888888885,2.6491239148707026,0.1999999999999993,8.5,3.5999999999999943,28.619999999999983,71.25999999999993,0.18705882352941167,0.46575163398692765,3.0485714285714303,2.434525474443488,-1.2199999999999989,6.320000000000007,2.619999999999999,7,0.4171428571428617,4.3596242738937745,2,10.599999999999998,5.299999999999999,22,62.84000000000009,2.8563636363636404,3.1826113049844325,0.4107189542483666,0,10,2.7450980392156863,1,1,10.12,1,train,call_fdc3a7dac09f
167.0,30,14,16,0.875,5.031428571428576,7.073294148407097,0.4000000000000057,27.58,2.5799999999999983,1.405822232789598,3.3487499999999986,2.7290727973678752,0.2600000000000051,8.580000000000002,3.4699999999999998,70.44000000000005,53.57999999999998,0.42179640718562905,0.32083832335329326,3.2040000000000015,3.35332405565317,-2.1200000000000045,10.299999999999999,3.230000000000004,10,0.04599999999999582,3.859799073642162,5,15.380000000000027,3.0760000000000054,24,57.679999999999986,2.4033333333333324,2.120842053169627,0.3453892215568861,4,5,5.02994011976048,1,1,12.3,1,train,call_fdc44f969ade
142.0,28,12,16,0.75,3.9899999999999998,3.3700229295146564,0.4200000000000017,12.64,4.18,0.8446172755675831,3.778750000000003,2.8488357270997575,0.29999999999999716,10.020000000000003,2.830000000000011,47.879999999999995,60.46000000000004,0.33718309859154927,0.4257746478873243,1.4359999999999986,1.3843185246820098,-1.2199999999999989,2.9000000000000004,1.7999999999999972,10,1.573999999999998,0.46571808353695265,2,2.1400000000000006,1.0700000000000003,25,35.05999999999997,1.402399999999999,0.7710667934751168,0.246901408450704,2,5,5.070422535211268,1,1,11.08,1,train,call_fe828697f60d
188.0,54,36,18,2.0,1.147777777777778,0.9377697283939509,0.21999999999999886,4.220000000000001,0.8900000000000006,0.8170307410983113,3.4555555555555575,3.5335005509821062,0.20000000000001705,13.300000000000004,2.6200000000000094,41.32000000000001,62.20000000000003,0.21978723404255324,0.3308510638297874,-1.110909090909093,4.95375706821692,-10.70000000000001,5.099999999999994,0.14000000000001478,11,1.4236363636363647,1.5588154010483284,7,27.120000000000022,3.8742857142857177,46,110.43999999999998,2.400869565217391,2.4915535769983226,0.5874468085106382,25,6,11.48936170212766,1,1,3.94,1,train,call_fe8e4fc3ef69
212.0,38,20,18,1.1111111111111112,4.743999999999997,4.493488153926047,0.4000000000000057,17.900000000000006,3.469999999999998,0.9471939616201623,4.192222222222218,2.774277978259134,0.2599999999999909,10.060000000000002,3.9400000000000004,94.87999999999994,75.45999999999994,0.4475471698113205,0.3559433962264148,1.8540000000000045,0.26179720735289835,1.4799999999999995,2.3000000000000114,1.8000000000000043,10,1.4266666666666687,1.2969965304502553,1,1.7799999999999994,1.7799999999999994,36,42.06000000000013,1.168333333333337,0.7599003694094181,0.19839622641509497,10,8,5.660377358490567,1,0,9.12,1,train,call_feaca5a8cd14
76.0,26,12,14,0.8571428571428571,1.5849999999999993,1.6339606092948729,0.30000000000000426,4.3799999999999955,0.7500000000000036,1.0308899743185322,2.462857142857142,2.4637789254327567,0.3200000000000003,7.3999999999999995,1.5899999999999963,19.019999999999992,34.48,0.25026315789473674,0.45368421052631575,0.2199999999999991,2.5186239629342575,-4.780000000000001,2.5,0.6399999999999935,7,0.6000000000000006,2.7756080414928923,5,11.32,2.2640000000000002,20,32.92000000000001,1.6460000000000004,1.453997755735617,0.43315789473684224,5,6,9.473684210526317,1,1,9.56,1,train,call_ff4042587962
160.0,38,16,22,0.7272727272727273,4.016249999999999,4.334354046452597,0.41999999999999993,15.719999999999999,2.200000000000001,1.0792042443703946,3.23909090909091,3.0414875888694284,0.28000000000000114,12.740000000000009,2.830000000000004,64.25999999999999,71.26000000000002,0.40162499999999995,0.44537500000000013,-0.504444444444439,2.032529895912424,-3.9599999999999937,1.0199999999999996,0.759999999999998,9,1.0999999999999956,0.8777812939451363,5,10.099999999999948,2.01999999999999,32,33.51999999999996,1.0474999999999988,1.0084129978305245,0.20949999999999974,7,12,6.0,1,1,3.74,0,train,call_fff8cae57de7
